####
#
# OBJ File Generated by Meshlab
#
####
# Object pyr.obj
#
# Vertices: 4143
# Faces: 7586
#
####
mtllib ./pyr.obj.mtl

vn -1.000000 0.000000 0.000000
v 432.228149 4578.767090 5.080006 1.000000 1.000000 1.000000
vn -0.577350 0.577350 0.577350
v 434.788452 4624.446777 12.679653 1.000000 1.000000 1.000000
vn -1.000000 0.000000 0.000000
v 434.788452 4578.767090 10.159996 1.000000 1.000000 1.000000
vn -1.000000 0.000000 0.000000
v 437.308136 4578.767090 15.199345 1.000000 1.000000 1.000000
vn -1.000000 0.000000 0.000000
v 439.868469 4578.767090 20.279324 1.000000 1.000000 1.000000
vn -0.485071 -0.485071 0.727607
v 439.868469 4538.127441 17.759678 1.000000 1.000000 1.000000
vn -1.000000 0.000000 0.000000
v 442.388153 4578.767090 25.359318 1.000000 1.000000 1.000000
vn -1.000000 0.000000 0.000000
v 444.907837 4578.767090 30.479961 1.000000 1.000000 1.000000
vn -0.485071 -0.485071 0.727607
v 455.067810 4553.367188 53.319592 1.000000 1.000000 1.000000
vn -0.485071 -0.485071 0.727607
v 457.628143 4555.887207 58.399570 1.000000 1.000000 1.000000
vn -0.534522 0.267261 0.801784
v 457.628143 4601.606934 53.319576 1.000000 1.000000 1.000000
vn -0.301511 -0.301510 0.904535
v 462.708130 4560.966797 63.479557 1.000000 1.000000 1.000000
vn -0.534522 0.267261 0.801784
v 465.268463 4593.966797 68.559540 1.000000 1.000000 1.000000
vn -0.267261 0.534523 0.801784
v 467.788147 4591.446777 78.719528 1.000000 1.000000 1.000000
vn -0.534522 0.267261 0.801784
v 467.788147 4591.446777 73.639542 1.000000 1.000000 1.000000
vn -0.408248 0.408248 0.816497
v 472.868134 4586.366699 88.879501 1.000000 1.000000 1.000000
vn -0.426401 0.639602 0.639602
v 472.868134 4586.366699 83.799530 1.000000 1.000000 1.000000
vn -0.801784 0.534523 -0.267261
v 475.387817 4576.207031 96.479172 1.000000 1.000000 1.000000
vn 0.666667 -0.333333 0.666667
v 477.948151 4573.646484 88.879501 1.000000 1.000000 1.000000
vn 0.333333 -0.666667 -0.666667
v 477.948151 4573.646484 96.479172 1.000000 1.000000 1.000000
vn 0.666667 0.666667 -0.333333
v 477.948151 4583.847168 96.479172 1.000000 1.000000 1.000000
vn -0.408248 0.816497 -0.408248
v 477.948151 4576.207031 96.479172 1.000000 1.000000 1.000000
vn 0.577350 0.577350 0.577350
v 477.948151 4583.847168 88.879501 1.000000 1.000000 1.000000
vn -0.235702 -0.235702 0.942809
v 480.467834 4581.287109 99.039490 1.000000 1.000000 1.000000
vn -0.666667 -0.666667 0.333333
v 485.588470 4581.287109 96.479172 1.000000 1.000000 1.000000
vn 0.408248 0.816497 0.408248
v 490.668457 4583.847168 83.799530 1.000000 1.000000 1.000000
vn 0.436436 -0.218218 0.872872
v 490.668457 4568.566406 83.799530 1.000000 1.000000 1.000000
vn 0.235702 -0.942809 0.235702
v 490.668457 4573.646484 83.799530 1.000000 1.000000 1.000000
vn 0.577350 0.577350 0.577350
v 490.668457 4583.847168 78.719528 1.000000 1.000000 1.000000
vn -0.534523 0.267261 0.801784
v 490.668457 4576.207031 99.039490 1.000000 1.000000 1.000000
vn -0.666667 -0.666667 0.333333
v 490.668457 4581.287109 96.479172 1.000000 1.000000 1.000000
vn 0.408248 0.816497 0.408248
v 495.707825 4583.847168 73.639542 1.000000 1.000000 1.000000
vn 0.408248 0.408248 0.816497
v 495.707825 4593.966797 68.559540 1.000000 1.000000 1.000000
vn 0.436436 -0.218218 0.872872
v 495.707825 4563.527344 73.639549 1.000000 1.000000 1.000000
vn 0.577350 0.577350 0.577350
v 495.707825 4583.847168 68.559540 1.000000 1.000000 1.000000
vn -0.534523 0.267261 0.801784
v 495.707825 4576.207031 99.039490 1.000000 1.000000 1.000000
vn 0.408248 0.816497 0.408248
v 500.787842 4583.847168 63.479549 1.000000 1.000000 1.000000
vn 0.235702 -0.942809 0.235702
v 500.787842 4573.646484 63.479557 1.000000 1.000000 1.000000
vn 0.666667 -0.333333 0.666667
v 500.787842 4573.646484 58.399563 1.000000 1.000000 1.000000
vn 0.333334 -0.666667 0.666667
v 500.787842 4558.447266 58.399570 1.000000 1.000000 1.000000
vn 0.408248 0.408248 0.816497
v 505.867828 4604.166992 53.319576 1.000000 1.000000 1.000000
vn 0.666667 0.666667 -0.333333
v 505.867828 4583.847168 5.080006 1.000000 1.000000 1.000000
vn 0.436436 0.872872 0.218218
v 505.867828 4583.847168 53.319576 1.000000 1.000000 1.000000
vn 0.235702 -0.942809 0.235702
v 505.867828 4573.646484 53.319584 1.000000 1.000000 1.000000
vn 0.577350 0.577350 0.577350
v 505.867828 4583.847168 50.759266 1.000000 1.000000 1.000000
vn 0.666667 -0.333333 0.666667
v 505.867828 4573.646484 50.759274 1.000000 1.000000 1.000000
vn 0.312348 -0.156174 -0.937042
v 505.867828 4576.207031 0.000019 1.000000 1.000000 1.000000
vn 0.534523 -0.267261 0.801784
v 505.867828 4553.367188 53.319592 1.000000 1.000000 1.000000
vn 0.272166 -0.136083 -0.952579
v 505.867828 4586.366699 0.000015 1.000000 1.000000 1.000000
vn -0.235702 -0.235702 0.942809
v 505.867828 4581.287109 99.039490 1.000000 1.000000 1.000000
vn -0.666667 -0.666667 0.333333
v 505.867828 4581.287109 96.479172 1.000000 1.000000 1.000000
vn 0.235702 -0.942809 0.235702
v 521.107849 4571.126953 22.839649 1.000000 1.000000 1.000000
vn 0.408248 0.816497 0.408248
v 521.107849 4588.927246 22.839642 1.000000 1.000000 1.000000
vn 0.577350 0.577350 0.577350
v 521.107849 4588.927246 17.759655 1.000000 1.000000 1.000000
vn -0.109764 -0.987878 -0.109764
v 521.107849 4573.646484 96.479172 1.000000 1.000000 1.000000
vn -0.577350 0.577350 0.577350
v 521.107849 4583.847168 50.759266 1.000000 1.000000 1.000000
vn -0.801784 -0.534523 0.267261
v 521.107849 4573.646484 50.759274 1.000000 1.000000 1.000000
vn 0.235702 -0.942809 0.235702
v 523.668152 4571.126953 17.759663 1.000000 1.000000 1.000000
vn 0.577350 0.577350 0.577350
v 523.668152 4588.927246 12.679665 1.000000 1.000000 1.000000
vn 0.408248 0.408248 0.816497
v 528.748169 4588.927246 45.679272 1.000000 1.000000 1.000000
vn -0.264906 0.927173 -0.264906
v 528.748169 4588.927246 43.159603 1.000000 1.000000 1.000000
vn -0.235702 0.942809 -0.235702
v 528.748169 4591.446777 43.159603 1.000000 1.000000 1.000000
vn 0.707107 -0.000001 -0.707107
v 528.748169 4588.927246 7.599674 1.000000 1.000000 1.000000
vn 0.942809 -0.235702 -0.235702
v 528.748169 4586.366699 5.080006 1.000000 1.000000 1.000000
vn 1.000000 -0.000000 0.000000
v 528.748169 4571.126953 7.599682 1.000000 1.000000 1.000000
vn 0.408248 0.816497 -0.408248
v 528.748169 4573.646484 0.000019 1.000000 1.000000 1.000000
vn 0.365148 0.182574 -0.912871
v 528.748169 4571.126953 0.000019 1.000000 1.000000 1.000000
vn 0.942809 -0.235702 -0.235702
v 528.748169 4576.207031 5.080010 1.000000 1.000000 1.000000
vn -0.666667 -0.666667 0.333333
v 528.748169 4591.446777 50.759266 1.000000 1.000000 1.000000
vn -0.333333 0.666667 0.666667
v 528.748169 4588.927246 50.759266 1.000000 1.000000 1.000000
vn -0.140028 -0.980196 -0.140028
v 528.748169 4571.126953 43.159611 1.000000 1.000000 1.000000
vn 0.707107 -0.000000 -0.707107
v 528.748169 4571.126953 40.599293 1.000000 1.000000 1.000000
vn 0.000000 0.000000 -1.000000
v 528.748169 4571.126953 27.919643 1.000000 1.000000 1.000000
vn -0.577350 -0.577350 0.577350
v 528.748169 4571.126953 17.759663 1.000000 1.000000 1.000000
vn -0.872872 -0.436435 -0.218220
v 528.748169 4568.566406 43.159611 1.000000 1.000000 1.000000
vn 0.707107 -0.000000 -0.707107
v 528.748169 4571.126953 15.199345 1.000000 1.000000 1.000000
vn -0.577350 -0.577350 0.577350
v 528.748169 4571.126953 10.160000 1.000000 1.000000 1.000000
vn -0.857143 0.285714 0.428571
v 528.748169 4591.446777 7.599674 1.000000 1.000000 1.000000
vn 0.408248 0.408249 0.816496
v 528.748169 4588.927246 10.159992 1.000000 1.000000 1.000000
vn 0.000000 0.447214 0.894427
v 528.748169 4588.927246 17.759655 1.000000 1.000000 1.000000
vn 0.408248 0.408249 0.816496
v 528.748169 4588.927246 30.479954 1.000000 1.000000 1.000000
vn -0.447214 -0.000000 -0.894427
v 528.748169 4588.927246 40.599285 1.000000 1.000000 1.000000
vn 0.666667 -0.333333 0.666667
v 483.028137 4581.287109 96.479172 1.000000 1.000000 1.000000
vn 0.408248 0.408248 0.816497
v 488.108154 4576.207031 99.039490 1.000000 1.000000 1.000000
vn 0.267261 -0.534523 0.801784
v 488.108154 4581.287109 99.039490 1.000000 1.000000 1.000000
vn 0.408248 0.816497 0.408248
v 488.108154 4583.847168 88.879501 1.000000 1.000000 1.000000
vn 0.408248 0.408248 0.816497
v 488.108154 4586.366699 83.799530 1.000000 1.000000 1.000000
vn 0.577350 0.577350 0.577350
v 488.108154 4576.207031 96.479172 1.000000 1.000000 1.000000
vn 0.666667 -0.333333 0.666667
v 488.108154 4571.126953 88.879501 1.000000 1.000000 1.000000
vn 0.235702 -0.942809 0.235702
v 488.108154 4573.646484 88.879501 1.000000 1.000000 1.000000
vn 0.577350 0.577350 0.577350
v 488.108154 4583.847168 83.799530 1.000000 1.000000 1.000000
vn 0.408248 0.816497 0.408248
v 493.188141 4583.847168 78.719528 1.000000 1.000000 1.000000
vn 0.666667 -0.333333 0.666667
v 493.188141 4581.287109 96.479172 1.000000 1.000000 1.000000
vn 0.235702 -0.942809 0.235702
v 493.188141 4573.646484 78.719528 1.000000 1.000000 1.000000
vn 0.666667 -0.333333 0.666667
v 493.188141 4573.646484 73.639549 1.000000 1.000000 1.000000
vn 0.408248 0.408248 0.816497
v 498.268158 4596.526855 68.559540 1.000000 1.000000 1.000000
vn 0.235702 -0.942809 0.235702
v 498.268158 4573.646484 68.559547 1.000000 1.000000 1.000000
vn 0.408248 0.408248 0.816497
v 498.268158 4596.526855 63.479549 1.000000 1.000000 1.000000
vn 0.408248 0.816497 0.408248
v 498.268158 4583.847168 68.559540 1.000000 1.000000 1.000000
vn 0.577350 0.577350 0.577350
v 498.268158 4583.847168 63.479549 1.000000 1.000000 1.000000
vn 0.333333 -0.666666 0.666667
v 498.268158 4560.966797 63.479557 1.000000 1.000000 1.000000
vn 0.408248 0.816497 0.408248
v 503.348145 4583.847168 58.399555 1.000000 1.000000 1.000000
vn 0.408248 0.408248 0.816497
v 503.348145 4601.606934 53.319576 1.000000 1.000000 1.000000
vn 0.577350 0.577350 0.577350
v 503.348145 4576.207031 96.479172 1.000000 1.000000 1.000000
vn 0.235702 -0.942809 0.235702
v 503.348145 4573.646484 58.399563 1.000000 1.000000 1.000000
vn 0.832051 0.554700 0.000000
v 508.428162 4593.966797 48.239582 1.000000 1.000000 1.000000
vn 0.707107 -0.707107 0.000000
v 508.428162 4563.527344 48.239590 1.000000 1.000000 1.000000
vn 0.801784 -0.267261 0.534523
v 508.428162 4571.126953 45.679279 1.000000 1.000000 1.000000
vn 0.408249 -0.408248 0.816497
v 508.428162 4568.566406 43.159611 1.000000 1.000000 1.000000
vn 0.666667 0.666667 -0.333333
v 510.988464 4588.927246 43.159603 1.000000 1.000000 1.000000
vn 0.707107 0.707107 0.000000
v 510.988464 4591.446777 43.159603 1.000000 1.000000 1.000000
vn 0.333333 -0.666667 -0.666667
v 510.988464 4571.126953 43.159611 1.000000 1.000000 1.000000
vn 0.577350 0.577350 0.577350
v 510.988464 4588.927246 38.079609 1.000000 1.000000 1.000000
vn 0.235702 -0.942809 0.235702
v 513.508179 4571.126953 38.079617 1.000000 1.000000 1.000000
vn 0.666667 -0.333333 0.666667
v 516.068481 4571.126953 27.919643 1.000000 1.000000 1.000000
vn 0.577350 0.577350 0.577350
v 516.068481 4588.927246 27.919636 1.000000 1.000000 1.000000
vn 0.235702 -0.942809 0.235702
v 518.588135 4571.126953 27.919643 1.000000 1.000000 1.000000
vn 0.577350 0.577350 0.577350
v 518.588135 4588.927246 22.839642 1.000000 1.000000 1.000000
vn 0.666666 -0.333333 0.666667
v 518.588135 4571.126953 22.839649 1.000000 1.000000 1.000000
vn 0.192450 0.962250 0.192450
v 526.187805 4588.927246 12.679665 1.000000 1.000000 1.000000
vn 0.666667 -0.333333 0.666667
v 526.187805 4571.126953 7.599682 1.000000 1.000000 1.000000
vn 0.099015 -0.990148 0.099015
v 526.187805 4571.126953 12.679672 1.000000 1.000000 1.000000
vn 0.557088 -0.371391 0.742780
v 531.267822 4568.566406 45.679279 1.000000 1.000000 1.000000
vn 0.577350 0.577350 0.577350
v 531.267822 4591.446777 45.679272 1.000000 1.000000 1.000000
vn 0.801784 0.267261 -0.534523
v 531.267822 4571.126953 40.599293 1.000000 1.000000 1.000000
vn 0.942809 -0.235702 -0.235702
v 531.267822 4576.207031 27.919643 1.000000 1.000000 1.000000
vn 0.911685 0.341882 0.227921
v 531.267822 4571.126953 30.479961 1.000000 1.000000 1.000000
vn 0.942809 -0.235702 -0.235702
v 531.267822 4588.927246 27.919636 1.000000 1.000000 1.000000
vn 0.688247 -0.688247 0.229416
v 531.267822 4588.927246 30.479954 1.000000 1.000000 1.000000
vn 0.943456 -0.314486 0.104826
v 531.267822 4568.566895 2.519692 1.000000 1.000000 1.000000
vn 0.801784 -0.534523 0.267261
v 531.267822 4581.287109 17.759663 1.000000 1.000000 1.000000
vn 0.801784 0.267261 -0.534523
v 531.267822 4578.767090 27.919643 1.000000 1.000000 1.000000
vn 0.942809 -0.235702 -0.235702
v 531.267822 4581.287109 27.919643 1.000000 1.000000 1.000000
vn 0.801784 -0.534523 0.267261
v 531.267822 4576.207031 17.759663 1.000000 1.000000 1.000000
vn 0.984732 -0.123092 -0.123091
v 531.267822 4588.927246 15.199337 1.000000 1.000000 1.000000
vn 0.816497 0.408248 0.408248
v 531.267822 4578.767090 17.759663 1.000000 1.000000 1.000000
vn 0.942809 -0.235702 -0.235702
v 531.267822 4578.767090 7.599678 1.000000 1.000000 1.000000
vn 0.857143 0.428572 0.285714
v 531.267822 4571.126953 10.160000 1.000000 1.000000 1.000000
vn 0.688247 -0.688247 0.229416
v 531.267822 4588.927246 10.159992 1.000000 1.000000 1.000000
vn 0.801784 0.267261 -0.534523
v 531.267822 4581.287109 7.599678 1.000000 1.000000 1.000000
vn 0.940721 0.282216 0.188144
v 531.267822 4591.446777 2.519684 1.000000 1.000000 1.000000
vn 0.801784 0.267261 -0.534523
v 531.267822 4571.126953 7.599682 1.000000 1.000000 1.000000
vn 0.577350 -0.577350 -0.577350
v 531.267822 4588.927246 0.000012 1.000000 1.000000 1.000000
vn 0.267261 -0.534523 -0.801783
v 531.267822 4527.967285 0.000053 1.000000 1.000000 1.000000
vn 0.000000 -1.000000 -0.000097
v 480.467834 4530.487305 5.080025 1.000000 1.000000 1.000000
vn 0.000000 -1.000000 0.000000
v 480.467834 4533.047363 10.160015 1.000000 1.000000 1.000000
vn 0.267261 -0.534522 0.801784
v 526.187805 4533.047363 7.599697 1.000000 1.000000 1.000000
vn 0.000000 -1.000000 0.000000
v 480.467834 4535.566895 15.199360 1.000000 1.000000 1.000000
vn 0.000000 -1.000000 0.000000
v 480.467834 4538.127441 20.279339 1.000000 1.000000 1.000000
vn 0.000000 -1.000000 0.000000
v 480.467834 4540.646973 25.359325 1.000000 1.000000 1.000000
vn 0.000000 -1.000000 0.000000
v 480.467834 4543.166504 30.479969 1.000000 1.000000 1.000000
vn 0.000000 -1.000000 0.000000
v 480.467834 4545.727051 35.559948 1.000000 1.000000 1.000000
vn -0.267262 -0.534522 0.801784
v 447.468140 4545.727051 38.079624 1.000000 1.000000 1.000000
vn 0.000000 -1.000000 0.000000
v 480.467834 4548.246582 40.599300 1.000000 1.000000 1.000000
vn 0.485071 -0.485071 0.727607
v 510.988464 4548.246582 43.159618 1.000000 1.000000 1.000000
vn 0.639602 -0.426401 0.639602
v 508.428162 4550.807129 48.239597 1.000000 1.000000 1.000000
vn 0.000000 -1.000000 0.000000
v 480.467834 4550.807129 45.679287 1.000000 1.000000 1.000000
vn 0.267261 -0.534522 0.801784
v 505.867828 4553.367188 48.239597 1.000000 1.000000 1.000000
vn 0.436436 -0.218218 0.872872
v 503.348145 4555.887207 58.399570 1.000000 1.000000 1.000000
vn 0.156175 -0.312347 0.937042
v 503.348145 4555.887207 53.319592 1.000000 1.000000 1.000000
vn 0.666667 -0.333333 0.666667
v 505.867828 4563.527344 48.239590 1.000000 1.000000 1.000000
vn 0.333333 -0.666667 0.666667
v 495.707825 4563.527344 68.559547 1.000000 1.000000 1.000000
vn 0.436436 -0.218218 0.872872
v 493.188141 4566.046875 78.719528 1.000000 1.000000 1.000000
vn -0.485071 -0.485071 0.727607
v 467.788147 4566.046875 78.719528 1.000000 1.000000 1.000000
vn -0.666667 -0.666667 0.333333
v 528.748169 4568.566406 50.759274 1.000000 1.000000 1.000000
vn 0.666667 -0.333333 0.666667
v 505.867828 4568.566406 50.759274 1.000000 1.000000 1.000000
vn 0.333333 -0.666667 0.666667
v 490.668457 4568.566406 78.719528 1.000000 1.000000 1.000000
vn 0.707107 -0.707107 0.000000
v 510.988464 4568.566406 43.159611 1.000000 1.000000 1.000000
vn 0.707107 0.707107 0.000000
v 528.748169 4571.126953 35.559940 1.000000 1.000000 1.000000
vn 0.742781 0.557086 0.371391
v 531.267822 4571.126953 17.759663 1.000000 1.000000 1.000000
vn 0.707107 0.707107 0.000000
v 528.748169 4571.126953 22.839649 1.000000 1.000000 1.000000
vn 0.707107 0.707107 0.000000
v 528.748169 4571.126953 12.679672 1.000000 1.000000 1.000000
vn 0.577350 0.577350 0.577350
v 505.867828 4571.126953 50.759274 1.000000 1.000000 1.000000
vn -0.333333 0.666667 0.666667
v 521.107849 4571.126953 50.759274 1.000000 1.000000 1.000000
vn 0.348156 0.348155 0.870388
v 505.867828 4571.126953 53.319584 1.000000 1.000000 1.000000
vn 0.333333 -0.666667 0.666667
v 488.108154 4571.126953 83.799530 1.000000 1.000000 1.000000
vn 0.666667 -0.666667 -0.333333
v 477.948151 4571.126953 96.479172 1.000000 1.000000 1.000000
vn 0.333333 -0.666667 0.666667
v 523.668152 4571.126953 53.319584 1.000000 1.000000 1.000000
vn -0.408248 -0.816497 -0.408248
v 521.107849 4571.126953 96.479172 1.000000 1.000000 1.000000
vn -0.534523 -0.801784 0.267261
v 475.387817 4571.126953 88.879501 1.000000 1.000000 1.000000
vn 0.577350 0.577350 0.577350
v 508.428162 4576.207031 50.759274 1.000000 1.000000 1.000000
vn 0.577350 0.577350 0.577350
v 523.668152 4576.207031 99.039490 1.000000 1.000000 1.000000
vn 0.000000 0.707107 0.707107
v 523.668152 4576.207031 53.319584 1.000000 1.000000 1.000000
vn 0.408248 0.408248 0.816497
v 503.348145 4576.207031 99.039490 1.000000 1.000000 1.000000
vn -0.333333 0.666667 0.666667
v 505.867828 4576.207031 96.479172 1.000000 1.000000 1.000000
vn 0.577350 0.577350 0.577350
v 498.268158 4576.207031 96.479172 1.000000 1.000000 1.000000
vn 0.408248 0.408248 0.816497
v 498.268158 4576.207031 99.039490 1.000000 1.000000 1.000000
vn -0.333333 0.666667 0.666667
v 500.787842 4576.207031 96.479172 1.000000 1.000000 1.000000
vn 0.408248 0.408248 0.816497
v 493.188141 4576.207031 99.039490 1.000000 1.000000 1.000000
vn -0.333333 0.666667 0.666667
v 495.707825 4576.207031 96.479172 1.000000 1.000000 1.000000
vn 0.577350 0.577350 0.577350
v 483.028137 4576.207031 96.479172 1.000000 1.000000 1.000000
vn 0.408248 0.408248 0.816497
v 483.028137 4576.207031 99.039490 1.000000 1.000000 1.000000
vn -0.333333 0.666667 0.666667
v 480.467834 4576.207031 96.479172 1.000000 1.000000 1.000000
vn -0.534523 0.267261 0.801784
v 480.467834 4576.207031 99.039490 1.000000 1.000000 1.000000
vn 0.801784 -0.267261 0.534523
v 528.748169 4576.207031 17.759663 1.000000 1.000000 1.000000
vn 0.333333 -0.666667 -0.666667
v 528.748169 4576.207031 27.919643 1.000000 1.000000 1.000000
vn 0.333333 -0.666667 -0.666667
v 505.867828 4576.207031 5.080010 1.000000 1.000000 1.000000
vn 0.408248 -0.816497 -0.408248
v 528.748169 4576.207031 0.000019 1.000000 1.000000 1.000000
vn 0.577350 0.577350 0.577350
v 528.748169 4578.767090 17.759663 1.000000 1.000000 1.000000
vn 0.666667 0.666667 -0.333333
v 528.748169 4578.767090 27.919643 1.000000 1.000000 1.000000
vn 0.801784 0.534522 -0.267261
v 528.748169 4581.287109 7.599678 1.000000 1.000000 1.000000
vn 0.666667 0.666667 -0.333333
v 531.267822 4581.287109 0.000015 1.000000 1.000000 1.000000
vn 0.666667 -0.333333 0.666667
v 523.668152 4581.287109 99.039490 1.000000 1.000000 1.000000
vn 0.000001 -0.707107 0.707107
v 523.668152 4581.287109 53.319584 1.000000 1.000000 1.000000
vn 0.666667 -0.333333 0.666667
v 528.748169 4581.287109 17.759663 1.000000 1.000000 1.000000
vn 0.229416 -0.688247 0.688247
v 508.428162 4581.287109 99.039490 1.000000 1.000000 1.000000
vn 0.267261 -0.534523 0.801784
v 503.348145 4581.287109 99.039490 1.000000 1.000000 1.000000
vn -0.235702 -0.235702 0.942809
v 500.787842 4581.287109 99.039490 1.000000 1.000000 1.000000
vn -0.666667 -0.666667 0.333333
v 500.787842 4581.287109 96.479172 1.000000 1.000000 1.000000
vn -0.666667 -0.666667 0.333333
v 495.707825 4581.287109 96.479172 1.000000 1.000000 1.000000
vn -0.235702 -0.235702 0.942809
v 490.668457 4581.287109 99.039490 1.000000 1.000000 1.000000
vn 0.666667 -0.333333 0.666667
v 488.108154 4581.287109 96.479172 1.000000 1.000000 1.000000
vn -0.666667 -0.666667 0.333333
v 480.467834 4581.287109 96.479172 1.000000 1.000000 1.000000
vn -0.801784 -0.534523 0.267261
v 477.948151 4581.287109 88.879501 1.000000 1.000000 1.000000
vn -0.742781 -0.371391 -0.557086
v 475.387817 4581.287109 96.479172 1.000000 1.000000 1.000000
vn 0.408249 0.408249 0.816496
v 523.668152 4586.366699 53.319576 1.000000 1.000000 1.000000
vn 0.577350 0.577350 0.577350
v 488.108154 4586.366699 88.879501 1.000000 1.000000 1.000000
vn 0.333333 -0.666667 -0.666667
v 505.867828 4586.366699 5.080006 1.000000 1.000000 1.000000
vn -0.832050 0.000000 0.554700
v 521.107849 4586.366699 53.319576 1.000000 1.000000 1.000000
vn -0.235702 0.942809 -0.235702
v 521.107849 4586.366699 96.479172 1.000000 1.000000 1.000000
vn 0.408248 0.816497 0.408248
v 523.668152 4586.366699 99.039490 1.000000 1.000000 1.000000
vn 0.333333 0.666667 -0.666667
v 477.948151 4586.366699 96.479172 1.000000 1.000000 1.000000
vn 0.348155 0.870388 0.348155
v 477.948151 4586.366699 88.879501 1.000000 1.000000 1.000000
vn 0.267261 -0.534523 0.801784
v 505.867828 4586.366699 53.319576 1.000000 1.000000 1.000000
vn -0.408248 -0.816497 0.408248
v 521.107849 4586.366699 50.759266 1.000000 1.000000 1.000000
vn 0.577350 0.577350 0.577350
v 505.867828 4588.927246 50.759266 1.000000 1.000000 1.000000
vn 0.942809 -0.235702 -0.235702
v 531.267822 4588.927246 40.599285 1.000000 1.000000 1.000000
vn 0.577350 0.577350 0.577350
v 508.428162 4588.927246 45.679272 1.000000 1.000000 1.000000
vn 0.666667 0.666667 -0.333333
v 508.428162 4588.927246 48.239582 1.000000 1.000000 1.000000
vn 0.707107 -0.707107 0.000000
v 528.748169 4588.927246 35.559933 1.000000 1.000000 1.000000
vn 0.408248 0.408248 0.816497
v 490.668457 4588.927246 83.799530 1.000000 1.000000 1.000000
vn 0.688247 -0.688247 0.229416
v 531.267822 4588.927246 17.759655 1.000000 1.000000 1.000000
vn 0.707107 -0.707107 0.000000
v 528.748169 4588.927246 22.839642 1.000000 1.000000 1.000000
vn -0.447214 -0.000000 -0.894427
v 528.748169 4588.927246 15.199337 1.000000 1.000000 1.000000
vn 0.707107 -0.707107 0.000000
v 528.748169 4588.927246 12.679665 1.000000 1.000000 1.000000
vn 0.942809 -0.235702 -0.235702
v 531.267822 4588.927246 7.599674 1.000000 1.000000 1.000000
vn -0.235703 -0.235702 0.942809
v 528.748169 4591.446777 53.319576 1.000000 1.000000 1.000000
vn 0.267261 -0.534523 0.801784
v 505.867828 4591.446777 53.319576 1.000000 1.000000 1.000000
vn 0.577350 0.577350 0.577350
v 508.428162 4591.446777 43.159603 1.000000 1.000000 1.000000
vn 0.742781 0.557086 0.371391
v 508.428162 4591.446777 45.679272 1.000000 1.000000 1.000000
vn 0.801784 0.534523 -0.267261
v 528.748169 4583.847168 27.919636 1.000000 1.000000 1.000000
vn 0.408248 0.816497 -0.408248
v 528.748169 4583.847168 0.000015 1.000000 1.000000 1.000000
vn 0.577350 0.577350 0.577350
v 505.867828 4593.966797 48.239582 1.000000 1.000000 1.000000
vn 0.324443 0.486664 0.811107
v 505.867828 4593.966797 53.319576 1.000000 1.000000 1.000000
vn -0.267261 0.534523 0.801784
v 462.708130 4596.526855 68.559540 1.000000 1.000000 1.000000
vn -0.267261 0.534523 0.801784
v 460.188477 4599.046387 63.479549 1.000000 1.000000 1.000000
vn -0.267261 0.534523 0.801784
v 457.628143 4601.606934 58.399555 1.000000 1.000000 1.000000
vn -0.267261 0.534523 0.801784
v 455.067810 4604.166992 53.319576 1.000000 1.000000 1.000000
vn 0.485072 0.485072 0.727606
v 505.867828 4604.166992 48.239582 1.000000 1.000000 1.000000
vn 0.000000 1.000000 0.000000
v 480.467834 4606.687012 45.679264 1.000000 1.000000 1.000000
vn 0.000000 1.000000 0.000000
v 480.467834 4609.247070 40.599277 1.000000 1.000000 1.000000
vn -0.577350 0.577350 0.577350
v 449.987823 4609.247070 43.159595 1.000000 1.000000 1.000000
vn 0.000000 1.000000 0.000000
v 480.467834 4611.767090 35.559925 1.000000 1.000000 1.000000
vn -0.485071 0.485071 0.727607
v 447.468140 4611.767090 32.999615 1.000000 1.000000 1.000000
vn 0.000000 1.000000 0.000000
v 480.467834 4614.327148 30.479946 1.000000 1.000000 1.000000
vn -0.577350 0.577350 0.577350
v 442.388153 4616.846680 27.919628 1.000000 1.000000 1.000000
vn 0.000000 1.000000 0.000000
v 480.467834 4616.846680 25.359303 1.000000 1.000000 1.000000
vn -0.577350 0.577350 0.577350
v 439.868469 4619.366699 22.839634 1.000000 1.000000 1.000000
vn 0.000000 1.000000 0.000000
v 480.467834 4619.366699 20.279308 1.000000 1.000000 1.000000
vn 0.000000 1.000000 0.000000
v 480.467834 4621.926758 15.199329 1.000000 1.000000 1.000000
vn -0.577350 0.577350 0.577350
v 437.308136 4621.926758 17.759647 1.000000 1.000000 1.000000
vn -0.408248 0.408248 0.816497
v 437.308136 4621.926758 12.679653 1.000000 1.000000 1.000000
vn 0.000000 1.000000 0.000000
v 480.467834 4624.446777 10.159981 1.000000 1.000000 1.000000
vn 0.000000 1.000000 0.000000
v 480.467834 4627.006836 5.079991 1.000000 1.000000 1.000000
vn 0.485071 0.485071 -0.727607
v 531.267822 4629.526367 0.000026 1.000000 1.000000 1.000000
vn -0.000002 -0.000004 -1.000000
v 503.998383 4599.046387 0.000012 1.000000 1.000000 1.000000
vn 0.365148 -0.182576 -0.912871
v 528.748169 4588.927246 0.000012 1.000000 1.000000 1.000000
vn -0.000000 -0.000001 -1.000000
v 479.837891 4609.247070 0.000008 1.000000 1.000000 1.000000
vn 0.000000 -0.000000 -1.000000
v 454.763000 4619.366699 0.000004 1.000000 1.000000 1.000000
vn 0.000000 -0.000000 -1.000000
v 467.788147 4607.946777 0.000008 1.000000 1.000000 1.000000
vn 0.000000 -0.000001 -1.000000
v 505.258240 4538.736816 0.000031 1.000000 1.000000 1.000000
vn -0.000000 -0.000000 -1.000000
v 503.998383 4560.316895 0.000023 1.000000 1.000000 1.000000
vn -0.000011 0.000024 -1.000000
v 454.458221 4538.736816 0.000031 1.000000 1.000000 1.000000
vn 0.000000 -0.000000 -1.000000
v 467.788147 4551.437012 0.000027 1.000000 1.000000 1.000000
vn -0.436438 -0.218213 -0.872872
v 429.708466 4527.967285 0.000034 1.000000 1.000000 1.000000
vn -0.365148 0.182574 -0.912871
v 429.708466 4629.526367 0.000000 1.000000 1.000000 1.000000
vn 0.000000 0.000000 -1.000000
v 505.867828 4619.366699 0.000004 1.000000 1.000000 1.000000
vn 0.000001 0.000001 -1.000000
v 505.867828 4599.046387 0.000012 1.000000 1.000000 1.000000
vn -0.447214 -0.000000 -0.894427
v 429.708466 4578.767090 0.000015 1.000000 1.000000 1.000000
vn 0.408248 -0.816497 -0.408248
v 528.748169 4586.366699 0.000015 1.000000 1.000000 1.000000
vn 0.192450 0.192450 -0.962251
v 505.867828 4573.646484 0.000019 1.000000 1.000000 1.000000
vn 0.000000 -0.000000 -1.000000
v 467.788147 4582.546875 0.000015 1.000000 1.000000 1.000000
vn 0.235702 0.235702 -0.942809
v 505.867828 4583.847168 0.000015 1.000000 1.000000 1.000000
vn -0.000003 0.000006 -1.000000
v 479.207977 4549.547363 0.000027 1.000000 1.000000 1.000000
vn 0.000000 -0.000000 -1.000000
v 467.788147 4556.517090 0.000023 1.000000 1.000000 1.000000
vn 0.333333 -0.666667 -0.666667
v 531.267822 4578.767090 0.000015 1.000000 1.000000 1.000000
vn 0.365148 0.182574 -0.912871
v 528.748169 4581.287109 0.000015 1.000000 1.000000 1.000000
vn 0.534522 -0.267262 -0.801784
v 528.748169 4578.767090 0.000015 1.000000 1.000000 1.000000
vn 0.801784 0.534522 -0.267261
v 531.267822 4571.126953 0.000019 1.000000 1.000000 1.000000
vn 0.801784 0.267261 -0.534523
v 528.748169 4583.847168 5.080006 1.000000 1.000000 1.000000
vn 0.801784 0.267261 -0.534523
v 528.748169 4573.646484 5.080010 1.000000 1.000000 1.000000
vn 0.666667 0.666667 -0.333333
v 505.867828 4573.646484 5.080010 1.000000 1.000000 1.000000
vn 0.485071 0.485071 0.727607
v 526.187805 4624.446777 7.599663 1.000000 1.000000 1.000000
vn -0.577377 -0.577379 0.577295
v 432.228149 4530.486816 7.599697 1.000000 1.000000 1.000000
vn -0.408248 0.408248 0.816497
v 434.788452 4624.446777 7.599663 1.000000 1.000000 1.000000
vn -0.408248 -0.408248 0.816497
v 434.788452 4533.047363 7.599697 1.000000 1.000000 1.000000
vn 0.485095 -0.485096 0.727574
v 528.748169 4530.486816 7.599697 1.000000 1.000000 1.000000
vn -0.707107 0.000000 0.707107
v 434.788452 4578.767090 7.599678 1.000000 1.000000 1.000000
vn -0.447214 0.000000 0.894427
v 432.228149 4578.117188 7.599678 1.000000 1.000000 1.000000
vn 0.267261 0.534523 0.801784
v 528.748169 4627.006836 7.599663 1.000000 1.000000 1.000000
vn -0.577350 0.577350 0.577350
v 432.228149 4627.006836 7.599663 1.000000 1.000000 1.000000
vn 0.408248 0.408248 0.816497
v 526.187805 4588.927246 7.599674 1.000000 1.000000 1.000000
vn -0.000007 -0.554702 0.832049
v 528.748169 4568.566895 7.599682 1.000000 1.000000 1.000000
vn 0.577350 -0.577350 -0.577350
v 528.748169 4578.767090 7.599678 1.000000 1.000000 1.000000
vn 0.801784 0.267261 -0.534523
v 531.267822 4571.126953 15.199345 1.000000 1.000000 1.000000
vn -0.408248 0.408248 0.816497
v 444.907837 4614.327148 27.919628 1.000000 1.000000 1.000000
vn -0.447214 0.000000 0.894427
v 442.388153 4578.116699 27.919643 1.000000 1.000000 1.000000
vn -0.485071 -0.485071 0.727607
v 444.907837 4543.166504 27.919651 1.000000 1.000000 1.000000
vn -0.707107 0.000000 0.707107
v 444.907837 4578.767090 27.919643 1.000000 1.000000 1.000000
vn 0.485071 0.485071 0.727607
v 516.068481 4614.327148 27.919628 1.000000 1.000000 1.000000
vn -0.485071 -0.485071 0.727607
v 442.388153 4540.646973 27.919651 1.000000 1.000000 1.000000
vn 0.485071 -0.485071 0.727607
v 518.588135 4540.646973 27.919651 1.000000 1.000000 1.000000
vn 0.408248 0.816497 0.408248
v 518.588135 4588.927246 27.919636 1.000000 1.000000 1.000000
vn 0.267261 0.534523 0.801784
v 518.588135 4616.846680 27.919628 1.000000 1.000000 1.000000
vn -0.447214 0.000000 -0.894427
v 528.748169 4588.927246 27.919636 1.000000 1.000000 1.000000
vn 0.267261 -0.534522 0.801784
v 516.068481 4543.166504 27.919651 1.000000 1.000000 1.000000
vn 0.801784 0.267261 -0.534523
v 531.267822 4583.847168 27.919636 1.000000 1.000000 1.000000
vn 0.333333 -0.666667 -0.666667
v 528.748169 4581.287109 27.919643 1.000000 1.000000 1.000000
vn 0.801784 0.267261 -0.534523
v 531.267822 4571.126953 27.919643 1.000000 1.000000 1.000000
vn -0.894430 0.000000 0.447208
v 452.548157 4578.767090 43.159695 1.000000 1.000000 1.000000
vn -0.267269 -0.534522 0.801782
v 452.548157 4550.807129 43.159618 1.000000 1.000000 1.000000
vn 0.485071 -0.485071 0.727607
v 508.428162 4550.807129 43.159618 1.000000 1.000000 1.000000
vn -0.218225 0.436436 0.872870
v 452.548157 4606.687012 43.159595 1.000000 1.000000 1.000000
vn -0.485071 -0.485071 0.727607
v 449.987823 4548.246582 43.159618 1.000000 1.000000 1.000000
vn 0.267261 0.534523 0.801784
v 510.988464 4609.247070 43.159595 1.000000 1.000000 1.000000
vn -0.447225 0.000000 0.894421
v 449.987823 4578.117188 43.159611 1.000000 1.000000 1.000000
vn 0.639602 0.426402 0.639602
v 508.428162 4606.687012 43.159595 1.000000 1.000000 1.000000
vn -0.577350 0.577351 0.577350
v 452.548157 4606.687012 48.239574 1.000000 1.000000 1.000000
vn -0.301511 -0.301511 0.904534
v 455.067810 4553.367188 48.239597 1.000000 1.000000 1.000000
vn -0.485071 -0.485071 0.727607
v 452.548157 4550.807129 48.239597 1.000000 1.000000 1.000000
vn -0.436436 0.218220 0.872871
v 455.067810 4604.166992 48.239582 1.000000 1.000000 1.000000
vn 0.267262 0.534524 0.801783
v 508.428162 4606.687012 48.239571 1.000000 1.000000 1.000000
vn -0.554701 0.000000 0.832050
v 452.548157 4578.117188 48.239590 1.000000 1.000000 1.000000
vn 0.333333 0.666667 -0.666667
v 531.267822 4593.966797 48.239582 0.000000 0.000000 0.000000
vn 0.218218 -0.436436 -0.872872
v 531.267822 4563.527344 48.239590 0.000000 0.000000 0.000000
vn 0.235702 0.235702 -0.942809
v 528.748169 4588.927246 48.239582 1.000000 1.000000 1.000000
vn 0.666666 -0.333334 -0.666667
v 528.748169 4571.126953 48.239590 1.000000 1.000000 1.000000
vn 0.333333 -0.666667 -0.666667
v 508.428162 4571.126953 48.239590 1.000000 1.000000 1.000000
vn 0.666667 -0.333333 0.666667
v 503.348145 4581.287109 96.479172 1.000000 1.000000 1.000000
vn 0.666667 -0.333333 0.666667
v 498.268158 4581.287109 96.479172 1.000000 1.000000 1.000000
vn 0.577350 0.577350 0.577350
v 493.188141 4576.207031 96.479172 1.000000 1.000000 1.000000
vn -0.333333 0.666667 0.666667
v 490.668457 4576.207031 96.479172 1.000000 1.000000 1.000000
vn -0.333333 0.666667 0.666667
v 485.588470 4576.207031 96.479172 1.000000 1.000000 1.000000
vn 0.408248 -0.816497 0.408248
v 477.948151 4581.287109 96.479172 1.000000 1.000000 1.000000
vn -0.707107 0.000000 -0.707107
v 477.948151 4578.726563 96.479172 1.000000 1.000000 1.000000
vn -0.212000 0.953998 -0.212000
v 521.107849 4583.847168 96.479172 1.000000 1.000000 1.000000
vn -0.554704 0.000000 0.832048
v 432.228149 4578.117188 2.519688 1.000000 1.000000 1.000000
vn -0.218220 -0.436435 0.872871
v 429.708466 4527.967285 2.519707 1.000000 1.000000 1.000000
vn -0.577359 -0.577360 0.577332
v 432.228149 4530.487305 2.519707 1.000000 1.000000 1.000000
vn -0.267261 0.534522 0.801784
v 429.708466 4629.526367 2.519673 1.000000 1.000000 1.000000
vn -0.485073 0.485071 0.727606
v 432.228149 4627.006836 2.519673 1.000000 1.000000 1.000000
vn 0.666667 -0.333333 0.666667
v 528.748169 4568.566895 2.519692 1.000000 1.000000 1.000000
vn -0.800002 0.000000 0.599998
v 429.708466 4578.767090 2.519662 1.000000 1.000000 1.000000
vn 0.267266 -0.534534 0.801775
v 528.748169 4530.487305 2.519707 1.000000 1.000000 1.000000
vn 0.408248 0.408248 0.816497
v 528.748169 4627.006836 2.519673 1.000000 1.000000 1.000000
vn 0.408248 0.408248 0.816497
v 531.267822 4629.526367 2.519673 1.000000 1.000000 1.000000
vn 0.577350 0.577350 0.577350
v 528.748169 4591.446777 2.519684 1.000000 1.000000 1.000000
vn 0.534523 -0.267261 0.801784
v 531.267822 4527.967285 2.519707 1.000000 1.000000 1.000000
vn -0.447213 0.000000 0.894427
v 434.788452 4578.116699 12.679668 1.000000 1.000000 1.000000
vn -0.707107 0.000000 0.707107
v 437.308136 4578.767090 12.679668 1.000000 1.000000 1.000000
vn 0.267261 -0.534522 0.801784
v 523.668152 4535.566895 12.679682 1.000000 1.000000 1.000000
vn 0.485071 0.485071 0.727607
v 523.668152 4621.926758 12.679653 1.000000 1.000000 1.000000
vn 0.666666 -0.333333 0.666667
v 523.668152 4571.126953 12.679672 1.000000 1.000000 1.000000
vn -0.485071 -0.485070 0.727607
v 434.788452 4533.047363 12.679689 1.000000 1.000000 1.000000
vn -0.485071 -0.485071 0.727607
v 437.308136 4535.566895 12.679684 1.000000 1.000000 1.000000
vn 0.267261 0.534523 0.801784
v 526.187805 4624.446777 12.679653 1.000000 1.000000 1.000000
vn 0.485071 -0.485071 0.727607
v 526.187805 4533.047363 12.679688 1.000000 1.000000 1.000000
vn -0.408248 0.408248 0.816497
v 439.868469 4619.366699 17.759647 1.000000 1.000000 1.000000
vn -0.447214 0.000000 0.894427
v 437.308136 4578.116699 17.759663 1.000000 1.000000 1.000000
vn 0.267261 -0.534522 0.801784
v 521.107849 4538.127441 17.759678 1.000000 1.000000 1.000000
vn -0.707107 0.000000 0.707107
v 439.868469 4578.767090 17.759663 1.000000 1.000000 1.000000
vn 0.267261 0.534523 0.801784
v 523.668152 4621.926758 17.759647 1.000000 1.000000 1.000000
vn 0.485071 0.485071 0.727607
v 521.107849 4619.366699 17.759647 1.000000 1.000000 1.000000
vn 0.408248 0.816497 0.408248
v 523.668152 4588.927246 17.759655 1.000000 1.000000 1.000000
vn 0.577350 0.577350 0.577350
v 528.748169 4583.847168 17.759655 1.000000 1.000000 1.000000
vn 0.816497 0.408248 0.408248
v 531.267822 4583.847168 17.759655 1.000000 1.000000 1.000000
vn -0.485071 -0.485071 0.727607
v 437.308136 4535.566895 17.759678 1.000000 1.000000 1.000000
vn 0.666667 -0.333333 0.666667
v 521.107849 4571.126953 17.759663 1.000000 1.000000 1.000000
vn 0.485071 -0.485071 0.727607
v 523.668152 4535.566895 17.759678 1.000000 1.000000 1.000000
vn -0.408248 0.408248 0.816497
v 442.388153 4616.846680 22.839634 1.000000 1.000000 1.000000
vn -0.447213 0.000000 0.894427
v 439.868469 4578.117188 22.839649 1.000000 1.000000 1.000000
vn -0.707107 0.000000 0.707107
v 442.388153 4578.767090 22.839649 1.000000 1.000000 1.000000
vn -0.485071 -0.485071 0.727607
v 442.388153 4540.646973 22.839657 1.000000 1.000000 1.000000
vn 0.267261 0.534523 0.801784
v 521.107849 4619.366699 22.839634 1.000000 1.000000 1.000000
vn -0.485071 -0.485070 0.727608
v 439.868469 4538.127441 22.839664 1.000000 1.000000 1.000000
vn 0.485071 0.485071 0.727607
v 518.588135 4616.846680 22.839634 1.000000 1.000000 1.000000
vn 0.485071 -0.485071 0.727608
v 521.107849 4538.127441 22.839664 1.000000 1.000000 1.000000
vn 0.267261 -0.534521 0.801785
v 518.588135 4540.646973 22.839655 1.000000 1.000000 1.000000
vn -0.485071 0.485071 0.727607
v 444.907837 4614.327148 32.999615 1.000000 1.000000 1.000000
vn -0.707107 0.000000 0.707107
v 447.468140 4578.767090 32.999630 1.000000 1.000000 1.000000
vn -0.577350 -0.577350 0.577350
v 444.907837 4543.166504 32.999638 1.000000 1.000000 1.000000
vn 0.235702 -0.942809 0.235702
v 516.068481 4571.126953 32.999630 1.000000 1.000000 1.000000
vn -0.408248 -0.408248 0.816497
v 447.468140 4545.727051 32.999638 1.000000 1.000000 1.000000
vn 0.408248 -0.408248 0.816497
v 516.068481 4543.166504 32.999638 1.000000 1.000000 1.000000
vn 0.333333 -0.666667 0.666667
v 513.508179 4545.727051 32.999638 1.000000 1.000000 1.000000
vn 0.333333 0.666667 0.666667
v 516.068481 4614.327148 32.999615 1.000000 1.000000 1.000000
vn -0.447214 0.000000 0.894427
v 444.907837 4578.117188 32.999630 1.000000 1.000000 1.000000
vn 0.577350 0.577350 0.577350
v 513.508179 4588.927246 32.999622 1.000000 1.000000 1.000000
vn 0.408248 0.816497 0.408248
v 516.068481 4588.927246 32.999622 1.000000 1.000000 1.000000
vn 0.408248 0.408248 0.816497
v 513.508179 4611.767090 32.999615 1.000000 1.000000 1.000000
vn 0.666667 -0.333333 0.666667
v 513.508179 4571.126953 32.999630 1.000000 1.000000 1.000000
vn -0.894430 0.000000 0.447207
v 449.987823 4578.767090 38.079674 1.000000 1.000000 1.000000
vn -0.707113 0.000000 0.707100
v 447.468140 4578.441895 38.079586 1.000000 1.000000 1.000000
vn 0.485071 -0.485071 0.727607
v 513.508179 4545.727051 38.079624 1.000000 1.000000 1.000000
vn 0.267261 -0.534522 0.801784
v 510.988464 4548.246582 38.079624 1.000000 1.000000 1.000000
vn -0.333334 0.666667 0.666667
v 447.468140 4611.767090 38.079601 1.000000 1.000000 1.000000
vn 0.801784 -0.267261 0.534523
v 510.988464 4571.126953 38.079617 1.000000 1.000000 1.000000
vn -0.267270 -0.534521 0.801782
v 449.987823 4548.246582 38.079624 1.000000 1.000000 1.000000
vn -0.218225 0.436435 0.872870
v 449.987823 4609.247070 38.079601 1.000000 1.000000 1.000000
vn 0.408248 0.816497 0.408248
v 513.508179 4588.927246 38.079609 1.000000 1.000000 1.000000
vn 0.267261 0.534523 0.801784
v 513.508179 4611.767090 38.079601 1.000000 1.000000 1.000000
vn 0.639602 0.426402 0.639602
v 510.988464 4609.247070 38.079601 1.000000 1.000000 1.000000
vn 0.333334 -0.666667 0.666667
v 528.748169 4571.126953 45.679279 1.000000 1.000000 1.000000
vn 0.688247 -0.688247 0.229416
v 508.428162 4568.566406 45.679279 1.000000 1.000000 1.000000
vn 0.666667 -0.333333 0.666667
v 505.867828 4591.446777 50.759266 1.000000 1.000000 1.000000
vn 0.666667 -0.333333 0.666667
v 505.867828 4586.366699 50.759266 1.000000 1.000000 1.000000
vn 0.666667 -0.333333 0.666667
v 508.428162 4581.287109 50.759274 1.000000 1.000000 1.000000
vn -0.333333 0.666667 0.666667
v 523.668152 4576.207031 50.759274 1.000000 1.000000 1.000000
vn -0.666667 -0.666667 0.333333
v 523.668152 4581.287109 50.759274 1.000000 1.000000 1.000000
vn 0.577350 0.577350 0.577350
v 505.867828 4566.046875 50.759274 1.000000 1.000000 1.000000
vn -0.333333 0.666667 0.666667
v 528.748169 4566.046875 50.759274 1.000000 1.000000 1.000000
vn 0.408248 0.408248 0.816497
v 531.267822 4593.966797 53.319576 0.000000 0.000000 0.000000
vn 0.192450 0.192450 0.962250
v 503.348145 4583.847168 53.319576 1.000000 1.000000 1.000000
vn -0.436436 0.218218 0.872871
v 528.748169 4588.927246 53.319576 1.000000 1.000000 1.000000
vn -0.109764 -0.109764 0.987878
v 528.748169 4568.566406 53.319584 1.000000 1.000000 1.000000
vn 0.348155 0.348155 0.870388
v 505.867828 4588.927246 53.319576 1.000000 1.000000 1.000000
vn -0.707107 0.000000 0.707107
v 521.107849 4571.126953 53.319584 1.000000 1.000000 1.000000
vn 0.666667 -0.333333 0.666667
v 503.348145 4573.646484 53.319584 1.000000 1.000000 1.000000
vn -0.666667 0.333333 0.666667
v 528.748169 4566.046875 53.319584 1.000000 1.000000 1.000000
vn 0.267263 -0.534522 0.801783
v 505.867828 4568.566406 53.319584 1.000000 1.000000 1.000000
vn 0.162221 -0.162221 0.973329
v 531.267822 4563.527344 53.319584 0.000000 0.000000 0.000000
vn -0.301511 -0.301511 0.904534
v 457.628143 4555.887207 53.319592 1.000000 1.000000 1.000000
vn 0.408249 0.408248 0.816496
v 505.867828 4566.046875 53.319584 1.000000 1.000000 1.000000
vn 0.229417 -0.688247 0.688247
v 505.867828 4563.527344 53.319584 1.000000 1.000000 1.000000
vn -0.534522 0.267261 0.801784
v 460.188477 4599.046387 58.399555 1.000000 1.000000 1.000000
vn 0.408248 0.408248 0.816497
v 503.348145 4601.606934 58.399555 1.000000 1.000000 1.000000
vn 0.408248 0.408248 0.816497
v 500.787842 4599.046387 58.399555 1.000000 1.000000 1.000000
vn 0.577350 0.577350 0.577350
v 500.787842 4583.847168 58.399555 1.000000 1.000000 1.000000
vn -0.301511 -0.301511 0.904534
v 460.188477 4558.447266 58.399570 1.000000 1.000000 1.000000
vn 0.408248 0.408248 0.816497
v 500.787842 4599.046387 63.479549 1.000000 1.000000 1.000000
vn -0.485071 -0.485071 0.727607
v 460.188477 4558.447266 63.479565 1.000000 1.000000 1.000000
vn 0.436435 -0.218217 0.872872
v 500.787842 4558.447266 63.479565 1.000000 1.000000 1.000000
vn -0.534522 0.267262 0.801784
v 462.708130 4596.526855 63.479549 1.000000 1.000000 1.000000
vn 0.666666 -0.333333 0.666667
v 498.268158 4573.646484 63.479557 1.000000 1.000000 1.000000
vn -0.485071 -0.485071 0.727607
v 462.708130 4560.966797 68.559547 1.000000 1.000000 1.000000
vn -0.301511 -0.301511 0.904534
v 465.268463 4563.527344 68.559547 1.000000 1.000000 1.000000
vn 0.666667 -0.333333 0.666667
v 495.707825 4573.646484 68.559547 1.000000 1.000000 1.000000
vn 0.436436 -0.218218 0.872872
v 498.268158 4560.966797 68.559547 1.000000 1.000000 1.000000
vn -0.267261 0.534523 0.801784
v 465.268463 4593.966797 73.639542 1.000000 1.000000 1.000000
vn 0.408248 0.408248 0.816497
v 495.707825 4593.966797 73.639542 1.000000 1.000000 1.000000
vn 0.408248 0.408248 0.816497
v 493.188141 4591.446777 73.639542 1.000000 1.000000 1.000000
vn -0.301511 -0.301511 0.904534
v 467.788147 4566.046875 73.639549 1.000000 1.000000 1.000000
vn -0.485071 -0.485071 0.727607
v 465.268463 4563.527344 73.639549 1.000000 1.000000 1.000000
vn 0.577350 0.577350 0.577350
v 493.188141 4583.847168 73.639542 1.000000 1.000000 1.000000
vn 0.235702 -0.942809 0.235702
v 495.707825 4573.646484 73.639549 1.000000 1.000000 1.000000
vn 0.333333 -0.666667 0.666667
v 493.188141 4566.046875 73.639549 1.000000 1.000000 1.000000
vn -0.534523 0.267261 0.801784
v 470.307831 4588.927246 78.719528 1.000000 1.000000 1.000000
vn 0.408248 0.408248 0.816497
v 490.668457 4588.927246 78.719528 1.000000 1.000000 1.000000
vn 0.408248 0.408248 0.816497
v 493.188141 4591.446777 78.719528 1.000000 1.000000 1.000000
vn -0.301511 -0.301511 0.904534
v 470.307831 4568.566406 78.719528 1.000000 1.000000 1.000000
vn 0.666667 -0.333333 0.666667
v 490.668457 4573.646484 78.719528 1.000000 1.000000 1.000000
vn -0.267261 0.534523 0.801784
v 470.307831 4588.927246 83.799530 1.000000 1.000000 1.000000
vn -0.485071 -0.485071 0.727607
v 470.307831 4568.566406 83.799530 1.000000 1.000000 1.000000
vn -0.229416 -0.688247 0.688247
v 472.868134 4571.126953 83.799530 1.000000 1.000000 1.000000
vn 0.666667 -0.333333 0.666667
v 488.108154 4573.646484 83.799530 1.000000 1.000000 1.000000
vn -0.333333 0.666667 0.666667
v 477.948151 4576.207031 88.879501 1.000000 1.000000 1.000000
vn -0.534523 0.801784 0.267261
v 475.387817 4586.366699 88.879501 1.000000 1.000000 1.000000
vn -0.192450 -0.192450 0.962250
v 475.387817 4581.287109 88.879501 1.000000 1.000000 1.000000
vn -0.301511 0.301511 0.904534
v 475.387817 4576.207031 88.879501 1.000000 1.000000 1.000000
vn -0.534523 -0.267261 0.801784
v 472.868134 4571.126953 88.879501 1.000000 1.000000 1.000000
vn 0.192450 -0.962250 0.192450
v 477.948151 4571.126953 88.879501 1.000000 1.000000 1.000000
vn 0.267261 -0.534523 0.801784
v 483.028137 4581.287109 99.039490 1.000000 1.000000 1.000000
vn -0.514496 -0.685994 0.514496
v 475.387817 4571.126953 99.039490 1.000000 1.000000 1.000000
vn 0.267261 -0.534523 0.801784
v 477.948151 4581.287109 99.039490 1.000000 1.000000 1.000000
vn -0.127775 0.255551 0.958315
v 475.387817 4586.366699 99.039490 1.000000 1.000000 1.000000
vn -0.235702 -0.235702 0.942809
v 495.707825 4581.287109 99.039490 1.000000 1.000000 1.000000
vn -0.534523 0.267261 0.801784
v 500.787842 4576.207031 99.039490 1.000000 1.000000 1.000000
vn 0.267261 -0.534523 0.801784
v 498.268158 4581.287109 99.039490 1.000000 1.000000 1.000000
vn -0.534523 0.267261 0.801784
v 505.867828 4576.207031 99.039490 1.000000 1.000000 1.000000
vn 0.140028 -0.140028 0.980196
v 523.668152 4571.126953 99.039490 1.000000 1.000000 1.000000
vn 0.371391 0.557086 0.742781
v 508.428162 4576.207031 99.039490 1.000000 1.000000 1.000000
vn 0.267261 -0.534523 0.801784
v 493.188141 4581.287109 99.039490 1.000000 1.000000 1.000000
vn -0.235702 -0.235702 0.942809
v 485.588470 4581.287109 99.039490 1.000000 1.000000 1.000000
vn 0.485071 0.485071 0.727607
v 477.948151 4576.207031 99.039490 1.000000 1.000000 1.000000
vn -0.534523 0.267261 0.801784
v 485.588470 4576.207031 99.039490 1.000000 1.000000 1.000000
vn -0.577350 -0.577350 0.577350
v 528.748169 4571.126953 30.479961 1.000000 1.000000 1.000000
vn 1.000000 0.000000 0.000000
v 531.267822 4563.527344 53.319584 0.000000 0.000000 0.000000
vn 1.000000 0.000000 0.000000
v 531.267822 4593.966797 48.239582 0.000000 0.000000 0.000000
vn 0.707107 0.000000 0.707107
v 531.694946 4568.713867 53.202209 0.000000 0.000000 0.000000
vn 0.948683 0.000000 0.316228
v 531.694946 4588.392578 53.202209 0.000000 0.000000 0.000000
vn 0.970143 0.242536 0.000000
v 531.694946 4591.313477 53.202209 0.000000 0.000000 0.000000
vn 0.948683 -0.316228 0.000000
v 531.694946 4568.713867 53.056480 0.000000 0.000000 0.000000
vn 1.000000 0.000000 0.000000
v 531.694946 4588.430664 53.056480 1.000000 1.000000 1.000000
vn 1.000000 0.000000 0.000000
v 531.694946 4591.274902 53.056480 1.000000 1.000000 1.000000
vn 0.970143 -0.242536 0.000000
v 531.694946 4568.713867 52.959324 0.000000 0.000000 0.000000
vn 1.000000 0.000000 0.000000
v 531.694946 4588.430664 52.959324 1.000000 1.000000 1.000000
vn 0.948683 -0.316228 0.000000
v 531.694946 4568.713867 52.862171 0.000000 0.000000 0.000000
vn 1.000000 0.000000 0.000000
v 531.694946 4588.430664 52.862171 1.000000 1.000000 1.000000
vn 1.000000 0.000000 0.000000
v 531.694946 4591.274902 52.862171 1.000000 1.000000 1.000000
vn 1.000000 0.000000 0.000000
v 531.694946 4578.591309 52.765018 1.000000 1.000000 1.000000
vn 1.000000 0.000000 0.000000
v 531.694946 4590.736816 52.716442 1.000000 1.000000 1.000000
vn 0.970143 -0.242536 0.000000
v 531.694946 4568.713867 52.667866 0.000000 0.000000 0.000000
vn 1.000000 0.000000 0.000000
v 531.694946 4578.591309 52.667866 1.000000 1.000000 1.000000
vn 1.000000 0.000000 0.000000
v 531.694946 4591.274902 52.667866 1.000000 1.000000 1.000000
vn 1.000000 0.000000 0.000000
v 531.694946 4578.591309 52.570713 1.000000 1.000000 1.000000
vn 1.000000 0.000000 0.000000
v 531.694946 4590.736816 52.522133 1.000000 1.000000 1.000000
vn 0.980581 -0.196116 0.000000
v 531.694946 4568.713867 52.473557 0.000000 0.000000 0.000000
vn 1.000000 0.000000 0.000000
v 531.694946 4588.430664 52.473557 1.000000 1.000000 1.000000
vn 0.989950 0.141421 0.000000
v 531.694946 4591.313477 52.424980 0.000000 0.000000 0.000000
vn 0.970143 -0.242536 0.000000
v 531.694946 4568.713867 52.376404 0.000000 0.000000 0.000000
vn 1.000000 0.000000 0.000000
v 531.694946 4588.430664 52.376404 1.000000 1.000000 1.000000
vn 0.980581 -0.196116 0.000000
v 531.694946 4568.713867 52.279251 0.000000 0.000000 0.000000
vn 1.000000 0.000000 0.000000
v 531.694946 4591.198242 52.279251 1.000000 1.000000 1.000000
vn 1.000000 0.000000 0.000000
v 531.694946 4584.587402 52.230675 1.000000 1.000000 1.000000
vn 0.999370 -0.012586 0.033199
v 531.694946 4574.479004 52.182098 1.000000 1.000000 1.000000
vn 0.998795 0.000000 0.049078
v 531.694946 4574.517578 52.182098 1.000000 1.000000 1.000000
vn 0.997583 -0.003684 0.069391
v 531.694946 4574.632813 52.182098 1.000000 1.000000 1.000000
vn 0.998918 0.013585 0.044478
v 531.694946 4574.671387 52.182098 1.000000 1.000000 1.000000
vn 0.970134 -0.242571 -0.000350
v 531.694946 4568.713867 52.084946 0.000000 0.000000 0.000000
vn 0.998581 -0.031380 0.043023
v 531.695374 4574.378906 52.098827 1.000000 1.000000 1.000000
vn 0.999240 0.031818 0.022539
v 531.695068 4574.771973 52.110279 1.000000 1.000000 1.000000
vn 1.000000 0.000003 0.000191
v 531.694946 4591.274902 52.084946 1.000000 1.000000 1.000000
vn 0.999989 -0.001843 0.004371
v 531.694946 4574.209961 52.036369 1.000000 1.000000 1.000000
vn 0.999254 0.031532 0.022285
v 531.694946 4574.786621 52.036369 1.000000 1.000000 1.000000
vn 1.000000 0.000001 -0.000444
v 531.694946 4587.047363 52.036369 1.000000 1.000000 1.000000
vn 0.989950 0.141421 0.000000
v 531.694946 4591.313477 52.036369 0.000000 0.000000 0.000000
vn 0.999859 -0.000532 0.016767
v 531.694946 4573.671875 51.987793 1.000000 1.000000 1.000000
vn 0.994372 -0.042459 0.097065
v 531.695801 4574.205566 51.975075 1.000000 1.000000 1.000000
vn 0.977032 -0.063782 0.203323
v 531.705078 4574.481934 52.079250 1.000000 1.000000 1.000000
vn 0.984714 0.083881 0.152654
v 531.698486 4574.781250 51.952103 1.000000 1.000000 1.000000
vn 0.999424 0.007276 0.033136
v 531.694946 4576.093262 51.987793 1.000000 1.000000 1.000000
vn 0.996876 -0.019415 0.076554
v 531.697021 4573.351563 51.902264 1.000000 1.000000 1.000000
vn 0.978508 0.104387 0.177833
v 531.709106 4574.625977 52.068443 1.000000 1.000000 1.000000
vn 0.981834 0.028304 0.187618
v 531.696594 4575.948242 51.953209 1.000000 1.000000 1.000000
vn 0.949911 0.210758 0.230760
v 531.708557 4576.097168 51.844673 1.000000 1.000000 1.000000
vn 0.998355 0.041847 0.039193
v 531.694946 4576.170410 51.939217 1.000000 1.000000 1.000000
vn 0.898412 0.124834 0.421037
v 531.724548 4574.755859 51.869335 1.000000 1.000000 1.000000
vn 0.906005 0.060952 0.418855
v 531.780701 4574.546387 51.940613 1.000000 1.000000 1.000000
vn 0.997510 0.019819 0.067689
v 531.697021 4573.599609 51.881382 1.000000 1.000000 1.000000
vn 0.893440 -0.178797 0.412064
v 531.716370 4574.212891 51.887615 1.000000 1.000000 1.000000
vn 0.874198 0.093382 0.476506
v 531.725708 4575.977051 51.859268 1.000000 1.000000 1.000000
vn 0.998259 0.048171 0.034027
v 531.694946 4576.241211 51.814209 1.000000 1.000000 1.000000
vn 1.000000 0.000000 0.000000
v 531.694946 4590.967285 51.793484 1.000000 1.000000 1.000000
vn 0.998380 -0.046281 0.033085
v 531.695374 4573.188965 51.776379 1.000000 1.000000 1.000000
vn 0.969320 -0.160285 0.186352
v 531.705322 4573.923828 51.822685 1.000000 1.000000 1.000000
vn 0.986342 -0.164693 0.002575
v 531.694946 4568.713867 51.696331 0.000000 0.000000 0.000000
vn 0.923912 -0.090070 0.371851
v 531.886658 4574.367188 51.713951 1.000000 1.000000 1.000000
vn 0.998686 0.039697 0.032423
v 531.694946 4576.362305 51.696331 1.000000 1.000000 1.000000
vn 0.997547 -0.013609 0.068663
v 531.737061 4573.465820 51.706375 1.000000 1.000000 1.000000
vn 0.995530 0.020802 0.092125
v 531.694824 4573.756348 51.703690 1.000000 1.000000 1.000000
vn 0.839156 -0.342820 0.422245
v 531.790039 4574.005859 51.697575 1.000000 1.000000 1.000000
vn 0.912722 0.128787 0.387754
v 531.862366 4574.604980 51.695755 1.000000 1.000000 1.000000
vn 0.905610 0.007464 0.424047
v 531.870361 4574.829590 51.671501 1.000000 1.000000 1.000000
vn 0.998642 -0.017133 0.049202
v 531.694946 4572.403809 51.599178 1.000000 1.000000 1.000000
vn 0.894438 -0.354337 0.272813
v 531.872864 4574.084961 51.605255 1.000000 1.000000 1.000000
vn 0.886542 0.039084 0.460995
v 531.877625 4575.856934 51.659805 1.000000 1.000000 1.000000
vn 0.904307 0.211906 0.370574
v 531.871338 4575.935059 51.655281 1.000000 1.000000 1.000000
vn 0.938473 0.216572 0.269007
v 531.711060 4576.199707 51.643745 1.000000 1.000000 1.000000
vn 0.999999 0.000014 0.001170
v 531.694946 4591.198242 51.599178 1.000000 1.000000 1.000000
vn 0.997928 -0.018022 0.061762
v 531.694946 4572.326660 51.550602 1.000000 1.000000 1.000000
vn 0.916356 -0.068745 0.394419
v 531.707703 4572.466797 51.494026 1.000000 1.000000 1.000000
vn 0.987019 -0.005202 0.160522
v 531.696838 4572.924316 51.584270 1.000000 1.000000 1.000000
vn 0.905282 -0.315882 0.284048
v 531.721008 4573.851563 51.594471 1.000000 1.000000 1.000000
vn 0.984932 0.018969 0.171900
v 531.897156 4574.559570 51.593567 1.000000 1.000000 1.000000
vn 0.983802 0.061553 0.168361
v 531.897400 4575.851074 51.584564 1.000000 1.000000 1.000000
vn 1.000000 0.000024 -0.000360
v 531.694946 4590.583008 51.550602 1.000000 1.000000 1.000000
vn 0.980581 -0.196116 0.000000
v 531.694946 4568.713867 51.502022 0.000000 0.000000 0.000000
vn 0.998883 -0.011544 0.045812
v 531.694946 4571.774414 51.500450 1.000000 1.000000 1.000000
vn 0.986478 -0.130086 0.099690
v 531.899841 4574.135742 51.495529 1.000000 1.000000 1.000000
vn 0.993961 0.068886 0.085413
v 531.695679 4576.391602 51.622734 1.000000 1.000000 1.000000
vn 0.930110 -0.107082 0.351324
v 531.707642 4572.269531 51.408024 1.000000 1.000000 1.000000
vn 0.946738 -0.070173 0.314265
v 531.703613 4573.189453 51.531574 1.000000 1.000000 1.000000
vn 0.954250 -0.074942 0.289466
v 531.725342 4573.376465 51.540703 1.000000 1.000000 1.000000
vn 0.920594 -0.016116 0.390188
v 531.730835 4573.562012 51.538261 1.000000 1.000000 1.000000
vn 0.901637 -0.222710 0.370745
v 531.857056 4573.968262 51.411228 1.000000 1.000000 1.000000
vn 0.944276 0.241147 0.224035
v 531.881531 4576.037598 51.463024 1.000000 1.000000 1.000000
vn 0.997270 0.041014 0.061404
v 531.694824 4576.598633 51.454845 1.000000 1.000000 1.000000
vn 0.999999 0.000007 -0.001511
v 531.694946 4588.892090 51.453449 1.000000 1.000000 1.000000
vn 0.998627 -0.026535 0.045175
v 531.694946 4571.558105 51.404869 1.000000 1.000000 1.000000
vn 0.872389 -0.000193 0.488812
v 531.726257 4572.910645 51.495476 1.000000 1.000000 1.000000
vn 0.883118 0.269134 0.384278
v 531.880310 4576.253906 51.368011 1.000000 1.000000 1.000000
vn 0.863863 0.315278 0.392861
v 531.723938 4576.354492 51.534840 1.000000 1.000000 1.000000
vn 0.949466 -0.058113 0.308443
v 531.705139 4571.826660 51.402748 1.000000 1.000000 1.000000
vn 0.860264 -0.008508 0.509778
v 531.862854 4572.915039 51.316059 1.000000 1.000000 1.000000
vn 0.881609 -0.059913 0.468162
v 531.861938 4573.365234 51.348194 1.000000 1.000000 1.000000
vn 0.907093 -0.036479 0.419347
v 531.874939 4573.718750 51.373711 1.000000 1.000000 1.000000
vn 0.999575 0.021024 0.020173
v 531.900757 4575.863770 51.353260 1.000000 1.000000 1.000000
vn 0.999680 0.011233 0.022676
v 531.694946 4576.977539 51.307716 1.000000 1.000000 1.000000
vn 0.990589 -0.086996 0.105662
v 531.696350 4571.423828 51.263481 1.000000 1.000000 1.000000
vn 0.861161 -0.096280 0.499131
v 531.855774 4572.319824 51.217491 1.000000 1.000000 1.000000
vn 0.880084 -0.017953 0.474479
v 531.874878 4573.110352 51.285660 1.000000 1.000000 1.000000
vn 0.999850 0.011361 0.013076
v 531.694946 4577.054199 51.259140 1.000000 1.000000 1.000000
vn 1.000000 0.000016 -0.000616
v 531.694946 4586.854980 51.259140 1.000000 1.000000 1.000000
vn 1.000000 -0.000001 0.000103
v 531.694946 4591.159668 51.259140 1.000000 1.000000 1.000000
vn 0.892510 -0.128095 0.432455
v 531.875671 4572.511230 51.272041 1.000000 1.000000 1.000000
vn 0.990878 -0.016194 0.133789
v 531.899658 4573.578613 51.240108 1.000000 1.000000 1.000000
vn 0.988499 -0.061428 0.138186
v 531.896790 4574.002930 51.305649 1.000000 1.000000 1.000000
vn 0.917819 0.222504 0.328786
v 531.718262 4576.562012 51.338570 1.000000 1.000000 1.000000
vn 0.999854 -0.003235 0.016798
v 531.694946 4583.434082 51.210564 1.000000 1.000000 1.000000
vn 0.999999 0.000943 -0.000938
v 531.694946 4583.549805 51.210564 1.000000 1.000000 1.000000
vn 0.999206 0.002293 0.039773
v 531.694946 4584.703125 51.209106 1.000000 1.000000 1.000000
vn 0.921633 -0.195101 0.335452
v 531.706360 4571.554199 51.271641 1.000000 1.000000 1.000000
vn 0.974440 -0.011362 0.224363
v 531.895508 4572.791016 51.228569 1.000000 1.000000 1.000000
vn 0.986110 -0.005776 0.165996
v 531.897705 4573.251953 51.231590 1.000000 1.000000 1.000000
vn 0.858190 0.291438 0.422580
v 531.864929 4576.487793 51.164253 1.000000 1.000000 1.000000
vn 0.987196 -0.037467 0.155048
v 531.697205 4583.511230 51.171894 1.000000 1.000000 1.000000
vn 0.999823 0.001692 0.018745
v 531.694946 4585.279297 51.161987 1.000000 1.000000 1.000000
vn 0.993883 0.110434 0.000078
v 531.694946 4591.313477 51.161987 0.000000 0.000000 0.000000
vn 0.999960 0.001709 0.008785
v 531.900879 4575.632324 51.113411 1.000000 1.000000 1.000000
vn 0.989217 0.083126 0.120584
v 531.895691 4576.334961 51.203922 1.000000 1.000000 1.000000
vn 0.981593 0.101416 0.161831
v 531.699097 4576.933105 51.237652 1.000000 1.000000 1.000000
vn 0.998897 0.024773 0.039879
v 531.694885 4577.154785 51.133915 1.000000 1.000000 1.000000
vn 0.999492 -0.012974 0.029099
v 531.694946 4583.301270 51.137058 1.000000 1.000000 1.000000
vn 0.961827 0.025635 0.272454
v 531.701355 4584.706055 51.139107 1.000000 1.000000 1.000000
vn 0.888797 -0.368952 0.271870
v 531.732056 4571.390137 51.092930 1.000000 1.000000 1.000000
vn 0.985360 -0.041415 0.165378
v 531.897461 4572.401855 51.132591 1.000000 1.000000 1.000000
vn 0.923665 0.195516 0.329569
v 531.712036 4577.240723 50.928368 1.000000 1.000000 1.000000
vn 0.987627 0.013378 0.156250
v 531.697388 4585.267090 51.097221 1.000000 1.000000 1.000000
vn 0.997144 0.011812 0.074595
v 531.695007 4585.933105 51.094326 1.000000 1.000000 1.000000
vn 0.987178 -0.080071 0.138091
v 531.697327 4571.086426 51.009460 1.000000 1.000000 1.000000
vn 0.955449 -0.163756 0.245563
v 531.701111 4571.265137 51.052383 1.000000 1.000000 1.000000
vn 0.936960 0.037133 0.347458
v 531.910706 4573.500000 50.962326 1.000000 1.000000 1.000000
vn 0.995485 0.004021 0.094838
v 531.900879 4574.940430 51.016258 1.000000 1.000000 1.000000
vn 0.974639 -0.004714 0.223732
v 531.903992 4575.516602 50.975365 1.000000 1.000000 1.000000
vn 0.835627 0.275846 0.475012
v 531.737915 4576.916992 51.151089 1.000000 1.000000 1.000000
vn 0.998945 0.022158 0.040229
v 531.694946 4577.359863 51.039566 1.000000 1.000000 1.000000
vn 0.999585 -0.014619 0.024818
v 531.694946 4583.116699 51.041313 1.000000 1.000000 1.000000
vn 0.892023 -0.058488 0.448190
v 531.723511 4583.565918 51.085339 1.000000 1.000000 1.000000
vn 0.999086 0.015894 0.039687
v 531.694946 4586.409180 51.015053 1.000000 1.000000 1.000000
vn 0.945569 -0.233371 0.226798
v 531.890015 4571.577637 51.001503 1.000000 1.000000 1.000000
vn 0.925287 -0.100640 0.365671
v 531.891602 4571.857910 51.136883 1.000000 1.000000 1.000000
vn 0.993207 -0.023455 0.113972
v 531.902771 4573.011230 50.997902 1.000000 1.000000 1.000000
vn 0.897782 0.242662 0.367564
v 531.882568 4576.870117 50.971088 1.000000 1.000000 1.000000
vn 0.867587 -0.188048 0.460360
v 531.729004 4583.459473 51.037834 1.000000 1.000000 1.000000
vn 0.840147 0.047805 0.540248
v 531.741455 4584.658691 51.059460 1.000000 1.000000 1.000000
vn 0.846740 0.077763 0.526292
v 531.726074 4584.854492 51.038445 1.000000 1.000000 1.000000
vn 0.876576 0.041737 0.479450
v 531.726746 4585.311523 51.000160 1.000000 1.000000 1.000000
vn 0.930090 0.063625 0.361779
v 531.709351 4585.839844 51.010376 1.000000 1.000000 1.000000
vn 0.894453 0.097697 0.436359
v 531.714661 4586.055176 50.915569 1.000000 1.000000 1.000000
vn 0.885842 -0.228086 0.404055
v 531.733887 4571.153809 50.938839 1.000000 1.000000 1.000000
vn 0.898051 -0.190628 0.396440
v 531.759216 4571.339844 50.899513 1.000000 1.000000 1.000000
vn 0.979879 -0.014583 0.199061
v 531.905823 4574.825684 50.869694 1.000000 1.000000 1.000000
vn 0.987179 0.012897 0.159098
v 531.903015 4575.901367 50.955128 1.000000 1.000000 1.000000
vn 0.977588 0.058192 0.202326
v 531.698120 4577.467773 50.924213 1.000000 1.000000 1.000000
vn 0.983750 0.080757 0.160354
v 531.699097 4586.493164 50.929394 1.000000 1.000000 1.000000
vn 0.994228 -0.020574 0.105294
v 531.901245 4572.194336 50.851437 1.000000 1.000000 1.000000
vn 0.831338 -0.082832 0.549560
v 531.940857 4573.061523 50.879246 1.000000 1.000000 1.000000
vn 0.808839 0.245678 0.534249
v 531.947021 4573.572754 50.875008 1.000000 1.000000 1.000000
vn 0.997009 0.031373 0.070631
v 531.902039 4573.712402 50.975258 1.000000 1.000000 1.000000
vn 0.992957 0.028181 0.115075
v 531.904724 4576.324219 50.974442 1.000000 1.000000 1.000000
vn 0.999776 -0.005271 0.020516
v 531.695068 4582.227051 50.907028 1.000000 1.000000 1.000000
vn 0.978782 -0.062151 0.195253
v 531.698425 4583.038086 50.885944 1.000000 1.000000 1.000000
vn 0.951176 -0.160033 0.263919
v 531.703491 4583.222656 50.986870 1.000000 1.000000 1.000000
vn 0.867469 0.063580 0.493411
v 531.867065 4584.663086 50.898945 1.000000 1.000000 1.000000
vn 0.879033 -0.101800 0.465766
v 531.916321 4572.784180 50.839924 1.000000 1.000000 1.000000
vn 0.572273 -0.139768 0.808065
v 532.021851 4573.061035 50.802635 1.000000 1.000000 1.000000
vn 0.946879 -0.052816 0.317224
v 531.912598 4575.028320 50.834259 1.000000 1.000000 1.000000
vn 0.910441 0.029542 0.412582
v 531.930359 4575.791992 50.864662 1.000000 1.000000 1.000000
vn 0.986767 0.082217 0.139753
v 531.899170 4576.684082 50.962433 1.000000 1.000000 1.000000
vn 0.994872 0.038413 0.093563
v 531.695374 4577.671387 50.883163 1.000000 1.000000 1.000000
vn 0.980287 -0.002480 0.197564
v 531.696777 4582.497559 50.849930 1.000000 1.000000 1.000000
vn 0.895446 -0.091444 0.435677
v 531.871399 4583.559570 50.891468 1.000000 1.000000 1.000000
vn 0.870575 0.049234 0.489566
v 531.866699 4585.147949 50.851921 1.000000 1.000000 1.000000
vn 0.870934 0.228965 0.434798
v 531.726318 4586.473145 50.857334 1.000000 1.000000 1.000000
vn 0.999068 0.023630 0.036119
v 531.695007 4586.644043 50.889294 1.000000 1.000000 1.000000
vn 0.980580 0.196120 -0.000071
v 531.694946 4591.313477 50.821949 0.000000 0.000000 0.000000
vn 0.980713 0.147959 0.127711
v 531.903076 4573.764648 50.834145 1.000000 1.000000 1.000000
vn 0.924602 -0.044855 0.378283
v 531.923035 4575.500977 50.903103 1.000000 1.000000 1.000000
vn 0.889346 0.147866 0.432666
v 531.724915 4577.527832 50.835579 1.000000 1.000000 1.000000
vn 0.998713 0.010763 0.049568
v 531.694946 4578.051270 50.797432 1.000000 1.000000 1.000000
vn 0.979969 -0.073263 0.185186
v 531.699524 4582.239746 50.838799 1.000000 1.000000 1.000000
vn 0.934538 0.041543 0.353432
v 531.882019 4584.863281 50.827408 1.000000 1.000000 1.000000
vn 0.986179 -0.165685 -0.000203
v 531.694946 4568.713867 50.724796 0.000000 0.000000 0.000000
vn 0.981863 -0.125423 0.142177
v 531.698486 4570.828613 50.745506 1.000000 1.000000 1.000000
vn 0.938543 -0.288436 0.189585
v 531.885742 4571.503906 50.788311 1.000000 1.000000 1.000000
vn 0.603365 0.057780 0.795369
v 532.009033 4573.439941 50.842525 1.000000 1.000000 1.000000
vn 0.664766 0.575988 0.475736
v 531.972046 4573.635742 50.802216 1.000000 1.000000 1.000000
vn 0.808106 -0.112013 0.578288
v 532.031982 4575.511230 50.697422 1.000000 1.000000 1.000000
vn 0.902666 0.024612 0.429637
v 531.922791 4576.029785 50.829899 1.000000 1.000000 1.000000
vn 0.923051 0.169462 0.345339
v 531.951782 4576.254883 50.799862 1.000000 1.000000 1.000000
vn 0.999874 0.001232 0.015821
v 531.694946 4578.553223 50.724796 1.000000 1.000000 1.000000
vn 0.887040 -0.090206 0.452795
v 531.728455 4582.295410 50.773430 1.000000 1.000000 1.000000
vn 0.862582 -0.215880 0.457545
v 531.732910 4583.058105 50.789406 1.000000 1.000000 1.000000
vn 0.852899 -0.274415 0.444139
v 531.866699 4583.297852 50.776661 1.000000 1.000000 1.000000
vn 0.976237 0.015261 0.216167
v 531.897461 4584.593750 50.807064 1.000000 1.000000 1.000000
vn 0.917986 0.043720 0.394196
v 531.877563 4585.360352 50.789623 1.000000 1.000000 1.000000
vn 0.877304 0.108769 0.467448
v 531.874390 4585.824219 50.787762 1.000000 1.000000 1.000000
vn 0.999638 0.015342 0.022104
v 531.694946 4586.854980 50.724796 1.000000 1.000000 1.000000
vn 0.886889 -0.092685 0.452589
v 531.872742 4571.187012 50.749931 1.000000 1.000000 1.000000
vn 0.964347 -0.093091 0.247729
v 531.883972 4571.400879 50.690144 1.000000 1.000000 1.000000
vn 0.965165 -0.075108 0.250630
v 531.911377 4571.925781 50.701904 1.000000 1.000000 1.000000
vn 0.804383 -0.100497 0.585550
v 531.927124 4572.350586 50.777775 1.000000 1.000000 1.000000
vn 0.570530 -0.111851 0.813624
v 531.990479 4572.754883 50.749012 1.000000 1.000000 1.000000
vn 0.500525 0.409629 0.762679
v 532.106384 4573.542480 50.768089 1.000000 1.000000 1.000000
vn 0.903736 0.335033 0.266485
v 531.918030 4573.806641 50.579697 1.000000 1.000000 1.000000
vn 0.947331 -0.077507 0.310735
v 532.010986 4574.828613 50.630013 1.000000 1.000000 1.000000
vn 0.864554 0.416522 0.281167
v 531.934143 4576.526367 50.549591 1.000000 1.000000 1.000000
vn 0.998660 -0.001649 0.051731
v 531.695007 4580.066895 50.677330 1.000000 1.000000 1.000000
vn 0.994601 -0.003431 0.103716
v 531.695435 4580.628418 50.683731 1.000000 1.000000 1.000000
vn 0.996694 -0.022008 0.078214
v 531.695435 4581.781250 50.710663 1.000000 1.000000 1.000000
vn 0.890350 -0.018590 0.454896
v 531.728333 4582.589355 50.746693 1.000000 1.000000 1.000000
vn 0.891890 -0.050876 0.449382
v 531.714783 4582.757324 50.804966 1.000000 1.000000 1.000000
vn 0.993473 -0.026319 0.110986
v 531.898926 4583.610840 50.791000 1.000000 1.000000 1.000000
vn 0.997625 0.007417 0.068486
v 531.900879 4584.918457 50.704941 1.000000 1.000000 1.000000
vn 0.983821 0.016034 0.178434
v 531.897827 4585.235840 50.734806 1.000000 1.000000 1.000000
vn 0.895505 0.099563 0.433772
v 531.868225 4586.013184 50.712761 1.000000 1.000000 1.000000
vn 0.994160 0.006831 0.107699
v 531.695984 4588.391602 50.628307 1.000000 1.000000 1.000000
vn 0.999934 0.002376 0.011249
v 531.694946 4588.507813 50.676220 1.000000 1.000000 1.000000
vn 0.998423 -0.041600 0.037700
v 531.694946 4570.520508 50.627644 1.000000 1.000000 1.000000
vn 0.540805 -0.107656 0.834230
v 532.015442 4572.484375 50.712994 1.000000 1.000000 1.000000
vn 0.975125 -0.091375 0.201945
v 531.908325 4574.287598 50.671783 1.000000 1.000000 1.000000
vn 0.698326 -0.001467 0.715779
v 532.043396 4575.816406 50.717606 1.000000 1.000000 1.000000
vn 0.667848 0.287428 0.686560
v 532.060242 4576.197754 50.647022 1.000000 1.000000 1.000000
vn 0.887249 0.173989 0.427221
v 531.869324 4577.228516 50.704288 1.000000 1.000000 1.000000
vn 0.871874 0.195933 0.448828
v 531.870300 4577.482910 50.652939 1.000000 1.000000 1.000000
vn 0.983503 0.037022 0.177063
v 531.697388 4578.541504 50.661171 1.000000 1.000000 1.000000
vn 0.982431 -0.004099 0.186580
v 531.698364 4579.298340 50.600777 1.000000 1.000000 1.000000
vn 0.878884 -0.232684 0.416439
v 531.873535 4582.338379 50.582897 1.000000 1.000000 1.000000
vn 0.978891 0.039592 0.200510
v 531.898438 4585.892578 50.660290 1.000000 1.000000 1.000000
vn 0.846367 0.243892 0.473476
v 531.860229 4586.407715 50.701401 1.000000 1.000000 1.000000
vn 0.993931 0.024196 0.107315
v 531.694946 4586.961426 50.635513 1.000000 1.000000 1.000000
vn 0.999930 0.004220 0.011090
v 531.694946 4588.623047 50.627644 1.000000 1.000000 1.000000
vn 0.920514 -0.250648 0.299718
v 531.885620 4571.097656 50.642513 1.000000 1.000000 1.000000
vn 0.719673 -0.189934 0.667829
v 531.950195 4571.981934 50.654423 1.000000 1.000000 1.000000
vn 0.622364 -0.036796 0.781863
v 532.469421 4573.312988 50.616333 1.000000 1.000000 1.000000
vn 0.553952 0.474669 0.683979
v 532.457397 4573.500977 50.610447 1.000000 1.000000 1.000000
vn 0.414294 0.746704 0.520378
v 532.182495 4573.621582 50.649620 1.000000 1.000000 1.000000
vn 0.549029 0.794038 0.260906
v 531.986328 4573.746094 50.554684 1.000000 1.000000 1.000000
vn 0.971857 -0.076988 0.222635
v 531.906921 4574.541504 50.727818 1.000000 1.000000 1.000000
vn 0.595707 -0.206591 0.776179
v 532.121521 4575.497070 50.594902 1.000000 1.000000 1.000000
vn 0.990253 0.068427 0.121316
v 531.895935 4577.134766 50.665459 1.000000 1.000000 1.000000
vn 0.927250 0.139563 0.347461
v 531.709717 4577.826660 50.680138 1.000000 1.000000 1.000000
vn 0.901743 0.107516 0.418689
v 531.710632 4578.658203 50.533428 1.000000 1.000000 1.000000
vn 0.972651 -0.006435 0.232184
v 531.702271 4580.022949 50.599556 1.000000 1.000000 1.000000
vn 0.940239 -0.179552 0.289331
v 531.705383 4582.111816 50.655136 1.000000 1.000000 1.000000
vn 0.858365 -0.149751 0.490697
v 531.868958 4583.101563 50.622059 1.000000 1.000000 1.000000
vn 0.999761 0.004910 0.021292
v 531.900818 4585.888184 50.583477 1.000000 1.000000 1.000000
vn 0.935173 0.225429 0.273190
v 531.706238 4586.685547 50.663925 1.000000 1.000000 1.000000
vn 0.995104 -0.085838 0.048985
v 531.695496 4570.402832 50.460087 1.000000 1.000000 1.000000
vn 0.468843 -0.127663 0.874007
v 532.402222 4572.527832 50.546806 1.000000 1.000000 1.000000
vn 0.594612 -0.118303 0.795261
v 532.446533 4572.817383 50.548275 1.000000 1.000000 1.000000
vn 0.914877 -0.056996 0.399689
v 532.525696 4573.219727 50.537189 1.000000 1.000000 1.000000
vn 0.914848 0.181477 0.360721
v 532.526733 4573.470215 50.532227 1.000000 1.000000 1.000000
vn 0.930150 -0.066364 0.361133
v 532.030273 4575.017090 50.550591 1.000000 1.000000 1.000000
vn 0.984488 0.149497 0.091840
v 531.902527 4576.584961 50.613998 1.000000 1.000000 1.000000
vn 0.925513 0.065632 0.372985
v 531.705444 4577.993652 50.692707 1.000000 1.000000 1.000000
vn 0.861497 0.068177 0.503165
v 531.730164 4578.137695 50.595509 1.000000 1.000000 1.000000
vn 0.875876 0.113415 0.469019
v 531.734924 4578.468750 50.576591 1.000000 1.000000 1.000000
vn 0.901989 -0.025737 0.430991
v 531.708801 4580.754883 50.622650 1.000000 1.000000 1.000000
vn 0.983650 0.029627 0.177639
v 531.697449 4581.191406 50.658016 1.000000 1.000000 1.000000
vn 0.952329 -0.121272 0.279934
v 531.711304 4581.804199 50.616184 1.000000 1.000000 1.000000
vn 0.878597 0.100625 0.466842
v 531.718201 4586.978027 50.516521 1.000000 1.000000 1.000000
vn 0.964381 -0.017124 0.263964
v 531.699463 4588.050293 50.560837 1.000000 1.000000 1.000000
vn 0.898914 0.041047 0.436199
v 531.728577 4588.473633 50.523121 1.000000 1.000000 1.000000
vn 0.841954 -0.336608 0.421673
v 531.724121 4570.788086 50.617722 1.000000 1.000000 1.000000
vn 0.896444 -0.177384 0.406107
v 531.920593 4571.558594 50.577370 1.000000 1.000000 1.000000
vn 0.504059 -0.215691 0.836302
v 532.048157 4572.105469 50.620842 1.000000 1.000000 1.000000
vn 0.816712 -0.088861 0.570162
v 532.495850 4572.517578 50.477905 1.000000 1.000000 1.000000
vn 0.964741 -0.058741 0.256561
v 532.523438 4572.958008 50.480438 1.000000 1.000000 1.000000
vn 0.766726 0.640500 0.043473
v 532.504761 4573.534180 50.503620 1.000000 1.000000 1.000000
vn 0.856370 -0.165276 0.489197
v 532.049194 4575.250000 50.591087 1.000000 1.000000 1.000000
vn 0.616791 -0.036123 0.786298
v 532.382996 4575.787109 50.508606 1.000000 1.000000 1.000000
vn 0.980830 0.070389 0.181706
v 531.898743 4577.480957 50.551140 1.000000 1.000000 1.000000
vn 0.859352 -0.014631 0.511175
v 531.724854 4579.239746 50.518929 1.000000 1.000000 1.000000
vn 0.986007 -0.067937 0.152232
v 531.896423 4583.136719 50.562023 1.000000 1.000000 1.000000
vn 0.999949 -0.006180 0.008021
v 531.900940 4583.312500 50.534050 1.000000 1.000000 1.000000
vn 0.969150 0.123082 0.213541
v 531.894836 4586.401855 50.602741 1.000000 1.000000 1.000000
vn 0.988241 0.061398 0.140033
v 531.696167 4588.587402 50.583546 1.000000 1.000000 1.000000
vn 0.940678 -0.172952 0.291910
v 531.908875 4571.135742 50.397213 1.000000 1.000000 1.000000
vn 0.633416 -0.171971 0.754460
v 532.468811 4572.219238 50.446590 1.000000 1.000000 1.000000
vn 0.947677 0.023896 -0.318335
v 532.521118 4572.958984 50.443123 1.000000 1.000000 1.000000
vn 0.918390 0.145723 -0.367866
v 532.529175 4573.452148 50.462929 1.000000 1.000000 1.000000
vn 0.958661 -0.083896 0.271900
v 531.909485 4574.133789 50.545998 1.000000 1.000000 1.000000
vn 0.735552 0.214381 0.642654
v 532.480713 4576.121094 50.408699 1.000000 1.000000 1.000000
vn 0.519959 0.589852 0.617833
v 532.155212 4576.313965 50.494091 1.000000 1.000000 1.000000
vn 0.913518 0.091801 0.396305
v 531.884705 4578.440918 50.382305 1.000000 1.000000 1.000000
vn 0.866736 -0.011924 0.498624
v 531.736572 4579.969238 50.515728 1.000000 1.000000 1.000000
vn 0.894922 -0.040142 0.444413
v 531.718567 4580.582031 50.565796 1.000000 1.000000 1.000000
vn 0.882989 0.148745 0.445202
v 531.726440 4581.151367 50.584721 1.000000 1.000000 1.000000
vn 0.988844 0.011333 0.148521
v 531.701721 4581.586426 50.544880 1.000000 1.000000 1.000000
vn 0.996754 -0.071220 -0.037548
v 531.720886 4581.633789 50.395660 1.000000 1.000000 1.000000
vn 0.968467 -0.239492 0.068673
v 531.841675 4582.125488 50.434387 1.000000 1.000000 1.000000
vn 0.987873 -0.142292 0.062125
v 531.895386 4582.312012 50.470074 1.000000 1.000000 1.000000
vn 0.845207 0.307199 0.437326
v 531.851807 4586.609863 50.499744 1.000000 1.000000 1.000000
vn 0.948774 0.023254 0.315100
v 531.703125 4587.634277 50.543869 1.000000 1.000000 1.000000
vn 0.844777 0.020946 0.534709
v 531.737427 4587.812500 50.459301 1.000000 1.000000 1.000000
vn 0.763974 -0.300233 0.571143
v 531.954346 4571.452148 50.471081 1.000000 1.000000 1.000000
vn 0.571561 -0.310057 0.759725
v 532.040161 4571.604980 50.462887 1.000000 1.000000 1.000000
vn 0.980089 -0.038414 0.194809
v 532.523560 4572.301758 50.391834 1.000000 1.000000 1.000000
vn 0.594938 0.597077 -0.538097
v 532.443176 4573.554199 50.422264 1.000000 1.000000 1.000000
vn 0.450525 0.892576 0.018297
v 532.397400 4573.600098 50.484932 1.000000 1.000000 1.000000
vn 0.679898 0.696226 -0.230233
v 532.069336 4573.717773 50.336643 1.000000 1.000000 1.000000
vn 0.978782 -0.086641 0.185687
v 532.023254 4574.235352 50.320694 1.000000 1.000000 1.000000
vn 0.939121 -0.150624 0.308810
v 532.009033 4574.376465 50.468552 1.000000 1.000000 1.000000
vn 0.626166 -0.302274 0.718712
v 532.112854 4575.161133 50.477829 1.000000 1.000000 1.000000
vn 0.591288 -0.244389 0.768539
v 532.442993 4575.468262 50.397728 1.000000 1.000000 1.000000
vn 0.943107 -0.093920 0.318947
v 532.517090 4575.551270 50.347816 1.000000 1.000000 1.000000
vn 0.863872 0.074849 0.498119
v 532.509094 4575.758789 50.408875 1.000000 1.000000 1.000000
vn 0.892564 0.002945 0.450910
v 532.451416 4575.931152 50.405529 1.000000 1.000000 1.000000
vn 0.919743 0.109792 0.376854
v 531.880615 4577.800781 50.440823 1.000000 1.000000 1.000000
vn 0.902879 0.073803 0.423512
v 531.883606 4578.149414 50.388435 1.000000 1.000000 1.000000
vn 0.905785 0.154185 0.394690
v 531.876221 4581.100098 50.385540 1.000000 1.000000 1.000000
vn 0.970345 -0.241254 0.015040
v 531.802795 4581.871094 50.433090 1.000000 1.000000 1.000000
vn 0.937897 -0.017901 0.346452
v 531.890320 4582.617676 50.533134 1.000000 1.000000 1.000000
vn 0.970108 -0.242673 -0.000179
v 531.694946 4568.713867 50.336182 0.000000 0.000000 0.000000
vn 0.998816 -0.038120 0.030233
v 531.694946 4570.328125 50.336182 1.000000 1.000000 1.000000
vn 0.632571 -0.247024 0.734052
v 532.467529 4571.915039 50.363949 1.000000 1.000000 1.000000
vn 0.914346 -0.110423 0.389587
v 532.518555 4572.082031 50.355434 1.000000 1.000000 1.000000
vn 0.870236 0.075024 -0.486889
v 532.510010 4572.475098 50.362759 1.000000 1.000000 1.000000
vn 0.546565 0.179653 -0.817919
v 532.435120 4573.472168 50.379059 1.000000 1.000000 1.000000
vn 0.820777 -0.324187 0.470349
v 532.088074 4574.688965 50.263927 1.000000 1.000000 1.000000
vn 0.800354 -0.256665 0.541808
v 532.087585 4574.899902 50.383808 1.000000 1.000000 1.000000
vn 0.526923 0.747893 0.403744
v 532.129517 4576.452148 50.332790 1.000000 1.000000 1.000000
vn 0.855482 0.084259 0.510932
v 531.859253 4578.649414 50.335094 1.000000 1.000000 1.000000
vn 0.867075 -0.016419 0.497907
v 531.858582 4579.415039 50.355453 1.000000 1.000000 1.000000
vn 0.881861 -0.020680 0.471056
v 531.866882 4580.122070 50.357738 1.000000 1.000000 1.000000
vn 0.878099 -0.046462 0.476218
v 531.874756 4580.664551 50.374317 1.000000 1.000000 1.000000
vn 0.941845 0.312175 0.124398
v 531.780640 4581.319824 50.340218 1.000000 1.000000 1.000000
vn 0.972473 0.131237 0.192546
v 531.890625 4586.600098 50.409176 1.000000 1.000000 1.000000
vn 0.989615 0.082050 0.118027
v 531.696960 4588.871582 50.423412 1.000000 1.000000 1.000000
vn 0.941557 -0.248724 0.227170
v 531.710449 4570.493164 50.455486 1.000000 1.000000 1.000000
vn 0.597971 -0.407622 0.690127
v 532.003479 4571.192871 50.278652 1.000000 1.000000 1.000000
vn 0.981271 -0.091971 0.169257
v 532.528137 4571.894043 50.263832 1.000000 1.000000 1.000000
vn 0.921153 0.101362 -0.375769
v 532.518738 4572.193848 50.319084 1.000000 1.000000 1.000000
vn 0.601502 0.081045 -0.794750
v 532.436462 4573.075684 50.369411 1.000000 1.000000 1.000000
vn 0.967722 -0.117243 0.223086
v 532.037842 4574.629395 50.374844 1.000000 1.000000 1.000000
vn 0.637922 -0.367625 0.676689
v 532.458069 4575.094238 50.233440 1.000000 1.000000 1.000000
vn 0.845904 -0.223530 0.484232
v 532.515137 4575.219238 50.231712 1.000000 1.000000 1.000000
vn 0.972937 0.113186 -0.201451
v 532.529480 4575.708008 50.319565 1.000000 1.000000 1.000000
vn 0.990144 -0.003699 -0.140001
v 532.476685 4575.911133 50.317055 1.000000 1.000000 1.000000
vn 0.634368 0.615240 0.468036
v 532.027344 4576.446777 50.486061 1.000000 1.000000 1.000000
vn 0.990861 0.122773 0.055867
v 531.902893 4576.678223 50.381786 1.000000 1.000000 1.000000
vn 0.996214 0.020103 0.084581
v 531.900330 4577.806641 50.307007 1.000000 1.000000 1.000000
vn 0.922682 -0.179212 -0.341382
v 531.773926 4581.846191 50.367657 1.000000 1.000000 1.000000
vn 0.860945 -0.223246 -0.457094
v 531.832520 4582.206055 50.339836 1.000000 1.000000 1.000000
vn 0.999789 0.011086 0.017318
v 531.900879 4586.509277 50.287605 1.000000 1.000000 1.000000
vn 0.858904 0.046140 0.510055
v 531.866943 4587.640625 50.319916 1.000000 1.000000 1.000000
vn 0.867203 0.028820 0.497120
v 531.855530 4587.818848 50.313984 1.000000 1.000000 1.000000
vn 0.950133 -0.031376 0.310263
v 531.888428 4588.254883 50.269947 1.000000 1.000000 1.000000
vn 0.894658 0.105291 0.434167
v 531.874939 4588.449707 50.334457 1.000000 1.000000 1.000000
vn 0.880027 0.228740 0.416209
v 531.718872 4588.678223 50.423065 1.000000 1.000000 1.000000
vn 0.940049 -0.213501 0.265941
v 531.886475 4570.898926 50.452114 1.000000 1.000000 1.000000
vn 0.598066 -0.326055 0.732124
v 532.433899 4571.643555 50.282688 1.000000 1.000000 1.000000
vn 0.909049 -0.163020 0.383477
v 532.507080 4571.757324 50.254181 1.000000 1.000000 1.000000
vn 0.641345 0.150490 -0.752349
v 532.455811 4572.399902 50.290863 1.000000 1.000000 1.000000
vn 0.679308 0.103217 -0.726558
v 532.471375 4572.804199 50.356037 1.000000 1.000000 1.000000
vn 0.505150 0.548551 -0.666270
v 532.164917 4573.605957 50.281708 1.000000 1.000000 1.000000
vn 0.898161 0.412636 0.151782
v 532.017639 4573.783691 50.327217 1.000000 1.000000 1.000000
vn 0.995811 0.041703 -0.081371
v 532.528748 4575.435059 50.265331 1.000000 1.000000 1.000000
vn 0.763433 -0.316456 -0.563050
v 532.504395 4576.091309 50.250515 1.000000 1.000000 1.000000
vn 0.710346 0.532425 0.460361
v 532.489075 4576.233887 50.313427 1.000000 1.000000 1.000000
vn 0.911980 -0.013254 0.410021
v 531.875610 4579.094238 50.304779 1.000000 1.000000 1.000000
vn 0.988922 0.013613 0.147812
v 531.901367 4580.817871 50.294365 1.000000 1.000000 1.000000
vn 0.963779 0.266641 -0.005724
v 531.889465 4581.115234 50.295826 1.000000 1.000000 1.000000
vn 0.950876 -0.144652 -0.273698
v 531.890991 4582.422363 50.309673 1.000000 1.000000 1.000000
vn 0.994078 -0.045511 -0.098685
v 531.900574 4583.028809 50.272976 1.000000 1.000000 1.000000
vn 0.996310 -0.065193 0.055817
v 531.903503 4583.258301 50.126663 1.000000 1.000000 1.000000
vn 0.998599 -0.001409 0.052895
v 531.900879 4584.087891 50.239029 1.000000 1.000000 1.000000
vn 0.998944 0.009276 0.044988
v 531.900879 4584.664063 50.239029 1.000000 1.000000 1.000000
vn 0.926051 0.084356 0.367850
v 531.877441 4586.945801 50.308163 1.000000 1.000000 1.000000
vn 0.979716 0.014963 0.199832
v 531.897766 4587.780762 50.202892 1.000000 1.000000 1.000000
vn 0.888352 0.299538 0.348004
v 531.724670 4588.834961 50.337009 1.000000 1.000000 1.000000
vn 0.908417 -0.324061 0.264128
v 531.708191 4570.364258 50.190044 1.000000 1.000000 1.000000
vn 0.882210 -0.355922 0.308260
v 531.881226 4570.639160 50.285015 1.000000 1.000000 1.000000
vn 0.588942 0.266204 -0.763075
v 532.440491 4571.844238 50.135452 1.000000 1.000000 1.000000
vn 0.627315 0.075966 -0.775051
v 532.125793 4573.144531 50.205948 1.000000 1.000000 1.000000
vn 0.653050 0.172589 -0.737387
v 532.108826 4573.488281 50.203426 1.000000 1.000000 1.000000
vn 0.776617 0.368666 -0.510834
v 532.075439 4573.618652 50.212101 1.000000 1.000000 1.000000
vn 0.969980 0.002333 0.243173
v 532.022278 4574.096191 50.304226 1.000000 1.000000 1.000000
vn 0.689170 0.008380 -0.724552
v 532.414001 4575.907227 50.232685 1.000000 1.000000 1.000000
vn 0.989619 -0.088219 0.113456
v 532.525574 4576.113770 50.329498 1.000000 1.000000 1.000000
vn 0.998782 0.004628 0.049126
v 531.900818 4578.492676 50.189674 1.000000 1.000000 1.000000
vn 0.998732 -0.000258 0.050346
v 531.900879 4578.591797 50.190453 1.000000 1.000000 1.000000
vn 0.974494 0.036359 0.221451
v 531.892151 4578.608398 50.267601 1.000000 1.000000 1.000000
vn 0.980752 -0.007672 0.195107
v 531.900879 4579.167969 50.190453 1.000000 1.000000 1.000000
vn 0.960989 -0.012905 0.276287
v 531.891968 4579.405273 50.277336 1.000000 1.000000 1.000000
vn 0.974464 -0.007859 0.224405
v 531.896301 4580.047363 50.265133 1.000000 1.000000 1.000000
vn 0.968497 0.246128 -0.037865
v 531.731995 4581.376953 50.199265 1.000000 1.000000 1.000000
vn 0.996757 -0.016235 -0.078813
v 531.698975 4581.691406 50.225643 1.000000 1.000000 1.000000
vn 0.952058 -0.072704 -0.297153
v 531.708313 4581.948730 50.218468 1.000000 1.000000 1.000000
vn 0.999186 0.014753 0.037542
v 531.900879 4584.779297 50.190453 1.000000 1.000000 1.000000
vn 0.998142 0.012261 0.059679
v 531.901428 4586.790527 50.206356 1.000000 1.000000 1.000000
vn 0.807830 0.106432 0.579727
v 531.899658 4588.550293 50.221630 1.000000 1.000000 1.000000
vn 0.590152 -0.385401 0.709357
v 532.451538 4571.409180 50.158062 1.000000 1.000000 1.000000
vn 0.960754 -0.072828 0.267671
v 532.525146 4571.677734 50.183567 1.000000 1.000000 1.000000
vn 0.658042 0.149994 -0.737891
v 532.142151 4572.891602 50.161537 1.000000 1.000000 1.000000
vn 0.827190 0.147918 -0.542104
v 532.511841 4575.572266 50.249462 1.000000 1.000000 1.000000
vn 0.937097 0.314428 0.151608
v 531.810059 4581.208496 50.105164 1.000000 1.000000 1.000000
vn 0.713559 0.390241 0.581846
v 531.803406 4588.782227 50.255074 1.000000 1.000000 1.000000
vn 0.845513 -0.222662 0.485314
v 532.513245 4571.521973 50.150188 1.000000 1.000000 1.000000
vn 0.977094 0.187151 -0.101297
v 532.032898 4573.718750 50.194756 1.000000 1.000000 1.000000
vn 0.997687 -0.031522 0.060223
v 532.034729 4574.198242 50.081245 1.000000 1.000000 1.000000
vn 0.779289 -0.350889 0.519216
v 532.090027 4574.364258 50.012318 1.000000 1.000000 1.000000
vn 0.575637 -0.435040 0.692375
v 532.191406 4574.799805 50.237591 1.000000 1.000000 1.000000
vn 0.999898 -0.014152 0.001781
v 532.529114 4575.093262 50.112164 1.000000 1.000000 1.000000
vn 0.779287 0.241537 -0.578249
v 532.486328 4575.358398 50.151699 1.000000 1.000000 1.000000
vn 0.757459 0.127659 -0.640280
v 532.157654 4575.716797 50.040634 1.000000 1.000000 1.000000
vn 0.996820 0.077653 0.017877
v 531.900940 4576.842285 50.124741 1.000000 1.000000 1.000000
vn 0.931199 0.139168 0.336897
v 531.725830 4581.448730 50.132629 1.000000 1.000000 1.000000
vn 0.975384 -0.081585 -0.204867
v 531.703430 4582.163574 50.166840 1.000000 1.000000 1.000000
vn 0.890584 -0.102168 -0.443196
v 531.879639 4582.701172 50.225552 1.000000 1.000000 1.000000
vn 0.919528 -0.027086 0.392090
v 531.925293 4583.705078 50.040615 1.000000 1.000000 1.000000
vn 0.968599 -0.023689 0.247496
v 531.910522 4583.987793 50.146702 1.000000 1.000000 1.000000
vn 0.994892 0.025094 0.097780
v 531.901733 4585.037109 50.070904 1.000000 1.000000 1.000000
vn 0.879646 -0.188341 0.436751
v 531.910217 4588.421875 50.168873 1.000000 1.000000 1.000000
vn 0.973151 0.173539 0.151201
v 531.698975 4589.089355 50.130970 1.000000 1.000000 1.000000
vn 0.813394 -0.358390 0.458200
v 531.931091 4570.881836 50.150864 1.000000 1.000000 1.000000
vn 0.909419 0.165045 -0.381730
v 532.507813 4571.778320 50.172199 1.000000 1.000000 1.000000
vn 0.626546 0.156392 -0.763532
v 532.190613 4572.327637 50.091976 1.000000 1.000000 1.000000
vn 0.922660 0.107207 -0.370411
v 532.049866 4573.003906 50.060764 1.000000 1.000000 1.000000
vn 0.894517 0.109734 -0.433357
v 532.046448 4573.137695 50.113529 1.000000 1.000000 1.000000
vn 0.932785 0.095116 -0.347657
v 532.039917 4573.581055 50.127022 1.000000 1.000000 1.000000
vn 0.721483 -0.575873 -0.384490
v 532.487000 4576.189941 50.135006 1.000000 1.000000 1.000000
vn 0.999326 -0.036660 -0.002008
v 532.526855 4576.295898 50.079811 1.000000 1.000000 1.000000
vn 0.990002 0.137863 0.029819
v 531.892334 4580.933594 50.080853 1.000000 1.000000 1.000000
vn 0.949374 0.044229 0.311019
v 531.711548 4581.899414 50.127293 1.000000 1.000000 1.000000
vn 0.917095 -0.129167 -0.377164
v 531.717407 4582.400391 50.065010 1.000000 1.000000 1.000000
vn 0.914175 -0.306706 -0.264983
v 531.876770 4583.155762 50.094810 1.000000 1.000000 1.000000
vn 0.974721 0.046992 0.218426
v 531.911194 4584.652344 50.127178 1.000000 1.000000 1.000000
vn 0.991962 0.126432 -0.005186
v 531.905273 4587.861328 49.981869 1.000000 1.000000 1.000000
vn 0.959079 -0.150738 0.239678
v 531.882202 4588.174805 50.060413 1.000000 1.000000 1.000000
vn 0.663850 -0.396783 0.633929
v 531.919739 4588.251953 50.030418 1.000000 1.000000 1.000000
vn 0.588281 -0.094531 0.803113
v 531.987610 4588.556152 50.127308 1.000000 1.000000 1.000000
vn 0.999754 -0.021623 0.004932
v 531.694946 4570.059082 49.996147 1.000000 1.000000 1.000000
vn 0.989217 -0.126307 0.074132
v 531.699280 4570.145508 50.087048 1.000000 1.000000 1.000000
vn 0.915789 -0.325461 0.235384
v 531.884094 4570.532715 50.055592 1.000000 1.000000 1.000000
vn 0.508704 -0.524715 0.682565
v 532.013367 4570.885742 50.058743 1.000000 1.000000 1.000000
vn 0.944466 -0.163306 0.285158
v 532.516602 4571.268555 50.003998 1.000000 1.000000 1.000000
vn 0.974220 0.097600 -0.203396
v 532.525940 4571.432129 50.041573 1.000000 1.000000 1.000000
vn 0.707226 0.122662 -0.696265
v 532.122498 4572.181152 50.007149 1.000000 1.000000 1.000000
vn 0.807007 0.114841 -0.579268
v 532.072876 4572.595215 50.026821 1.000000 1.000000 1.000000
vn 0.884569 -0.246317 0.396062
v 532.512024 4574.837891 50.017536 1.000000 1.000000 1.000000
vn 0.722546 0.351200 -0.595471
v 532.493164 4575.029785 49.990726 1.000000 1.000000 1.000000
vn 0.713682 -0.129373 -0.688419
v 532.146912 4575.946777 50.046272 1.000000 1.000000 1.000000
vn 0.625157 0.739455 0.249768
v 532.480225 4576.365723 50.120491 1.000000 1.000000 1.000000
vn 0.510723 0.843535 0.166163
v 532.090637 4576.566895 50.079693 1.000000 1.000000 1.000000
vn 0.816532 0.553520 0.163983
v 531.927673 4576.694824 50.117710 1.000000 1.000000 1.000000
vn 0.927642 -0.290194 0.235091
v 531.926086 4583.289551 50.032841 1.000000 1.000000 1.000000
vn 0.995762 0.015694 0.090616
v 531.901917 4585.631348 49.989910 1.000000 1.000000 1.000000
vn 0.995404 -0.054816 0.078520
v 531.903992 4587.566895 50.056660 1.000000 1.000000 1.000000
vn 0.759643 -0.345815 0.550777
v 531.930420 4588.135254 49.955315 1.000000 1.000000 1.000000
vn 0.551886 0.252230 0.794860
v 531.989258 4588.716309 50.109447 1.000000 1.000000 1.000000
vn 0.969910 -0.243367 -0.006838
v 531.694946 4568.713867 49.947571 0.000000 0.000000 0.000000
vn 0.651576 -0.426143 0.627576
v 532.482300 4571.034180 49.905766 1.000000 1.000000 1.000000
vn 0.940949 -0.194961 0.276776
v 532.043884 4574.329102 50.093445 1.000000 1.000000 1.000000
vn 0.688724 -0.539828 -0.483988
v 532.146301 4576.052734 50.000446 1.000000 1.000000 1.000000
vn 0.999605 -0.010510 0.026066
v 531.902344 4580.796387 50.028534 1.000000 1.000000 1.000000
vn 0.993587 0.047387 0.102660
v 531.927124 4580.968750 49.894295 1.000000 1.000000 1.000000
vn 0.896749 0.065244 0.437703
v 531.875977 4581.496582 49.919682 1.000000 1.000000 1.000000
vn 0.834732 0.122240 0.536916
v 531.838257 4581.843262 49.965290 1.000000 1.000000 1.000000
vn 0.950688 0.151281 0.270751
v 531.713745 4582.222168 50.000206 1.000000 1.000000 1.000000
vn 0.896823 -0.196039 -0.396581
v 531.721008 4582.955566 49.958115 1.000000 1.000000 1.000000
vn 0.762269 -0.637731 0.110660
v 531.865417 4583.192383 49.986572 1.000000 1.000000 1.000000
vn 0.949508 0.049249 0.309855
v 531.917175 4585.267090 49.929562 1.000000 1.000000 1.000000
vn 0.458292 -0.365860 0.810010
v 532.017639 4588.434570 50.078213 1.000000 1.000000 1.000000
vn 0.443229 -0.090723 0.891806
v 532.358826 4588.529297 49.969170 1.000000 1.000000 1.000000
vn 0.461307 0.609497 0.644755
v 531.911011 4588.859375 50.066895 1.000000 1.000000 1.000000
vn 0.980319 0.197413 0.001864
v 531.694946 4591.313477 49.947571 0.000000 0.000000 0.000000
vn 0.867035 -0.419895 0.268214
v 531.730652 4570.205078 50.025188 1.000000 1.000000 1.000000
vn 0.962312 -0.186264 0.198144
v 531.910706 4570.782715 50.136131 1.000000 1.000000 1.000000
vn 0.678928 0.233709 -0.696015
v 532.096619 4571.871582 49.946327 1.000000 1.000000 1.000000
vn 0.990206 -0.078281 0.115605
v 532.039368 4573.856445 49.802383 1.000000 1.000000 1.000000
vn 0.608881 0.314223 -0.728373
v 532.221191 4575.395020 49.987354 1.000000 1.000000 1.000000
vn 0.943533 0.317330 0.095114
v 531.914612 4576.753418 49.945808 1.000000 1.000000 1.000000
vn 0.999283 0.036735 0.009211
v 531.900818 4576.882324 49.920322 1.000000 1.000000 1.000000
vn 0.963416 0.066578 0.259609
v 531.895874 4581.896973 49.842705 1.000000 1.000000 1.000000
vn 0.998964 0.013686 -0.043410
v 531.695129 4582.484863 49.943207 1.000000 1.000000 1.000000
vn 0.779976 -0.210763 0.589251
v 531.996155 4583.305176 49.933098 1.000000 1.000000 1.000000
vn 0.948441 0.099850 0.300815
v 531.921753 4584.809570 50.019993 1.000000 1.000000 1.000000
vn 0.996657 0.028674 0.076504
v 531.963684 4587.616211 49.824883 1.000000 1.000000 1.000000
vn 0.760732 0.481552 0.435194
v 531.738892 4589.013184 50.087135 1.000000 1.000000 1.000000
vn 0.993925 -0.035552 0.104158
v 532.526733 4571.221680 49.934349 1.000000 1.000000 1.000000
vn 0.954286 0.041041 -0.296065
v 532.044189 4572.242676 49.873013 1.000000 1.000000 1.000000
vn 0.996410 0.021960 -0.081762
v 532.032654 4572.949707 49.935898 1.000000 1.000000 1.000000
vn 0.559878 -0.476257 0.678024
v 532.412109 4574.673828 50.000706 1.000000 1.000000 1.000000
vn 0.964848 0.142379 -0.220902
v 532.521851 4574.888672 49.951462 1.000000 1.000000 1.000000
vn 0.939506 -0.117713 -0.321670
v 532.084595 4575.996582 49.919128 1.000000 1.000000 1.000000
vn 0.653721 -0.739449 -0.160823
v 532.483704 4576.257324 49.984169 1.000000 1.000000 1.000000
vn 0.827884 0.313010 0.465439
v 531.737610 4582.317383 49.873150 1.000000 1.000000 1.000000
vn 0.980285 -0.185075 0.069195
v 531.702026 4582.979980 49.871563 1.000000 1.000000 1.000000
vn 0.882074 0.129173 0.453056
v 532.015747 4583.486816 49.878391 1.000000 1.000000 1.000000
vn 0.969159 -0.017588 0.245809
v 532.018555 4583.851563 49.867775 1.000000 1.000000 1.000000
vn 0.970710 0.058237 0.233089
v 532.020813 4584.680664 49.855453 1.000000 1.000000 1.000000
vn 0.555800 -0.368185 0.745336
v 532.451111 4588.384766 49.867504 1.000000 1.000000 1.000000
vn 0.753875 -0.081697 0.651919
v 532.503967 4588.519531 49.877911 1.000000 1.000000 1.000000
vn 0.998328 0.050105 0.028821
v 531.694946 4589.430176 49.850418 1.000000 1.000000 1.000000
vn 0.970038 0.242947 -0.001677
v 531.694946 4591.313477 49.850418 0.000000 0.000000 0.000000
vn 0.871770 -0.414135 0.261743
v 531.868103 4570.330078 49.907963 1.000000 1.000000 1.000000
vn 0.865129 0.282769 -0.414239
v 532.506531 4571.332031 49.944660 1.000000 1.000000 1.000000
vn 0.645526 0.367110 -0.669721
v 532.450867 4571.450195 49.950016 1.000000 1.000000 1.000000
vn 0.936121 0.173544 -0.305875
v 532.128174 4575.416504 49.887897 1.000000 1.000000 1.000000
vn 0.987076 0.034897 -0.156407
v 532.098145 4575.793945 49.926727 1.000000 1.000000 1.000000
vn 0.996179 0.078078 0.039124
v 531.901184 4576.899414 49.827190 1.000000 1.000000 1.000000
vn 0.997464 0.032965 0.063086
v 531.902283 4581.282227 49.829758 1.000000 1.000000 1.000000
vn 0.844017 0.272953 0.461662
v 531.863220 4582.136719 49.829227 1.000000 1.000000 1.000000
vn 0.900855 0.113998 0.418884
v 531.713806 4582.481445 49.848221 1.000000 1.000000 1.000000
vn 0.785232 -0.610904 0.101031
v 531.748901 4583.075195 49.894241 1.000000 1.000000 1.000000
vn 0.606443 -0.049501 0.793585
v 532.134033 4583.315430 49.820610 1.000000 1.000000 1.000000
vn 0.958013 -0.030392 0.285110
v 532.020996 4584.040039 49.910614 1.000000 1.000000 1.000000
vn 0.946189 0.059692 0.318061
v 531.918396 4585.595703 49.914593 1.000000 1.000000 1.000000
vn 0.987625 -0.111344 0.110455
v 531.903076 4587.383789 49.878185 1.000000 1.000000 1.000000
vn 0.997585 0.069271 -0.005167
v 531.902954 4587.824219 49.800671 1.000000 1.000000 1.000000
vn 0.985651 -0.084844 0.145925
v 532.521790 4588.424316 49.798069 1.000000 1.000000 1.000000
vn 0.998002 0.044407 0.044947
v 532.518799 4588.659180 49.826092 1.000000 1.000000 1.000000
vn 0.594687 0.397968 0.698548
v 532.467407 4588.728516 49.878258 1.000000 1.000000 1.000000
vn 0.399580 0.770195 0.497128
v 531.986450 4588.985840 49.885853 1.000000 1.000000 1.000000
vn 0.910983 0.341740 0.230919
v 531.712830 4589.275879 49.871120 1.000000 1.000000 1.000000
vn 0.916642 -0.362782 0.167799
v 531.703979 4570.109375 49.799191 1.000000 1.000000 1.000000
vn 0.958190 0.165017 -0.233755
v 532.520081 4571.037109 49.781513 1.000000 1.000000 1.000000
vn 0.952110 0.052638 -0.301190
v 532.034180 4571.897461 49.857582 1.000000 1.000000 1.000000
vn 0.998677 0.000003 -0.051417
v 532.032959 4572.236816 49.792973 1.000000 1.000000 1.000000
vn 0.854079 -0.306117 0.420525
v 532.511963 4574.663086 49.895233 1.000000 1.000000 1.000000
vn 0.993105 0.073299 -0.091488
v 532.527405 4574.753418 49.895065 1.000000 1.000000 1.000000
vn 0.999976 0.006557 -0.002280
v 532.072937 4575.740234 49.741203 1.000000 1.000000 1.000000
vn 0.539747 -0.834297 -0.112345
v 532.167297 4576.127441 49.875725 1.000000 1.000000 1.000000
vn 0.539192 -0.649856 0.535685
v 531.923706 4583.203125 49.896336 1.000000 1.000000 1.000000
vn 0.713967 0.474062 0.515282
v 532.093506 4583.440430 49.792419 1.000000 1.000000 1.000000
vn 0.944119 0.290846 0.155072
v 532.036316 4583.544434 49.779472 1.000000 1.000000 1.000000
vn 0.998221 0.001833 0.059595
v 532.032715 4584.140137 49.609653 1.000000 1.000000 1.000000
vn 0.828303 -0.343429 0.442685
v 532.509949 4588.272461 49.747017 1.000000 1.000000 1.000000
vn 0.748883 -0.000015 -0.662702
v 532.471619 4588.575684 49.750595 1.000000 1.000000 1.000000
vn 0.851642 -0.444508 0.277701
v 531.898254 4570.333008 49.729000 1.000000 1.000000 1.000000
vn 0.904985 -0.260372 0.336465
v 532.519836 4570.958984 49.795158 1.000000 1.000000 1.000000
vn 0.553696 0.410370 -0.724581
v 532.137390 4571.473145 49.774117 1.000000 1.000000 1.000000
vn 0.912100 -0.408127 0.038800
v 532.090332 4576.059570 49.813835 1.000000 1.000000 1.000000
vn 0.576494 -0.807110 0.127392
v 532.478516 4576.272461 49.761250 1.000000 1.000000 1.000000
vn 0.935197 -0.350020 0.053789
v 532.519653 4576.314941 49.730755 1.000000 1.000000 1.000000
vn 0.873656 0.485041 0.038212
v 532.511536 4576.379883 49.861572 1.000000 1.000000 1.000000
vn 0.747153 -0.210547 0.630423
v 531.736694 4582.953125 49.759262 1.000000 1.000000 1.000000
vn 0.500411 -0.607042 0.617324
v 531.832458 4583.031250 49.732941 1.000000 1.000000 1.000000
vn 0.831402 -0.359677 0.423561
v 531.916687 4587.927246 49.817123 1.000000 1.000000 1.000000
vn 0.535337 -0.571266 0.622149
v 531.985718 4588.012695 49.814846 1.000000 1.000000 1.000000
vn 0.426329 -0.534668 0.729639
v 532.413269 4588.212402 49.783062 1.000000 1.000000 1.000000
vn 0.962803 0.117805 -0.243173
v 532.523621 4588.340820 49.728573 1.000000 1.000000 1.000000
vn 0.396239 0.774469 0.493146
v 532.340820 4588.884277 49.817913 1.000000 1.000000 1.000000
vn 0.619278 0.658333 0.427894
v 531.902527 4589.109375 49.775005 1.000000 1.000000 1.000000
vn 0.979946 -0.199258 0.001485
v 531.694946 4568.713867 49.656109 0.000000 0.000000 0.000000
vn 0.728810 -0.473870 0.494251
v 531.952759 4570.484863 49.771000 1.000000 1.000000 1.000000
vn 0.534149 -0.539929 0.650509
v 532.432312 4570.841309 49.804577 1.000000 1.000000 1.000000
vn 0.528923 0.481316 -0.698982
v 532.407349 4571.139648 49.730705 1.000000 1.000000 1.000000
vn 0.638058 -0.471699 0.608590
v 532.145996 4574.221680 49.847099 1.000000 1.000000 1.000000
vn 0.725706 0.389734 -0.566973
v 532.486206 4574.735352 49.789532 1.000000 1.000000 1.000000
vn 0.509684 0.858834 -0.051254
v 532.447021 4576.430176 49.794380 1.000000 1.000000 1.000000
vn 0.999603 -0.025050 -0.012915
v 531.901978 4580.822754 49.708206 1.000000 1.000000 1.000000
vn 0.922473 0.158769 0.351902
v 531.884277 4582.237305 49.704716 1.000000 1.000000 1.000000
vn 0.803944 0.034636 0.593695
v 531.871155 4582.357910 49.687950 1.000000 1.000000 1.000000
vn 0.500306 -0.498582 0.707891
v 532.305786 4583.221191 49.685986 1.000000 1.000000 1.000000
vn 0.649681 0.727366 0.221030
v 532.393921 4583.310547 49.571732 1.000000 1.000000 1.000000
vn 0.962492 0.017193 0.270765
v 532.022095 4585.220215 49.714676 1.000000 1.000000 1.000000
vn 0.952518 0.072493 0.295727
v 532.016418 4585.559082 49.710072 1.000000 1.000000 1.000000
vn 0.928468 0.166184 0.332161
v 531.929077 4586.137207 49.678875 1.000000 1.000000 1.000000
vn 0.992187 0.051966 0.113421
v 531.902222 4586.067383 49.815315 1.000000 1.000000 1.000000
vn 0.954313 -0.120131 0.273597
v 531.909546 4587.176758 49.607773 1.000000 1.000000 1.000000
vn 0.929973 0.307666 0.201225
v 532.510193 4588.790527 49.749466 1.000000 1.000000 1.000000
vn 0.413020 -0.633670 0.654123
v 532.089111 4570.545898 49.721752 1.000000 1.000000 1.000000
vn 0.745513 -0.423367 0.514753
v 532.498901 4574.370117 49.696407 1.000000 1.000000 1.000000
vn 0.703919 0.378242 -0.601192
v 532.190308 4575.075195 49.794827 1.000000 1.000000 1.000000
vn 0.949618 0.177591 -0.258238
v 532.128235 4575.120605 49.716316 1.000000 1.000000 1.000000
vn 0.543747 0.813008 -0.208224
v 532.095276 4576.558594 49.582943 1.000000 1.000000 1.000000
vn 0.692177 0.721721 0.003157
v 532.062012 4576.610840 49.735085 1.000000 1.000000 1.000000
vn 0.998127 0.013210 0.059732
v 531.901184 4581.149414 49.669731 1.000000 1.000000 1.000000
vn 0.953455 -0.037254 0.299225
v 532.048584 4585.284668 49.522816 1.000000 1.000000 1.000000
vn 0.995873 -0.000550 0.090758
v 531.967773 4587.404297 49.609230 1.000000 1.000000 1.000000
vn 0.628531 0.400197 -0.666927
v 532.472290 4588.409668 49.700294 1.000000 1.000000 1.000000
vn 0.909440 -0.252740 -0.330213
v 532.505676 4588.728516 49.724205 1.000000 1.000000 1.000000
vn 0.610393 0.709827 0.351518
v 532.467163 4588.875000 49.695553 1.000000 1.000000 1.000000
vn 0.999994 0.002978 0.001749
v 531.694946 4589.468750 49.607533 1.000000 1.000000 1.000000
vn 0.844416 -0.426941 0.323548
v 531.725098 4569.936523 49.561398 1.000000 1.000000 1.000000
vn 0.654236 0.449588 -0.608150
v 532.483215 4570.968750 49.664780 1.000000 1.000000 1.000000
vn 0.883286 0.235549 -0.405367
v 532.049072 4571.639160 49.768414 1.000000 1.000000 1.000000
vn 0.999683 0.015655 -0.019696
v 532.030823 4571.926270 49.539997 1.000000 1.000000 1.000000
vn 0.933959 -0.225434 0.277308
v 532.052368 4573.565430 49.515533 1.000000 1.000000 1.000000
vn 0.999601 -0.012847 0.025161
v 532.527649 4574.492676 49.703819 1.000000 1.000000 1.000000
vn 0.748564 0.433853 -0.501421
v 532.497131 4574.504395 49.628265 1.000000 1.000000 1.000000
vn 0.615817 -0.701152 0.359382
v 532.159363 4576.061523 49.643356 1.000000 1.000000 1.000000
vn 0.883689 0.457046 -0.101009
v 532.523804 4576.336914 49.619678 1.000000 1.000000 1.000000
vn 0.907568 0.398136 0.133447
v 532.011963 4576.700684 49.643124 1.000000 1.000000 1.000000
vn 0.736393 0.155083 0.658540
v 532.384949 4583.271484 49.626434 1.000000 1.000000 1.000000
vn 0.714563 0.699449 0.013069
v 532.081238 4583.499512 49.645531 1.000000 1.000000 1.000000
vn 0.968330 -0.067952 0.240248
v 532.042847 4585.055176 49.419315 1.000000 1.000000 1.000000
vn 0.988600 0.043118 0.144263
v 531.902222 4586.493164 49.565147 1.000000 1.000000 1.000000
vn 0.842884 -0.433452 0.318853
v 531.913879 4587.709473 49.561176 1.000000 1.000000 1.000000
vn 0.591027 -0.256493 -0.764786
v 532.163574 4588.578613 49.569435 1.000000 1.000000 1.000000
vn 0.993847 0.108338 0.023037
v 531.696045 4589.424316 49.683163 1.000000 1.000000 1.000000
vn 0.949767 -0.208802 0.233120
v 532.521667 4570.751465 49.623047 1.000000 1.000000 1.000000
vn 0.693554 0.432769 -0.575929
v 532.111389 4571.230957 49.596043 1.000000 1.000000 1.000000
vn 0.945487 -0.221326 0.238892
v 532.524963 4574.182617 49.465553 1.000000 1.000000 1.000000
vn 0.999206 0.021478 0.033564
v 532.095703 4575.722656 49.558651 1.000000 1.000000 1.000000
vn 0.969343 -0.204808 0.135749
v 532.107056 4575.964844 49.661522 1.000000 1.000000 1.000000
vn 0.888939 -0.142650 0.435246
v 532.001953 4582.536133 49.553661 1.000000 1.000000 1.000000
vn 0.843494 -0.060175 0.533757
v 532.004517 4582.716309 49.550423 1.000000 1.000000 1.000000
vn 0.667783 -0.316960 0.673500
v 532.072266 4582.939453 49.513916 1.000000 1.000000 1.000000
vn 0.537015 -0.639409 0.550246
v 532.132874 4582.983398 49.491135 1.000000 1.000000 1.000000
vn 0.948032 0.119813 0.294754
v 532.013428 4585.886230 49.601219 1.000000 1.000000 1.000000
vn 0.984408 0.160037 -0.072997
v 531.909424 4587.552734 49.513931 1.000000 1.000000 1.000000
vn 0.970381 0.157680 -0.183024
v 532.521484 4588.229980 49.642868 1.000000 1.000000 1.000000
vn 0.977814 0.174023 -0.116598
v 532.499756 4588.893066 49.505589 1.000000 1.000000 1.000000
vn 0.533856 0.819916 0.206726
v 531.958618 4589.130859 49.595924 1.000000 1.000000 1.000000
vn 0.999984 -0.004174 0.003779
v 531.694946 4569.751465 49.461803 1.000000 1.000000 1.000000
vn 0.673793 -0.565220 0.475952
v 531.947510 4570.323730 49.593224 1.000000 1.000000 1.000000
vn 0.538716 -0.591050 0.600371
v 532.433899 4570.575684 49.563862 1.000000 1.000000 1.000000
vn 0.829689 -0.356463 0.429592
v 532.102844 4573.941406 49.675194 1.000000 1.000000 1.000000
vn 0.664079 -0.515682 0.541361
v 532.475281 4574.125488 49.502144 1.000000 1.000000 1.000000
vn 0.902126 0.261562 -0.343154
v 532.150452 4574.806641 49.524536 1.000000 1.000000 1.000000
vn 0.999795 0.019964 -0.003306
v 532.100037 4575.415039 49.484474 1.000000 1.000000 1.000000
vn 0.999605 -0.009929 0.026290
v 531.900879 4580.379395 49.485607 1.000000 1.000000 1.000000
vn 0.932799 0.029332 0.359202
v 531.934998 4581.150879 49.544529 1.000000 1.000000 1.000000
vn 0.931839 -0.135362 0.336681
v 531.906067 4582.274414 49.585030 1.000000 1.000000 1.000000
vn 0.975200 0.220843 -0.014607
v 532.033813 4583.563477 49.479240 1.000000 1.000000 1.000000
vn 0.932330 0.094196 0.349123
v 531.923340 4586.470703 49.469917 1.000000 1.000000 1.000000
vn 0.952103 -0.031149 0.304188
v 531.919922 4586.723633 49.484268 1.000000 1.000000 1.000000
vn 0.507643 -0.660969 0.552647
v 532.443604 4587.978516 49.528507 1.000000 1.000000 1.000000
vn 0.918111 -0.115735 -0.379047
v 532.042603 4588.545410 49.457077 1.000000 1.000000 1.000000
vn 0.631359 -0.556791 -0.539786
v 532.441589 4588.722168 49.645775 1.000000 1.000000 1.000000
vn 0.685032 0.726047 0.059882
v 531.778381 4589.273926 49.406178 1.000000 1.000000 1.000000
vn 0.846730 0.521864 0.103467
v 531.715698 4589.351074 49.681717 1.000000 1.000000 1.000000
vn 0.969705 0.244066 0.010224
v 531.694946 4591.313477 49.461803 0.000000 0.000000 0.000000
vn 0.988105 -0.129158 0.083464
v 531.695618 4569.807617 49.523823 1.000000 1.000000 1.000000
vn 0.590720 -0.552485 0.588057
v 532.194336 4573.956543 49.563835 1.000000 1.000000 1.000000
vn 0.714199 0.454749 -0.532093
v 532.190002 4574.607910 49.455475 1.000000 1.000000 1.000000
vn 0.989238 0.095278 -0.111043
v 532.116089 4574.983398 49.501583 1.000000 1.000000 1.000000
vn 0.992599 -0.109150 0.053224
v 532.530334 4576.266113 49.524162 1.000000 1.000000 1.000000
vn 0.937683 0.305193 0.166152
v 532.013123 4576.827148 49.454842 1.000000 1.000000 1.000000
vn 0.997334 0.066193 0.030704
v 531.901550 4577.041992 49.571804 1.000000 1.000000 1.000000
vn 0.960957 -0.070255 0.267631
v 531.909241 4580.430664 49.364071 1.000000 1.000000 1.000000
vn 0.631946 -0.561569 0.534121
v 532.427063 4583.170898 49.541607 1.000000 1.000000 1.000000
vn 0.971763 -0.009000 0.235789
v 532.049927 4584.260254 49.477909 1.000000 1.000000 1.000000
vn 0.905537 0.034774 0.422841
v 532.058228 4585.633789 49.442436 1.000000 1.000000 1.000000
vn 0.932054 -0.132601 0.337184
v 531.985168 4587.251465 49.469395 1.000000 1.000000 1.000000
vn 0.932381 0.282776 -0.225173
v 532.520264 4588.039063 49.429356 1.000000 1.000000 1.000000
vn 0.669042 0.538357 -0.512400
v 532.471252 4588.188965 49.514801 1.000000 1.000000 1.000000
vn 0.676502 0.339944 -0.653286
v 532.085571 4588.478516 49.499573 1.000000 1.000000 1.000000
vn 0.483801 0.871125 0.084130
v 532.397278 4588.984863 49.473381 1.000000 1.000000 1.000000
vn 0.774486 -0.531796 0.342585
v 531.862732 4570.043457 49.451256 1.000000 1.000000 1.000000
vn 0.871070 -0.362241 0.331690
v 532.515869 4570.591309 49.480835 1.000000 1.000000 1.000000
vn 0.785789 0.414947 -0.458645
v 532.506775 4570.737305 49.507305 1.000000 1.000000 1.000000
vn 0.945780 0.202675 -0.253818
v 532.040527 4571.275391 49.511913 1.000000 1.000000 1.000000
vn 0.711733 -0.506328 0.486897
v 532.171204 4573.719238 49.357002 1.000000 1.000000 1.000000
vn 0.939652 0.235051 -0.248606
v 532.524292 4574.250488 49.453381 1.000000 1.000000 1.000000
vn 0.938695 0.302671 0.165052
v 531.918030 4576.962402 49.557430 1.000000 1.000000 1.000000
vn 0.931229 0.140261 0.336363
v 531.916321 4581.534668 49.354630 1.000000 1.000000 1.000000
vn 0.931790 -0.314139 0.181891
v 532.055969 4582.795898 49.430080 1.000000 1.000000 1.000000
vn 0.929063 0.201659 0.310120
v 532.506042 4583.213867 49.447803 1.000000 1.000000 1.000000
vn 0.889930 0.168157 0.423966
v 532.055603 4585.958008 49.406300 1.000000 1.000000 1.000000
vn 0.967991 -0.015313 0.250517
v 532.023010 4586.718262 49.259048 1.000000 1.000000 1.000000
vn 0.623779 -0.679156 0.386842
v 531.942200 4587.660156 49.443344 1.000000 1.000000 1.000000
vn 0.919990 -0.298852 0.253586
v 532.517029 4588.026367 49.475132 1.000000 1.000000 1.000000
vn 0.611292 -0.659288 -0.437791
v 532.096924 4588.633301 49.468781 1.000000 1.000000 1.000000
vn 0.772961 0.521988 -0.360638
v 532.462097 4588.927734 49.396767 1.000000 1.000000 1.000000
vn 0.995157 0.043573 0.088113
v 531.695313 4589.788574 49.305637 1.000000 1.000000 1.000000
vn 0.998858 -0.038381 0.028465
v 531.694946 4569.636230 49.316071 1.000000 1.000000 1.000000
vn 0.972048 0.174495 -0.157084
v 532.518494 4570.570801 49.384205 1.000000 1.000000 1.000000
vn 0.641152 0.515297 -0.568676
v 532.118164 4571.027832 49.428925 1.000000 1.000000 1.000000
vn 0.999943 -0.007287 0.007771
v 532.031799 4573.177734 49.383659 1.000000 1.000000 1.000000
vn 0.985377 -0.114826 0.125883
v 532.096069 4575.730469 49.359680 1.000000 1.000000 1.000000
vn 0.727231 -0.610376 0.313968
v 532.488953 4576.191406 49.517975 1.000000 1.000000 1.000000
vn 0.877618 0.417529 -0.235490
v 532.517395 4576.275879 49.439220 1.000000 1.000000 1.000000
vn 0.999994 -0.001062 0.003263
v 531.900879 4579.283203 49.316074 1.000000 1.000000 1.000000
vn 0.966093 -0.094586 0.240245
v 531.908142 4580.844727 49.479137 1.000000 1.000000 1.000000
vn 0.922898 0.020008 0.384524
v 532.003479 4581.141113 49.411388 1.000000 1.000000 1.000000
vn 0.979963 -0.040316 0.195059
v 531.908752 4581.918945 49.452610 1.000000 1.000000 1.000000
vn 0.665044 -0.725962 0.175200
v 532.140259 4582.927734 49.386425 1.000000 1.000000 1.000000
vn 0.984482 0.027636 0.173295
v 532.037048 4584.406738 49.494541 1.000000 1.000000 1.000000
vn 0.694073 0.120862 0.709686
v 532.118286 4585.894043 49.339481 1.000000 1.000000 1.000000
vn 0.957201 -0.258668 0.129833
v 531.903503 4587.561523 49.350826 1.000000 1.000000 1.000000
vn 0.522676 0.641795 -0.561168
v 532.155945 4588.309082 49.416161 1.000000 1.000000 1.000000
vn 0.745064 -0.413489 -0.523361
v 532.459229 4588.870117 49.378319 1.000000 1.000000 1.000000
vn 0.977507 0.171890 0.122207
v 531.699036 4589.416016 49.382446 1.000000 1.000000 1.000000
vn 0.894021 -0.448004 0.004316
v 531.694946 4568.713867 49.267494 0.000000 0.000000 0.000000
vn 0.910166 -0.354216 0.214775
v 531.707703 4569.811035 49.365967 1.000000 1.000000 1.000000
vn 0.993694 0.083309 -0.075041
v 532.033020 4571.131836 49.297989 1.000000 1.000000 1.000000
vn 0.993039 -0.077544 0.088656
v 532.034363 4573.343262 49.482155 1.000000 1.000000 1.000000
vn 0.667663 0.508549 -0.543694
v 532.472229 4574.262695 49.372898 1.000000 1.000000 1.000000
vn 0.948266 0.223952 -0.225025
v 532.138245 4574.594727 49.333630 1.000000 1.000000 1.000000
vn 0.544121 0.764152 -0.346417
v 532.445313 4576.354980 49.453007 1.000000 1.000000 1.000000
vn 0.997118 -0.024822 0.071689
v 531.901489 4579.700684 49.230766 1.000000 1.000000 1.000000
vn 0.993796 -0.027558 0.107749
v 531.902954 4580.142090 49.337852 1.000000 1.000000 1.000000
vn 0.486264 -0.825439 0.286702
v 532.409180 4583.039063 49.293484 1.000000 1.000000 1.000000
vn 0.875167 -0.435697 0.210360
v 532.517883 4583.146973 49.360504 1.000000 1.000000 1.000000
vn 0.613396 0.784516 -0.090997
v 532.468445 4583.268555 49.419170 1.000000 1.000000 1.000000
vn 0.982826 0.173880 0.061805
v 532.026245 4587.201660 49.307568 1.000000 1.000000 1.000000
vn 0.971488 0.237012 0.006024
v 531.902527 4587.451660 49.244160 1.000000 1.000000 1.000000
vn 0.446417 -0.741924 0.500261
v 532.065186 4587.753418 49.459579 1.000000 1.000000 1.000000
vn 0.874948 -0.482518 -0.040525
v 532.053833 4588.658203 49.274906 1.000000 1.000000 1.000000
vn 0.646176 0.249024 -0.721418
v 532.396912 4588.910156 49.306149 1.000000 1.000000 1.000000
vn 0.484710 0.764340 -0.425254
v 532.354431 4588.978516 49.332649 1.000000 1.000000 1.000000
vn 0.503493 0.863676 -0.023624
v 531.926575 4589.171387 49.350002 1.000000 1.000000 1.000000
vn 0.865236 0.353620 0.355414
v 531.732239 4589.351074 49.303787 1.000000 1.000000 1.000000
vn 0.619083 -0.673070 0.404614
v 531.971436 4570.167480 49.359619 1.000000 1.000000 1.000000
vn 0.517397 -0.668779 0.533886
v 532.456177 4570.412598 49.365093 1.000000 1.000000 1.000000
vn 0.883386 0.340497 -0.322011
v 532.056274 4571.054199 49.339146 1.000000 1.000000 1.000000
vn 0.614989 -0.574507 0.540120
v 532.472534 4573.907227 49.288757 1.000000 1.000000 1.000000
vn 0.597640 0.570114 -0.563734
v 532.280579 4574.221680 49.173561 1.000000 1.000000 1.000000
vn 0.829392 -0.438213 0.346523
v 532.128906 4575.812500 49.335136 1.000000 1.000000 1.000000
vn 0.551712 -0.677625 0.486249
v 532.454895 4575.975098 49.223530 1.000000 1.000000 1.000000
vn 0.902690 0.423960 -0.073543
v 532.040344 4576.606445 49.535854 1.000000 1.000000 1.000000
vn 0.999384 0.021366 0.027831
v 531.900635 4577.198730 49.282890 1.000000 1.000000 1.000000
vn 0.938719 -0.127109 0.320390
v 532.012268 4580.884766 49.264469 1.000000 1.000000 1.000000
vn 0.977415 -0.089631 0.191379
v 532.025269 4582.244141 49.280647 1.000000 1.000000 1.000000
vn 0.552124 -0.828315 -0.095150
v 532.133850 4582.905762 49.263409 1.000000 1.000000 1.000000
vn 0.907373 0.400255 -0.128336
v 532.519714 4583.176270 49.250679 1.000000 1.000000 1.000000
vn 0.519338 0.845219 -0.126069
v 532.115356 4583.457520 49.502525 1.000000 1.000000 1.000000
vn 0.838847 0.541994 -0.050781
v 532.051331 4583.469727 49.284878 1.000000 1.000000 1.000000
vn 0.957680 0.067133 0.279899
v 532.113098 4584.666992 49.212341 1.000000 1.000000 1.000000
vn 0.680592 -0.124045 0.722085
v 532.168884 4585.564453 49.294437 1.000000 1.000000 1.000000
vn 0.648622 0.416556 0.637001
v 532.136230 4585.987793 49.287804 1.000000 1.000000 1.000000
vn 0.949882 0.138956 0.280028
v 532.008362 4586.415527 49.327396 1.000000 1.000000 1.000000
vn 0.476179 -0.765267 0.433151
v 532.449646 4587.675781 49.077278 1.000000 1.000000 1.000000
vn 0.789522 0.563679 -0.242735
v 532.093079 4588.298340 49.318130 1.000000 1.000000 1.000000
vn 0.943696 0.324286 -0.065398
v 532.050903 4588.375488 49.312996 1.000000 1.000000 1.000000
vn 0.766606 -0.634658 -0.097598
v 532.182190 4588.795410 49.184227 1.000000 1.000000 1.000000
vn 0.847913 0.209313 0.487064
v 531.713745 4589.729004 49.242378 1.000000 1.000000 1.000000
vn 0.808131 -0.498716 0.313381
v 531.854004 4569.924316 49.220150 1.000000 1.000000 1.000000
vn 0.565029 0.732661 -0.379408
v 532.179504 4576.384766 49.256287 1.000000 1.000000 1.000000
vn 0.994104 0.019376 0.106690
v 531.902344 4577.917969 49.101799 1.000000 1.000000 1.000000
vn 0.579956 -0.809634 -0.090242
v 532.485046 4583.065430 49.200268 1.000000 1.000000 1.000000
vn 0.983386 -0.080662 0.162623
v 532.038635 4583.945313 49.326878 1.000000 1.000000 1.000000
vn 0.924756 -0.144336 0.352127
v 532.154236 4585.271973 49.303185 1.000000 1.000000 1.000000
vn 0.876776 -0.128360 0.463451
v 532.182922 4585.411621 49.257118 1.000000 1.000000 1.000000
vn 0.974071 0.225210 -0.021609
v 532.024719 4587.223633 49.086658 1.000000 1.000000 1.000000
vn 0.755951 -0.539096 0.371368
v 532.497559 4587.826660 49.252396 1.000000 1.000000 1.000000
vn 0.999070 0.042186 -0.008869
v 532.523987 4587.886719 49.237667 1.000000 1.000000 1.000000
vn 0.679436 0.610377 -0.407193
v 532.476990 4587.980957 49.254410 1.000000 1.000000 1.000000
vn 0.967744 0.004880 0.251889
v 532.031799 4588.563965 49.257328 1.000000 1.000000 1.000000
vn 0.821731 -0.290494 0.490276
v 532.065369 4588.649414 49.199284 1.000000 1.000000 1.000000
vn 0.826617 -0.051635 -0.560391
v 532.209106 4588.863281 49.173088 1.000000 1.000000 1.000000
vn 0.599538 0.516887 -0.611050
v 532.173767 4588.942871 49.171612 1.000000 1.000000 1.000000
vn 0.566546 0.757361 -0.324700
v 532.027710 4589.089355 49.227287 1.000000 1.000000 1.000000
vn 0.624320 0.006222 0.781144
v 531.808960 4589.552734 49.185776 1.000000 1.000000 1.000000
vn 0.630012 0.546247 -0.551996
v 532.194275 4570.784668 49.263573 1.000000 1.000000 1.000000
vn 0.926844 -0.244690 0.284757
v 532.132385 4575.606445 49.123272 1.000000 1.000000 1.000000
vn 0.800036 0.480615 -0.359099
v 532.506470 4576.041504 49.078518 1.000000 1.000000 1.000000
vn 0.837730 0.476948 -0.265949
v 532.083069 4576.421875 49.156761 1.000000 1.000000 1.000000
vn 0.939834 -0.100613 0.326480
v 531.923706 4579.891113 49.194218 1.000000 1.000000 1.000000
vn 0.851034 -0.084411 0.518281
v 532.073792 4581.175781 49.179611 1.000000 1.000000 1.000000
vn 0.944781 0.113156 0.307547
v 532.014465 4581.537109 49.146378 1.000000 1.000000 1.000000
vn 0.981337 -0.104895 0.161169
v 532.028625 4582.474121 49.414715 1.000000 1.000000 1.000000
vn 0.853360 -0.463922 -0.237811
v 532.041870 4582.828125 49.229008 1.000000 1.000000 1.000000
vn 0.889568 -0.158554 -0.428404
v 532.513428 4583.122070 49.157509 1.000000 1.000000 1.000000
vn 0.986012 0.093922 0.137693
v 532.034058 4583.531250 49.217712 1.000000 1.000000 1.000000
vn 0.904370 -0.036785 0.425161
v 532.169128 4584.358887 49.124466 1.000000 1.000000 1.000000
vn 0.661251 -0.095885 0.744012
v 532.449219 4585.712891 49.141033 1.000000 1.000000 1.000000
vn 0.606152 0.242705 0.757413
v 532.439819 4585.854492 49.148548 1.000000 1.000000 1.000000
vn 0.868562 0.347411 0.353420
v 532.053955 4586.172852 49.252167 1.000000 1.000000 1.000000
vn 0.823035 -0.467875 0.322036
v 531.903992 4587.501465 49.213081 1.000000 1.000000 1.000000
vn 0.871365 0.437310 -0.222448
v 532.175171 4588.875488 49.119068 1.000000 1.000000 1.000000
vn 0.723468 0.688773 -0.046747
v 532.052612 4588.986816 49.076599 1.000000 1.000000 1.000000
vn 0.804191 0.579177 0.133534
v 531.890076 4589.214355 49.184845 1.000000 1.000000 1.000000
vn 0.665227 0.504376 0.550525
v 531.761230 4589.789063 49.145092 1.000000 1.000000 1.000000
vn 0.837415 0.386556 -0.386407
v 532.078857 4570.843262 49.137638 1.000000 1.000000 1.000000
vn 0.991219 0.087723 -0.098938
v 532.035889 4570.856445 49.006649 1.000000 1.000000 1.000000
vn 0.854229 -0.390868 0.342805
v 532.149719 4573.437988 49.074154 1.000000 1.000000 1.000000
vn 0.539926 -0.639978 0.546725
v 532.416260 4573.600586 49.000710 1.000000 1.000000 1.000000
vn 0.978717 -0.148084 0.142074
v 532.529663 4573.983887 49.258995 1.000000 1.000000 1.000000
vn 0.989362 0.113222 -0.091339
v 532.129761 4574.435059 49.036572 1.000000 1.000000 1.000000
vn 0.604362 -0.609245 0.513389
v 532.205017 4575.762207 49.166954 1.000000 1.000000 1.000000
vn 0.996495 -0.074101 0.038830
v 532.526001 4576.077637 49.222977 1.000000 1.000000 1.000000
vn 0.982091 0.171183 -0.078703
v 532.034973 4576.539063 49.106129 1.000000 1.000000 1.000000
vn 0.947926 0.246892 0.201196
v 531.909912 4577.164551 49.143959 1.000000 1.000000 1.000000
vn 0.993259 -0.022874 0.113636
v 531.901489 4579.206543 49.122578 1.000000 1.000000 1.000000
vn 0.945266 -0.067943 0.319147
v 531.923645 4579.258301 49.029270 1.000000 1.000000 1.000000
vn 0.962869 -0.065544 0.261893
v 532.015015 4580.337891 49.110634 1.000000 1.000000 1.000000
vn 0.949506 -0.188870 0.250534
v 532.043274 4580.942871 49.146774 1.000000 1.000000 1.000000
vn 0.827502 0.276444 0.488691
v 532.066345 4581.338379 49.146191 1.000000 1.000000 1.000000
vn 0.978029 -0.051600 0.201984
v 532.023315 4581.982910 49.217361 1.000000 1.000000 1.000000
vn 0.979567 0.087557 -0.181061
v 532.027222 4582.757813 49.199051 1.000000 1.000000 1.000000
vn 0.462689 -0.781502 -0.418537
v 532.058228 4582.895996 49.138645 1.000000 1.000000 1.000000
vn 0.606327 0.651220 -0.456378
v 532.451904 4583.204590 49.152843 1.000000 1.000000 1.000000
vn 0.949836 0.295188 0.103322
v 532.086182 4583.430176 49.056530 1.000000 1.000000 1.000000
vn 0.935837 -0.158032 0.315015
v 532.110840 4584.920410 49.205761 1.000000 1.000000 1.000000
vn 0.665832 0.570518 0.480809
v 532.121948 4586.152832 49.155167 1.000000 1.000000 1.000000
vn 0.671928 0.665553 -0.324889
v 532.216736 4588.119629 49.177135 1.000000 1.000000 1.000000
vn 0.861042 -0.052470 0.505821
v 532.158020 4588.380371 49.081272 1.000000 1.000000 1.000000
vn 0.820722 -0.062439 0.567906
v 532.195007 4588.774902 49.114872 1.000000 1.000000 1.000000
vn 0.826487 -0.002934 0.562948
v 531.857300 4589.350586 49.116116 1.000000 1.000000 1.000000
vn 0.530772 0.408332 0.742662
v 531.810059 4589.726563 49.146835 1.000000 1.000000 1.000000
vn 0.955336 0.209808 0.208119
v 531.702087 4589.844238 49.198029 1.000000 1.000000 1.000000
vn 0.851013 -0.427836 0.304522
v 531.720459 4569.651367 49.144726 1.000000 1.000000 1.000000
vn 0.637974 0.603106 -0.478804
v 532.469971 4570.526855 49.246590 1.000000 1.000000 1.000000
vn 0.797669 0.432201 -0.420627
v 532.506592 4574.038574 49.204575 1.000000 1.000000 1.000000
vn 0.845572 0.387359 -0.367370
v 532.169556 4574.391113 49.179386 1.000000 1.000000 1.000000
vn 0.842731 -0.433552 0.319118
v 532.513062 4575.961914 49.116974 1.000000 1.000000 1.000000
vn 0.933390 0.065850 0.352770
v 531.930969 4577.847656 49.013035 1.000000 1.000000 1.000000
vn 0.602895 -0.168392 0.779847
v 532.209351 4581.181152 49.056690 1.000000 1.000000 1.000000
vn 0.719151 -0.479270 -0.503113
v 532.017212 4582.851563 49.144650 1.000000 1.000000 1.000000
vn 0.451568 -0.706283 -0.545208
v 532.370300 4583.041992 49.101067 1.000000 1.000000 1.000000
vn 0.577655 -0.086831 -0.811650
v 532.405334 4583.123535 49.057762 1.000000 1.000000 1.000000
vn 0.681825 -0.450954 0.575982
v 532.247314 4585.389160 49.131691 1.000000 1.000000 1.000000
vn 0.833173 -0.238927 0.498736
v 532.507813 4585.597656 49.051361 1.000000 1.000000 1.000000
vn 0.972415 0.120128 0.199946
v 532.518005 4585.796875 49.062889 1.000000 1.000000 1.000000
vn 0.992331 -0.028361 -0.120314
v 532.490112 4585.924316 48.985245 1.000000 1.000000 1.000000
vn 0.817853 0.348237 0.458092
v 532.469604 4585.971191 49.038544 1.000000 1.000000 1.000000
vn 0.796933 0.531470 -0.287121
v 532.519104 4587.778320 48.978748 1.000000 1.000000 1.000000
vn 0.948938 0.300532 0.095907
v 532.165466 4588.205566 49.128548 1.000000 1.000000 1.000000
vn 0.617917 -0.235882 0.750026
v 532.181091 4588.494629 49.077557 1.000000 1.000000 1.000000
vn 0.995685 0.087856 0.029871
v 531.694946 4590.006836 49.024612 1.000000 1.000000 1.000000
vn 0.986346 -0.140002 0.086721
v 531.697632 4569.541016 49.110394 1.000000 1.000000 1.000000
vn 0.915073 -0.339529 0.217627
v 532.518921 4570.282715 49.071205 1.000000 1.000000 1.000000
vn 0.932692 0.310882 -0.182862
v 532.519775 4570.380371 49.129486 1.000000 1.000000 1.000000
vn 0.682936 0.536195 -0.496078
v 532.125000 4570.616211 49.037888 1.000000 1.000000 1.000000
vn 0.574204 -0.621367 0.533097
v 532.221802 4573.576172 49.131165 1.000000 1.000000 1.000000
vn 0.990426 -0.105982 0.088452
v 532.524719 4573.712402 48.961731 1.000000 1.000000 1.000000
vn 0.958531 0.221086 0.179831
v 532.012451 4577.067383 48.967575 1.000000 1.000000 1.000000
vn 0.966798 0.053223 0.249936
v 531.910278 4577.287109 49.076279 1.000000 1.000000 1.000000
vn 0.580723 0.449634 0.678668
v 532.256531 4581.309082 49.009823 1.000000 1.000000 1.000000
vn 0.869953 0.196575 -0.452260
v 531.957703 4582.810547 49.065205 1.000000 1.000000 1.000000
vn 0.742173 0.329339 -0.583708
v 532.188721 4583.243652 48.951881 1.000000 1.000000 1.000000
vn 0.654172 0.724346 -0.217673
v 532.155396 4583.330078 49.050388 1.000000 1.000000 1.000000
vn 0.765206 -0.492117 0.415068
v 532.499634 4585.435547 48.924465 1.000000 1.000000 1.000000
vn 0.926474 0.303138 0.223057
v 532.044434 4586.312500 49.091290 1.000000 1.000000 1.000000
vn 0.989257 -0.068798 0.128983
v 531.941223 4587.390625 49.033348 1.000000 1.000000 1.000000
vn 0.636198 0.563152 0.527363
v 532.204956 4588.854492 49.070488 1.000000 1.000000 1.000000
vn 0.940905 -0.018645 0.338156
v 531.894165 4589.293945 49.037025 1.000000 1.000000 1.000000
vn 0.545279 -0.393914 0.739934
v 531.930420 4589.471680 49.091450 1.000000 1.000000 1.000000
vn 0.443762 0.718420 0.535675
v 532.227844 4589.693848 48.950447 1.000000 1.000000 1.000000
vn 0.486016 0.746578 0.454323
v 531.899292 4589.805176 49.007294 1.000000 1.000000 1.000000
vn 0.905240 0.424745 0.011466
v 531.702271 4589.957031 48.821457 1.000000 1.000000 1.000000
vn 0.911524 -0.361374 0.196296
v 531.881226 4569.715332 48.905983 1.000000 1.000000 1.000000
vn 0.809435 -0.523287 0.266433
v 531.920166 4569.927734 49.021011 1.000000 1.000000 1.000000
vn 0.983939 -0.135678 0.116001
v 532.038391 4572.992676 48.995193 1.000000 1.000000 1.000000
vn 0.999286 0.037010 -0.007548
v 532.116333 4574.748535 49.156376 1.000000 1.000000 1.000000
vn 0.526634 0.686254 -0.501709
v 532.432434 4576.056152 49.001255 1.000000 1.000000 1.000000
vn 0.945366 -0.085614 0.314568
v 531.913696 4579.561035 49.067997 1.000000 1.000000 1.000000
vn 0.938247 -0.126960 0.321828
v 532.013977 4579.853027 49.008171 1.000000 1.000000 1.000000
vn 0.733503 -0.439708 0.518296
v 532.119873 4581.016113 49.035797 1.000000 1.000000 1.000000
vn 0.686481 -0.111158 0.718602
v 532.437683 4581.243164 48.919010 1.000000 1.000000 1.000000
vn 0.768766 0.531437 0.355773
v 532.069946 4581.439941 49.049488 1.000000 1.000000 1.000000
vn 0.432595 -0.650883 -0.623870
v 532.109741 4583.064941 48.940533 1.000000 1.000000 1.000000
vn 0.590170 -0.174510 -0.788191
v 532.201172 4583.156738 48.939121 1.000000 1.000000 1.000000
vn 0.802915 -0.292979 0.519126
v 532.234802 4584.222656 48.946705 1.000000 1.000000 1.000000
vn 0.689460 0.101089 0.717235
v 532.229736 4584.522461 49.014153 1.000000 1.000000 1.000000
vn 0.938100 0.010401 0.346207
v 532.141663 4584.818359 49.014114 1.000000 1.000000 1.000000
vn 0.832668 -0.380781 0.402081
v 532.251038 4585.175293 48.862617 1.000000 1.000000 1.000000
vn 0.525891 -0.730312 0.435984
v 532.011902 4587.472168 49.031353 1.000000 1.000000 1.000000
vn 0.914274 -0.353323 0.198155
v 532.522278 4587.736816 49.051407 1.000000 1.000000 1.000000
vn 0.640092 -0.168693 0.749550
v 532.462463 4588.636719 48.954296 1.000000 1.000000 1.000000
vn 0.523746 -0.021486 0.851604
v 532.267273 4589.608398 48.964779 1.000000 1.000000 1.000000
vn 0.846651 -0.516326 0.128799
v 531.915039 4569.841797 48.803692 1.000000 1.000000 1.000000
vn 0.511927 -0.813827 0.274985
v 532.014160 4569.949219 48.897381 1.000000 1.000000 1.000000
vn 0.500085 -0.773653 0.389072
v 532.451355 4570.195801 49.037716 1.000000 1.000000 1.000000
vn 0.614154 0.706297 -0.352079
v 532.489197 4570.353027 48.991650 1.000000 1.000000 1.000000
vn 0.856915 0.473891 -0.202790
v 532.058777 4570.567383 48.851864 1.000000 1.000000 1.000000
vn 0.780500 -0.473588 0.408087
v 532.507141 4573.704102 49.010700 1.000000 1.000000 1.000000
vn 0.716610 0.584823 -0.380068
v 532.094727 4576.297363 49.019089 1.000000 1.000000 1.000000
vn 0.938092 0.071989 0.338823
v 531.916077 4578.070801 48.954391 1.000000 1.000000 1.000000
vn 0.960261 -0.067808 0.270742
v 531.911194 4579.029785 48.974415 1.000000 1.000000 1.000000
vn 0.996646 -0.020830 0.079137
v 532.031311 4580.064453 48.960518 1.000000 1.000000 1.000000
vn 0.632429 0.708075 0.314108
v 532.473267 4581.306641 48.831074 1.000000 1.000000 1.000000
vn 0.593749 0.742073 0.311110
v 532.123108 4581.449707 48.927757 1.000000 1.000000 1.000000
vn 0.995676 0.092309 -0.010377
v 532.029480 4582.592285 48.955860 1.000000 1.000000 1.000000
vn 0.874106 -0.048144 -0.483344
v 531.850647 4582.883789 48.936970 1.000000 1.000000 1.000000
vn 0.953088 -0.141855 0.267396
v 532.133301 4583.767578 48.958782 1.000000 1.000000 1.000000
vn 0.767312 -0.127479 0.628476
v 532.236023 4584.369141 49.002346 1.000000 1.000000 1.000000
vn 0.782578 0.229005 0.578902
v 532.171814 4584.664551 49.024582 1.000000 1.000000 1.000000
vn 0.809521 0.121837 -0.574310
v 532.486389 4585.753418 48.967190 1.000000 1.000000 1.000000
vn 0.535023 0.662718 0.523979
v 532.434998 4586.102539 48.963539 1.000000 1.000000 1.000000
vn 0.683756 0.632882 0.363232
v 532.105835 4586.284668 48.978096 1.000000 1.000000 1.000000
vn 0.962030 0.239932 0.130122
v 532.039856 4586.456543 48.869202 1.000000 1.000000 1.000000
vn 0.751079 0.596113 -0.283778
v 532.219238 4588.032715 49.020527 1.000000 1.000000 1.000000
vn 0.974386 -0.184713 0.128272
v 532.169800 4588.294922 49.011879 1.000000 1.000000 1.000000
vn 0.838868 -0.338416 0.426350
v 532.513184 4588.521973 48.851467 1.000000 1.000000 1.000000
vn 0.745979 0.228127 0.625679
v 532.499329 4588.746094 48.926445 1.000000 1.000000 1.000000
vn 0.565638 0.729186 0.385152
v 532.086670 4589.039551 48.929733 1.000000 1.000000 1.000000
vn 0.713802 -0.507724 0.482393
v 531.956909 4589.388184 48.991062 1.000000 1.000000 1.000000
vn 0.487385 0.866420 0.108502
v 531.795105 4589.872070 48.938850 1.000000 1.000000 1.000000
vn 0.925052 -0.368294 0.092946
v 532.517944 4570.191895 48.898258 1.000000 1.000000 1.000000
vn 0.560920 0.734729 -0.381501
v 532.122314 4570.529785 48.910587 1.000000 1.000000 1.000000
vn 0.923197 0.291668 -0.250274
v 532.515625 4573.774414 48.929398 1.000000 1.000000 1.000000
vn 0.995189 0.088706 0.041600
v 532.028687 4576.901367 49.102180 1.000000 1.000000 1.000000
vn 0.964092 0.069860 0.256217
v 532.021545 4577.854980 48.804882 1.000000 1.000000 1.000000
vn 0.816292 0.524158 -0.242748
v 532.005432 4582.641602 48.877880 1.000000 1.000000 1.000000
vn 0.632084 -0.653694 -0.416118
v 531.872314 4582.956543 48.903507 1.000000 1.000000 1.000000
vn 0.764882 -0.558680 -0.320674
v 532.100098 4583.128418 48.847607 1.000000 1.000000 1.000000
vn 0.998572 -0.002794 0.053347
v 532.531433 4585.518066 48.922775 1.000000 1.000000 1.000000
vn 0.753989 -0.311921 -0.578106
v 532.454895 4585.892090 48.933319 1.000000 1.000000 1.000000
vn 0.628290 -0.709466 0.319233
v 531.990784 4587.384277 48.887215 1.000000 1.000000 1.000000
vn 0.998828 0.040728 -0.026167
v 532.525391 4587.614258 48.742874 1.000000 1.000000 1.000000
vn 0.932263 0.343168 -0.114551
v 532.192322 4588.010742 48.854771 1.000000 1.000000 1.000000
vn 0.987160 -0.077153 0.139864
v 532.526978 4588.632324 48.866158 1.000000 1.000000 1.000000
vn 0.916790 0.237914 0.320770
v 531.943787 4589.236328 48.846901 1.000000 1.000000 1.000000
vn 0.629673 0.526610 0.571134
v 532.372620 4589.637207 48.876652 1.000000 1.000000 1.000000
vn 0.785029 0.584890 0.204040
v 531.711914 4589.923828 49.033051 1.000000 1.000000 1.000000
vn 0.969544 -0.244906 0.002343
v 531.694946 4568.713867 48.781731 0.000000 0.000000 0.000000
vn 0.999943 -0.010008 0.003811
v 531.694946 4569.328613 48.781731 1.000000 1.000000 1.000000
vn 0.843172 0.451268 -0.292265
v 532.512756 4570.273926 48.873299 1.000000 1.000000 1.000000
vn 0.617364 -0.621982 0.481665
v 532.465454 4573.407715 48.713692 1.000000 1.000000 1.000000
vn 0.988956 -0.090121 0.117663
v 532.121155 4575.253906 48.927727 1.000000 1.000000 1.000000
vn 0.948236 0.088958 0.304853
v 532.018372 4577.223633 48.853157 1.000000 1.000000 1.000000
vn 0.952952 -0.040348 0.300424
v 532.012268 4579.058105 48.763313 1.000000 1.000000 1.000000
vn 0.981255 -0.128814 0.143335
v 532.036499 4580.605469 48.824200 1.000000 1.000000 1.000000
vn 0.699558 -0.471517 0.536926
v 532.469727 4581.183594 48.861202 1.000000 1.000000 1.000000
vn 0.912366 0.388930 0.127758
v 532.039307 4581.533691 48.960400 1.000000 1.000000 1.000000
vn 0.919204 0.393122 0.022765
v 532.040344 4582.564941 48.742970 1.000000 1.000000 1.000000
vn 0.816016 0.403692 -0.413704
v 531.837036 4582.831055 48.869865 1.000000 1.000000 1.000000
vn 0.783782 -0.100205 0.612898
v 532.491333 4584.460449 48.810535 1.000000 1.000000 1.000000
vn 0.890910 0.285516 -0.353215
v 532.515381 4585.617188 48.935848 1.000000 1.000000 1.000000
vn 0.766982 0.010523 -0.641582
v 532.285950 4585.807129 48.800518 1.000000 1.000000 1.000000
vn 0.931536 0.272545 0.240750
v 532.508118 4586.070801 48.897209 1.000000 1.000000 1.000000
vn 0.631148 0.696172 -0.342048
v 532.297363 4587.885254 48.849552 1.000000 1.000000 1.000000
vn 0.701580 -0.530311 0.475980
v 532.229980 4588.372559 48.969090 1.000000 1.000000 1.000000
vn 0.749897 -0.049529 0.659698
v 532.433777 4589.566895 48.826889 1.000000 1.000000 1.000000
vn 0.496331 0.867321 0.037559
v 532.409851 4589.665527 48.730537 1.000000 1.000000 1.000000
vn 0.996400 -0.084472 -0.007213
v 532.493713 4570.141113 48.712444 1.000000 1.000000 1.000000
vn 0.997451 -0.068924 -0.018451
v 532.029907 4570.854980 48.807732 1.000000 1.000000 1.000000
vn 0.925106 0.282785 -0.253399
v 532.151306 4574.099121 48.854065 1.000000 1.000000 1.000000
vn 0.888505 -0.341831 0.306122
v 532.514771 4575.766602 48.869640 1.000000 1.000000 1.000000
vn 0.997988 0.033492 0.053837
v 532.031494 4577.087402 48.748058 1.000000 1.000000 1.000000
vn 0.981951 -0.058463 0.179873
v 532.024536 4579.634277 48.841522 1.000000 1.000000 1.000000
vn 0.636288 -0.626962 0.449507
v 532.178467 4580.967773 48.870232 1.000000 1.000000 1.000000
vn 0.988132 -0.005053 0.153527
v 532.036987 4582.142578 48.717754 1.000000 1.000000 1.000000
vn 0.663221 0.684950 -0.301631
v 531.906189 4582.722168 48.830284 1.000000 1.000000 1.000000
vn 0.852326 -0.519303 -0.062161
v 531.784851 4582.854492 48.737755 1.000000 1.000000 1.000000
vn 0.966212 0.236120 -0.103351
v 532.124878 4583.311523 48.884907 1.000000 1.000000 1.000000
vn 0.988126 0.081960 0.129962
v 532.522827 4584.684570 48.706188 1.000000 1.000000 1.000000
vn 0.868488 0.137314 0.476312
v 532.243103 4584.893555 48.837212 1.000000 1.000000 1.000000
vn 0.563598 0.801682 0.199157
v 532.451721 4586.189453 48.745560 1.000000 1.000000 1.000000
vn 0.996807 0.059096 -0.053690
v 531.932068 4587.209961 48.723267 1.000000 1.000000 1.000000
vn 0.746122 -0.605088 0.277795
v 532.499817 4587.599121 48.832092 1.000000 1.000000 1.000000
vn 0.960714 0.152646 -0.231792
v 532.519775 4588.588379 48.771461 1.000000 1.000000 1.000000
vn 0.606772 0.672494 0.423769
v 532.476196 4588.889648 48.836540 1.000000 1.000000 1.000000
vn 0.675608 0.693768 0.249479
v 532.049683 4589.130859 48.789616 1.000000 1.000000 1.000000
vn 0.732037 0.576516 0.362975
v 532.432190 4589.636230 48.786037 1.000000 1.000000 1.000000
vn 0.862244 -0.465288 0.200105
v 531.721191 4569.470703 48.803837 1.000000 1.000000 1.000000
vn 0.986102 -0.118652 0.116295
v 532.035767 4572.750977 48.780792 1.000000 1.000000 1.000000
vn 0.935197 0.287618 -0.206596
v 532.525818 4573.439941 48.548130 1.000000 1.000000 1.000000
vn 0.711614 0.522322 -0.469878
v 532.203979 4574.032715 48.889244 1.000000 1.000000 1.000000
vn 0.988267 0.114496 -0.101088
v 532.520996 4575.784180 48.820782 1.000000 1.000000 1.000000
vn 0.633427 0.633753 -0.443992
v 532.148987 4576.145508 48.855133 1.000000 1.000000 1.000000
vn 0.956625 0.052891 0.286482
v 532.013794 4578.047363 48.756161 1.000000 1.000000 1.000000
vn 0.940529 -0.075927 0.331119
v 532.018188 4579.289063 48.836784 1.000000 1.000000 1.000000
vn 0.864569 -0.402885 0.300341
v 532.085083 4580.792480 48.834145 1.000000 1.000000 1.000000
vn 0.837676 -0.425986 0.341811
v 532.273315 4584.099609 48.782257 1.000000 1.000000 1.000000
vn 0.991800 -0.088833 0.091877
v 532.530212 4585.365234 48.695820 1.000000 1.000000 1.000000
vn 0.713966 -0.551099 -0.431905
v 532.281006 4585.898926 48.726353 1.000000 1.000000 1.000000
vn 0.839869 -0.500029 -0.211165
v 532.507446 4586.024902 48.856770 1.000000 1.000000 1.000000
vn 0.654386 0.717633 0.238292
v 532.131042 4586.336914 48.818138 1.000000 1.000000 1.000000
vn 0.956181 0.265706 -0.122956
v 532.025513 4587.017090 48.723988 1.000000 1.000000 1.000000
vn 0.693351 0.645767 -0.319765
v 532.484985 4587.705566 48.772167 1.000000 1.000000 1.000000
vn 0.995824 -0.089818 0.016361
v 532.141541 4588.182129 48.776726 1.000000 1.000000 1.000000
vn 0.892230 -0.216233 -0.396445
v 532.498108 4588.756836 48.761883 1.000000 1.000000 1.000000
vn 0.701299 -0.563495 0.436638
v 532.040161 4589.282227 48.660011 1.000000 1.000000 1.000000
vn 0.536082 0.843239 -0.039541
v 531.784485 4589.880371 48.798435 1.000000 1.000000 1.000000
vn 0.546582 -0.806540 0.225260
v 532.434875 4570.063477 48.700623 1.000000 1.000000 1.000000
vn 0.878229 -0.362366 0.312098
v 532.138611 4573.161133 48.756542 1.000000 1.000000 1.000000
vn 0.608362 -0.622442 0.492404
v 532.200317 4573.278320 48.796410 1.000000 1.000000 1.000000
vn 0.642479 0.584900 -0.495089
v 532.481201 4573.680664 48.760628 1.000000 1.000000 1.000000
vn 0.692814 0.545993 -0.471063
v 532.487793 4575.796875 48.745289 1.000000 1.000000 1.000000
vn 0.970939 0.207951 -0.118467
v 532.038086 4576.324219 48.846691 1.000000 1.000000 1.000000
vn 0.997875 0.009560 0.064448
v 532.031738 4577.955566 48.644455 1.000000 1.000000 1.000000
vn 0.996547 -0.017153 0.081236
v 532.031067 4579.059570 48.654964 1.000000 1.000000 1.000000
vn 0.968801 0.069815 0.237803
v 532.525574 4581.231934 48.781815 1.000000 1.000000 1.000000
vn 0.965434 0.203038 0.163441
v 532.038757 4581.608887 48.739677 1.000000 1.000000 1.000000
vn 0.799174 -0.583448 0.144600
v 532.068909 4583.086914 48.768230 1.000000 1.000000 1.000000
vn 0.978626 -0.164271 -0.123717
v 532.119995 4583.210938 48.797981 1.000000 1.000000 1.000000
vn 0.956562 -0.008285 -0.291410
v 532.523376 4584.584473 48.686443 1.000000 1.000000 1.000000
vn 0.717074 0.311252 0.623641
v 532.492554 4584.680176 48.774334 1.000000 1.000000 1.000000
vn 0.935621 -0.173970 -0.307160
v 532.234253 4585.832520 48.705170 1.000000 1.000000 1.000000
vn 0.999968 0.006579 0.004493
v 532.526794 4588.838867 48.771729 1.000000 1.000000 1.000000
vn 0.523120 -0.650715 0.550378
v 532.381287 4589.521484 48.846584 1.000000 1.000000 1.000000
vn 0.940739 -0.019551 0.338568
v 532.502930 4589.563477 48.723194 1.000000 1.000000 1.000000
vn 0.693521 0.658945 -0.291240
v 532.450378 4570.209473 48.668839 1.000000 1.000000 1.000000
vn 0.641997 0.708331 -0.293440
v 532.196350 4570.401855 48.670132 1.000000 1.000000 1.000000
vn 0.883199 0.365771 -0.293548
v 532.169922 4573.900391 48.652794 1.000000 1.000000 1.000000
vn 0.771360 -0.443737 0.456182
v 532.177124 4575.387695 48.811539 1.000000 1.000000 1.000000
vn 0.612164 -0.586255 0.530622
v 532.440552 4575.661133 48.853394 1.000000 1.000000 1.000000
vn 0.810795 -0.418633 0.409093
v 532.504517 4575.594727 48.705601 1.000000 1.000000 1.000000
vn 0.653538 0.584929 -0.480360
v 532.178894 4575.906250 48.592098 1.000000 1.000000 1.000000
vn 0.849650 0.452774 -0.270353
v 532.095337 4576.127930 48.709614 1.000000 1.000000 1.000000
vn 0.577883 0.816119 0.001497
v 532.144531 4581.467285 48.760433 1.000000 1.000000 1.000000
vn 0.788962 -0.475462 0.389197
v 532.510193 4584.238770 48.660824 1.000000 1.000000 1.000000
vn 0.840369 0.037794 0.540695
v 532.287048 4584.997070 48.690632 1.000000 1.000000 1.000000
vn 0.721016 -0.378788 0.580220
v 532.303711 4585.085938 48.693771 1.000000 1.000000 1.000000
vn 0.816155 0.477831 -0.324913
v 532.504333 4585.485840 48.767048 1.000000 1.000000 1.000000
vn 0.871814 0.358710 -0.333568
v 532.271851 4585.658203 48.689457 1.000000 1.000000 1.000000
vn 0.912938 0.401361 0.073841
v 532.517883 4586.141602 48.682945 1.000000 1.000000 1.000000
vn 0.732279 -0.631018 0.256092
v 532.498535 4588.424316 48.720108 1.000000 1.000000 1.000000
vn 0.903017 -0.062391 -0.425050
v 532.348816 4588.685059 48.594143 1.000000 1.000000 1.000000
vn 0.478984 0.851985 0.211413
v 532.196411 4589.054199 48.754147 1.000000 1.000000 1.000000
vn 0.990796 0.131687 0.031346
v 532.005005 4570.712402 48.562702 1.000000 1.000000 1.000000
vn 0.982644 -0.112179 0.147737
v 532.131348 4574.951172 48.560184 1.000000 1.000000 1.000000
vn 0.998680 0.050686 -0.008274
v 532.033386 4576.300781 48.666058 1.000000 1.000000 1.000000
vn 1.000000 -0.000522 -0.000607
v 532.031860 4579.167969 48.538845 1.000000 1.000000 1.000000
vn 0.995599 -0.069213 0.063184
v 532.034241 4580.333496 48.610016 1.000000 1.000000 1.000000
vn 0.688821 -0.650731 0.319492
v 532.218933 4580.854004 48.554672 1.000000 1.000000 1.000000
vn 0.726222 -0.613822 0.309555
v 532.483765 4581.126465 48.740479 1.000000 1.000000 1.000000
vn 0.656196 0.745241 -0.118418
v 532.496399 4581.277832 48.681725 1.000000 1.000000 1.000000
vn 0.946445 0.256064 0.196654
v 532.069702 4582.513184 48.644543 1.000000 1.000000 1.000000
vn 0.623028 0.770089 -0.137107
v 531.763000 4582.720703 48.594353 1.000000 1.000000 1.000000
vn 0.956469 0.240786 -0.164892
v 531.732788 4582.757813 48.609524 1.000000 1.000000 1.000000
vn 0.782071 -0.622129 0.036344
v 531.752869 4582.825195 48.611942 1.000000 1.000000 1.000000
vn 0.649043 -0.723330 0.235664
v 532.079041 4582.994141 48.504196 1.000000 1.000000 1.000000
vn 0.996653 0.073887 -0.034973
v 532.534180 4584.426758 48.706409 1.000000 1.000000 1.000000
vn 0.850889 0.090946 -0.517413
v 532.491882 4584.499023 48.625641 1.000000 1.000000 1.000000
vn 0.906675 -0.256164 -0.335143
v 532.506592 4584.652832 48.611443 1.000000 1.000000 1.000000
vn 0.574123 -0.486934 0.658239
v 532.472046 4585.113770 48.547070 1.000000 1.000000 1.000000
vn 0.741773 -0.479988 0.468385
v 532.499084 4585.232910 48.620472 1.000000 1.000000 1.000000
vn 0.920192 -0.390334 -0.029785
v 532.514038 4586.083496 48.674061 1.000000 1.000000 1.000000
vn 0.983535 0.135552 0.119516
v 532.105957 4586.654785 48.418575 1.000000 1.000000 1.000000
vn 0.916825 -0.365615 0.160494
v 532.520203 4587.529785 48.609013 1.000000 1.000000 1.000000
vn 0.950457 0.305354 -0.058232
v 532.535583 4588.492188 48.622169 1.000000 1.000000 1.000000
vn 0.774496 -0.623490 -0.106848
v 532.484863 4588.812500 48.623306 1.000000 1.000000 1.000000
vn 0.750877 0.654213 0.090489
v 532.504211 4588.914551 48.681305 1.000000 1.000000 1.000000
vn 0.901537 0.232822 0.364725
v 532.047546 4589.206543 48.611889 1.000000 1.000000 1.000000
vn 0.960969 0.276265 0.014728
v 532.521423 4589.550781 48.588989 1.000000 1.000000 1.000000
vn 0.988523 0.151064 -0.000947
v 531.695313 4590.007813 48.563744 1.000000 1.000000 1.000000
vn 0.930674 -0.361062 0.058986
v 531.906372 4569.746094 48.412849 1.000000 1.000000 1.000000
vn 0.900516 0.433139 -0.038241
v 532.136475 4570.465820 48.600182 1.000000 1.000000 1.000000
vn 0.986776 -0.138646 0.083972
v 532.035339 4572.477051 48.499321 1.000000 1.000000 1.000000
vn 0.900246 -0.343279 0.267800
v 532.519226 4573.397461 48.607452 1.000000 1.000000 1.000000
vn 0.999963 0.007733 0.003900
v 532.031860 4576.362305 48.490269 1.000000 1.000000 1.000000
vn 0.999441 -0.021860 0.025285
v 532.032104 4580.228027 48.515915 1.000000 1.000000 1.000000
vn 0.978861 -0.173124 0.108897
v 532.537292 4581.100098 48.470161 1.000000 1.000000 1.000000
vn 0.672044 0.740502 0.003684
v 532.049988 4582.552246 48.584045 1.000000 1.000000 1.000000
vn 0.932112 -0.328998 0.151417
v 532.268982 4583.986328 48.623707 1.000000 1.000000 1.000000
vn 0.767242 0.538261 -0.348732
v 532.509399 4584.285645 48.456512 1.000000 1.000000 1.000000
vn 0.618729 0.784543 -0.040817
v 532.487854 4586.184082 48.424011 1.000000 1.000000 1.000000
vn 0.625602 0.777812 0.060258
v 532.150574 4586.365723 48.568226 1.000000 1.000000 1.000000
vn 0.876109 -0.441193 0.194375
v 531.936523 4587.212402 48.618938 1.000000 1.000000 1.000000
vn 0.977928 0.191215 -0.084228
v 532.213196 4587.922363 48.623707 1.000000 1.000000 1.000000
vn 0.927979 -0.360785 0.093212
v 532.532043 4588.430176 48.575626 1.000000 1.000000 1.000000
vn 0.935819 0.331802 -0.118956
v 532.335754 4588.658203 48.540958 1.000000 1.000000 1.000000
vn 0.980106 0.198472 0.000667
v 531.694946 4591.313477 48.490269 0.000000 0.000000 0.000000
vn 0.858043 -0.504924 0.093885
v 531.721313 4569.398926 48.580788 1.000000 1.000000 1.000000
vn 0.895859 0.343976 -0.281278
v 532.131409 4570.394043 48.483055 1.000000 1.000000 1.000000
vn 0.827912 -0.449473 0.335463
v 532.172119 4573.032227 48.519993 1.000000 1.000000 1.000000
vn 0.935591 0.313017 -0.163369
v 532.142151 4573.794434 48.444988 1.000000 1.000000 1.000000
vn 0.995798 0.071315 -0.057443
v 532.125061 4574.085938 48.621975 1.000000 1.000000 1.000000
vn 0.744476 -0.440161 0.502010
v 532.201721 4575.176758 48.581764 1.000000 1.000000 1.000000
vn 0.848708 0.384629 -0.362980
v 532.505920 4575.635254 48.600403 1.000000 1.000000 1.000000
vn 0.919212 -0.329025 0.216317
v 532.131287 4580.691895 48.537708 1.000000 1.000000 1.000000
vn 0.845657 0.513524 -0.145456
v 532.521912 4581.184570 48.443268 1.000000 1.000000 1.000000
vn 0.836651 0.543384 0.068910
v 532.122314 4581.482422 48.585575 1.000000 1.000000 1.000000
vn 0.740311 0.593360 0.316013
v 531.771240 4582.727051 48.463230 1.000000 1.000000 1.000000
vn 0.814759 -0.429939 0.389000
v 531.753967 4582.799805 48.478218 1.000000 1.000000 1.000000
vn 0.990824 -0.085070 0.105029
v 532.130920 4583.340332 48.538563 1.000000 1.000000 1.000000
vn 0.960953 -0.230211 0.153535
v 532.181091 4583.600586 48.495739 1.000000 1.000000 1.000000
vn 0.984283 -0.141443 0.105742
v 532.537659 4584.272949 48.581223 1.000000 1.000000 1.000000
vn 0.802152 0.257261 -0.538859
v 532.338562 4584.486816 48.449959 1.000000 1.000000 1.000000
vn 0.792187 -0.350450 -0.499625
v 532.355652 4584.583496 48.467045 1.000000 1.000000 1.000000
vn 0.845587 0.300550 0.441194
v 532.507568 4584.930176 48.476776 1.000000 1.000000 1.000000
vn 0.816399 -0.184916 0.547081
v 532.509827 4585.035156 48.461998 1.000000 1.000000 1.000000
vn 0.953812 0.232329 -0.190436
v 532.531677 4585.266113 48.484928 1.000000 1.000000 1.000000
vn 0.727378 0.491194 -0.479218
v 532.495117 4585.297852 48.433575 1.000000 1.000000 1.000000
vn 0.723789 -0.683400 -0.095363
v 532.244751 4585.917969 48.559326 1.000000 1.000000 1.000000
vn 0.489259 -0.802142 0.342338
v 532.423401 4587.449219 48.619804 1.000000 1.000000 1.000000
vn 0.873509 0.452034 -0.180685
v 532.513855 4587.591797 48.584610 1.000000 1.000000 1.000000
vn 0.719461 0.626273 -0.300264
v 532.250427 4587.781250 48.590107 1.000000 1.000000 1.000000
vn 0.986351 -0.163894 0.015838
v 532.516602 4588.856445 48.524532 1.000000 1.000000 1.000000
vn 0.722166 0.649388 0.238269
v 532.101318 4589.151367 48.535160 1.000000 1.000000 1.000000
vn 0.484468 0.837053 -0.254231
v 532.419495 4589.603027 48.481133 1.000000 1.000000 1.000000
vn 0.802858 0.596149 0.005086
v 531.723022 4589.922363 48.519581 1.000000 1.000000 1.000000
vn 0.812289 -0.571379 0.117105
v 531.868103 4569.545898 48.559139 1.000000 1.000000 1.000000
vn 0.909166 -0.398725 0.120150
v 532.509827 4570.068359 48.503586 1.000000 1.000000 1.000000
vn 0.898717 0.435752 -0.049268
v 532.517761 4570.111328 48.476963 1.000000 1.000000 1.000000
vn 0.590232 0.758343 -0.276661
v 532.251587 4570.294434 48.549164 1.000000 1.000000 1.000000
vn 0.999322 -0.029398 0.022164
v 532.030518 4570.895020 48.486935 1.000000 1.000000 1.000000
vn 0.690840 0.583344 -0.427142
v 532.228088 4573.692383 48.511864 1.000000 1.000000 1.000000
vn 0.881332 -0.271373 0.386794
v 532.166992 4574.804688 48.337322 1.000000 1.000000 1.000000
vn 0.996236 -0.064630 0.057764
v 532.524658 4575.495117 48.532291 1.000000 1.000000 1.000000
vn 0.689121 0.712241 -0.133511
v 532.183716 4581.381836 48.383465 1.000000 1.000000 1.000000
vn 0.714197 0.637314 0.289402
v 532.088013 4582.544434 48.425568 1.000000 1.000000 1.000000
vn 0.715692 -0.636769 0.286898
v 532.294617 4583.990234 48.529900 1.000000 1.000000 1.000000
vn 0.808620 -0.559264 -0.182642
v 532.507019 4584.729004 48.495117 1.000000 1.000000 1.000000
vn 0.992715 -0.115359 0.034773
v 532.532776 4584.783203 48.506954 1.000000 1.000000 1.000000
vn 0.976914 0.211533 -0.029882
v 532.524475 4586.123047 48.281628 1.000000 1.000000 1.000000
vn 0.942639 0.332187 -0.032921
v 532.044617 4586.886230 48.476059 1.000000 1.000000 1.000000
vn 0.997081 -0.076322 -0.002035
v 531.928711 4587.083984 48.445183 1.000000 1.000000 1.000000
vn 0.596541 -0.741568 0.306944
v 532.000732 4587.218262 48.493988 1.000000 1.000000 1.000000
vn 0.742573 -0.652463 0.151252
v 532.175903 4588.206543 48.596478 1.000000 1.000000 1.000000
vn 0.882730 0.366592 0.293937
v 532.350830 4588.645996 48.453686 1.000000 1.000000 1.000000
vn 0.783833 0.617867 -0.062021
v 532.506348 4588.912598 48.445351 1.000000 1.000000 1.000000
vn 0.863033 0.027836 0.504380
v 532.122559 4589.180176 48.457897 1.000000 1.000000 1.000000
vn 0.998470 0.055128 -0.004390
v 531.694946 4590.044922 48.393116 1.000000 1.000000 1.000000
vn 0.985049 -0.168448 0.036118
v 531.696594 4569.328125 48.640175 1.000000 1.000000 1.000000
vn 0.700575 -0.704041 0.116277
v 531.934814 4569.811523 48.502659 1.000000 1.000000 1.000000
vn 0.559355 -0.818398 0.131706
v 532.463196 4570.007324 48.400726 1.000000 1.000000 1.000000
vn 0.995414 -0.042242 0.085833
v 532.130737 4574.395020 48.392960 1.000000 1.000000 1.000000
vn 0.787246 -0.418637 0.452755
v 532.505066 4575.304688 48.420986 1.000000 1.000000 1.000000
vn 0.620102 0.569393 -0.539690
v 532.447754 4575.594238 48.480824 1.000000 1.000000 1.000000
vn 0.977576 0.209079 -0.025105
v 532.058594 4576.053223 48.353031 1.000000 1.000000 1.000000
vn 0.999650 0.013212 0.022919
v 532.031982 4577.013184 48.368534 1.000000 1.000000 1.000000
vn 0.999738 -0.006317 0.021981
v 532.031921 4579.757324 48.370483 1.000000 1.000000 1.000000
vn 0.979349 -0.119702 0.162932
v 532.039063 4580.218262 48.411888 1.000000 1.000000 1.000000
vn 0.975157 -0.142917 0.169243
v 532.107483 4580.319336 48.222569 1.000000 1.000000 1.000000
vn 0.952882 0.291357 0.084418
v 532.117249 4581.516602 48.512520 1.000000 1.000000 1.000000
vn 0.983172 0.038836 0.178508
v 532.108521 4581.694824 48.459129 1.000000 1.000000 1.000000
vn 0.983562 -0.031173 0.177859
v 532.106506 4582.157227 48.481979 1.000000 1.000000 1.000000
vn 0.688845 0.433570 0.580956
v 532.102722 4582.569824 48.347145 1.000000 1.000000 1.000000
vn 0.593414 0.180227 0.784460
v 531.822449 4582.765625 48.392216 1.000000 1.000000 1.000000
vn 0.529888 -0.596557 0.602775
v 531.940674 4582.862305 48.367390 1.000000 1.000000 1.000000
vn 0.938200 -0.300123 0.172358
v 532.113525 4583.065918 48.545525 1.000000 1.000000 1.000000
vn 0.953376 -0.233899 0.190698
v 532.243103 4583.889648 48.723579 1.000000 1.000000 1.000000
vn 0.989088 -0.070483 0.129376
v 532.533447 4585.095703 48.407970 1.000000 1.000000 1.000000
vn 0.997572 -0.038783 -0.057843
v 532.209778 4585.849121 48.518349 1.000000 1.000000 1.000000
vn 0.773399 -0.627044 0.093113
v 532.510559 4586.079102 48.437630 1.000000 1.000000 1.000000
vn 0.971808 0.119632 -0.203167
v 532.196228 4587.803223 48.464172 1.000000 1.000000 1.000000
vn 0.699741 -0.713067 0.043565
v 532.497864 4588.368652 48.475651 1.000000 1.000000 1.000000
vn 0.867750 -0.471486 0.157198
v 532.340576 4588.698730 48.505795 1.000000 1.000000 1.000000
vn 0.850725 -0.493597 0.180636
v 532.502869 4588.798828 48.367188 1.000000 1.000000 1.000000
vn 0.589696 -0.608219 0.531345
v 532.163574 4589.234375 48.442524 1.000000 1.000000 1.000000
vn 0.644691 -0.687912 0.333393
v 532.471802 4589.410645 48.458302 1.000000 1.000000 1.000000
vn 0.958956 -0.248761 0.136096
v 532.523987 4589.460938 48.417885 1.000000 1.000000 1.000000
vn 0.849945 0.487269 -0.200404
v 532.517639 4589.482422 48.336716 1.000000 1.000000 1.000000
vn 0.499123 0.845067 -0.191671
v 531.880981 4589.791016 48.447876 1.000000 1.000000 1.000000
vn 0.911420 0.405859 -0.067762
v 531.707581 4589.952637 48.377693 1.000000 1.000000 1.000000
vn 0.947539 -0.319619 0.003687
v 531.694946 4568.713867 48.295963 0.000000 0.000000 0.000000
vn 0.404773 -0.905045 0.130583
v 532.007324 4569.844238 48.408962 1.000000 1.000000 1.000000
vn 0.938800 0.277204 -0.204482
v 532.087158 4570.346191 48.340034 1.000000 1.000000 1.000000
vn 0.991163 0.116687 -0.063088
v 532.119446 4570.510742 48.384518 1.000000 1.000000 1.000000
vn 0.965882 0.251937 0.059992
v 532.034729 4570.698730 48.373203 1.000000 1.000000 1.000000
vn 0.956154 -0.248585 0.154836
v 532.100281 4572.654297 48.416149 1.000000 1.000000 1.000000
vn 0.636564 0.629479 -0.445581
v 532.452576 4573.512207 48.510349 1.000000 1.000000 1.000000
vn 0.975869 -0.078363 0.203811
v 532.136108 4574.656738 48.363213 1.000000 1.000000 1.000000
vn 0.737666 -0.438374 0.513495
v 532.485291 4575.161133 48.320724 1.000000 1.000000 1.000000
vn 0.913051 0.344109 -0.218920
v 532.132507 4575.825684 48.377468 1.000000 1.000000 1.000000
vn 0.999892 -0.000773 0.014702
v 532.031982 4578.689941 48.299767 1.000000 1.000000 1.000000
vn 0.931129 0.181260 0.316456
v 532.137817 4582.460938 48.368858 1.000000 1.000000 1.000000
vn 0.687385 -0.048267 0.724688
v 532.174561 4582.577637 48.267948 1.000000 1.000000 1.000000
vn 0.836526 -0.508304 0.204578
v 532.276123 4583.896973 48.323257 1.000000 1.000000 1.000000
vn 0.803275 -0.590121 0.080666
v 532.517822 4584.763184 48.261162 1.000000 1.000000 1.000000
vn 0.846844 0.390906 -0.360620
v 532.252747 4585.470215 48.370792 1.000000 1.000000 1.000000
vn 0.552067 -0.757278 0.348930
v 532.042480 4587.125000 48.194408 1.000000 1.000000 1.000000
vn 0.911476 -0.387222 0.138821
v 532.519470 4587.453613 48.421246 1.000000 1.000000 1.000000
vn 0.991554 0.122023 -0.043943
v 532.524109 4587.511719 48.454895 1.000000 1.000000 1.000000
vn 0.994105 -0.079899 0.073293
v 532.163208 4588.145020 48.504051 1.000000 1.000000 1.000000
vn 0.996402 0.074197 0.040961
v 532.540283 4588.458984 48.375641 1.000000 1.000000 1.000000
vn 0.549241 0.835055 0.031903
v 532.287476 4589.040039 48.349422 1.000000 1.000000 1.000000
vn 0.792565 0.542690 0.278080
v 532.235962 4589.081543 48.341782 1.000000 1.000000 1.000000
vn 0.422195 0.831492 -0.361072
v 532.427429 4589.506836 48.244030 1.000000 1.000000 1.000000
vn 0.975618 -0.217343 0.030522
v 531.897644 4569.606934 48.444469 1.000000 1.000000 1.000000
vn 0.791618 0.608538 -0.054980
v 532.509705 4570.110352 48.342800 1.000000 1.000000 1.000000
vn 0.998856 0.044649 -0.017143
v 532.531738 4573.345215 48.448303 1.000000 1.000000 1.000000
vn 0.997034 0.041450 0.064852
v 532.035400 4576.321289 48.320328 1.000000 1.000000 1.000000
vn 0.949210 -0.128060 0.287402
v 532.159180 4582.410156 48.281498 1.000000 1.000000 1.000000
vn 0.470985 0.195690 0.860162
v 532.127808 4582.656738 48.291473 1.000000 1.000000 1.000000
vn 0.464099 -0.040363 0.884863
v 532.119690 4582.859863 48.257721 1.000000 1.000000 1.000000
vn 0.745409 -0.349714 0.567508
v 532.116272 4582.945313 48.289604 1.000000 1.000000 1.000000
vn 0.933764 -0.251397 0.254725
v 532.134949 4583.002930 48.328289 1.000000 1.000000 1.000000
vn 0.850645 0.447577 -0.275822
v 532.307251 4584.432617 48.337498 1.000000 1.000000 1.000000
vn 0.973568 -0.119818 -0.194444
v 532.288818 4584.540039 48.359138 1.000000 1.000000 1.000000
vn 0.997352 0.058885 -0.042674
v 532.248413 4585.660156 48.331871 1.000000 1.000000 1.000000
vn 0.936464 0.333425 0.108918
v 532.110107 4586.435059 48.509117 1.000000 1.000000 1.000000
vn 0.589814 -0.761602 0.268482
v 532.477112 4587.405273 48.425415 1.000000 1.000000 1.000000
vn 0.995635 0.088233 -0.030440
v 531.695313 4589.928223 48.046391 1.000000 1.000000 1.000000
vn 0.922530 -0.321819 0.213006
v 532.144348 4572.831543 48.330887 1.000000 1.000000 1.000000
vn 0.894858 -0.370095 0.249517
v 532.522644 4573.188477 48.304909 1.000000 1.000000 1.000000
vn 0.626163 -0.487884 0.608185
v 532.243408 4574.858398 48.267170 1.000000 1.000000 1.000000
vn 0.930797 0.256824 -0.260113
v 532.519470 4575.292480 48.285496 1.000000 1.000000 1.000000
vn 0.754771 -0.592320 0.281918
v 532.504761 4581.003906 48.402390 1.000000 1.000000 1.000000
vn 0.961101 0.270093 -0.057742
v 532.540894 4581.048828 48.189384 1.000000 1.000000 1.000000
vn 0.592414 0.331092 0.734455
v 532.211121 4582.883789 48.202908 1.000000 1.000000 1.000000
vn 0.976600 0.187316 -0.105667
v 532.535278 4584.196777 48.382141 1.000000 1.000000 1.000000
vn 0.768674 -0.633727 -0.086771
v 532.314026 4584.598633 48.330708 1.000000 1.000000 1.000000
vn 0.987968 0.087957 0.127209
v 532.545105 4584.981934 48.349255 1.000000 1.000000 1.000000
vn 0.888933 -0.441802 0.120869
v 532.215027 4585.847656 48.309151 1.000000 1.000000 1.000000
vn 0.874800 -0.428663 0.225772
v 531.927490 4587.037598 48.230396 1.000000 1.000000 1.000000
vn 0.875734 0.413870 0.248598
v 532.511902 4588.541504 48.273357 1.000000 1.000000 1.000000
vn 0.782982 0.621054 0.035098
v 532.281738 4589.037109 48.251476 1.000000 1.000000 1.000000
vn 0.590329 -0.666580 0.455173
v 532.447937 4589.276367 48.234867 1.000000 1.000000 1.000000
vn 0.919647 -0.339819 0.196907
v 532.522766 4589.387207 48.282707 1.000000 1.000000 1.000000
vn 0.528853 0.838037 -0.134192
v 532.149475 4570.280762 48.310398 1.000000 1.000000 1.000000
vn 0.999087 0.042718 0.000066
v 532.118469 4570.530762 48.119694 1.000000 1.000000 1.000000
vn 0.979342 -0.176045 0.099486
v 532.036560 4572.379883 48.177349 1.000000 1.000000 1.000000
vn 0.620243 -0.653144 0.434398
v 532.456299 4573.088379 48.278893 1.000000 1.000000 1.000000
vn 0.762471 0.553499 -0.335078
v 532.238525 4573.516602 48.248825 1.000000 1.000000 1.000000
vn 0.997834 -0.036504 0.054723
v 532.528931 4575.177734 48.232616 1.000000 1.000000 1.000000
vn 0.697041 0.528602 -0.484473
v 532.189453 4575.668457 48.329029 1.000000 1.000000 1.000000
vn 0.988691 0.146903 -0.030175
v 532.106995 4575.894043 48.074192 1.000000 1.000000 1.000000
vn 0.998404 0.056005 0.007294
v 532.080200 4576.099609 48.094986 1.000000 1.000000 1.000000
vn 0.993897 0.063748 0.090032
v 532.037476 4577.006836 48.278408 1.000000 1.000000 1.000000
vn 0.999687 0.019113 0.016142
v 532.031921 4577.130859 48.210461 1.000000 1.000000 1.000000
vn 0.986850 -0.068419 0.146443
v 532.036316 4579.728027 48.216461 1.000000 1.000000 1.000000
vn 0.798789 -0.398183 0.450984
v 532.233765 4582.514160 48.180103 1.000000 1.000000 1.000000
vn 0.482455 0.343524 0.805747
v 532.380981 4582.786621 48.165096 1.000000 1.000000 1.000000
vn 0.989072 -0.083591 0.121448
v 532.170959 4583.163574 48.273952 1.000000 1.000000 1.000000
vn 0.684444 -0.677350 0.269691
v 532.487671 4584.072266 48.348083 1.000000 1.000000 1.000000
vn 0.923429 0.280905 -0.261479
v 532.527283 4585.053223 48.318047 1.000000 1.000000 1.000000
vn 0.903544 0.421336 -0.077997
v 532.095825 4586.743652 48.221855 1.000000 1.000000 1.000000
vn 0.957106 0.280563 -0.072341
v 531.917908 4586.988770 48.288448 1.000000 1.000000 1.000000
vn 0.963591 -0.258271 0.069207
v 532.524109 4587.404297 48.234486 1.000000 1.000000 1.000000
vn 0.920069 0.129769 0.369639
v 532.515564 4588.612793 48.192551 1.000000 1.000000 1.000000
vn 0.936537 -0.155483 0.314203
v 532.525513 4588.681152 48.177074 1.000000 1.000000 1.000000
vn 0.954289 0.297459 -0.029174
v 532.526855 4588.832031 48.262173 1.000000 1.000000 1.000000
vn 0.827166 -0.206283 0.522728
v 532.248413 4589.137695 48.279575 1.000000 1.000000 1.000000
vn 0.835217 -0.549862 0.007998
v 531.719543 4569.375000 48.230804 1.000000 1.000000 1.000000
vn 0.834346 -0.551122 0.011488
v 531.870117 4569.532715 48.262005 1.000000 1.000000 1.000000
vn 0.896319 -0.443298 -0.009985
v 531.887573 4569.562500 48.032276 1.000000 1.000000 1.000000
vn 0.979302 -0.199148 0.036172
v 532.524414 4570.059082 48.280045 1.000000 1.000000 1.000000
vn 0.964109 0.261714 -0.044713
v 532.181519 4573.653320 48.261810 1.000000 1.000000 1.000000
vn 0.989330 -0.041270 0.139727
v 532.132324 4574.107422 48.006306 1.000000 1.000000 1.000000
vn 0.641561 0.526958 -0.557418
v 532.473022 4575.282227 48.196095 1.000000 1.000000 1.000000
vn 0.965097 -0.049042 0.257261
v 532.083557 4578.557617 48.022606 1.000000 1.000000 1.000000
vn 0.990008 0.020521 0.139510
v 532.035156 4578.859375 48.175362 1.000000 1.000000 1.000000
vn 0.783029 0.465923 0.412046
v 532.203491 4582.958008 48.134628 1.000000 1.000000 1.000000
vn 0.934461 -0.330273 0.133047
v 532.530518 4584.133789 48.351883 1.000000 1.000000 1.000000
vn 0.754039 0.611987 -0.238533
v 532.349243 4584.315430 48.160690 1.000000 1.000000 1.000000
vn 0.853055 -0.503723 0.136237
v 532.310852 4584.546387 48.128487 1.000000 1.000000 1.000000
vn 0.769660 0.421247 -0.479764
v 532.240845 4585.321289 48.209862 1.000000 1.000000 1.000000
vn 0.993730 -0.106583 0.033788
v 532.532837 4586.050293 48.110966 1.000000 1.000000 1.000000
vn 0.789791 0.582352 -0.192605
v 532.499756 4587.485352 48.255245 1.000000 1.000000 1.000000
vn 0.704357 0.665625 -0.246626
v 531.778442 4589.760742 48.094593 1.000000 1.000000 1.000000
vn 0.953884 -0.300053 -0.008591
v 531.906494 4569.729492 48.069508 1.000000 1.000000 1.000000
vn 0.999029 0.042300 0.012352
v 532.032166 4570.786621 48.182850 1.000000 1.000000 1.000000
vn 0.690287 -0.618347 0.375701
v 532.205078 4572.910645 48.278881 1.000000 1.000000 1.000000
vn 0.789624 0.511723 -0.338575
v 532.507751 4573.280273 48.250546 1.000000 1.000000 1.000000
vn 0.990377 0.125409 0.058533
v 532.126953 4573.913086 48.171516 1.000000 1.000000 1.000000
vn 0.954905 -0.167532 0.245130
v 532.191406 4574.501953 48.111050 1.000000 1.000000 1.000000
vn 0.907752 -0.269314 0.321647
v 532.518799 4575.016602 48.136662 1.000000 1.000000 1.000000
vn 0.914798 0.300849 -0.269506
v 532.143188 4575.615723 48.164017 1.000000 1.000000 1.000000
vn 0.997999 0.038854 -0.049883
v 532.035217 4577.043945 47.928581 1.000000 1.000000 1.000000
vn 0.958745 -0.257117 0.121236
v 532.543640 4580.876953 48.006828 1.000000 1.000000 1.000000
vn 0.629384 0.768008 -0.118490
v 532.271301 4581.250488 48.119293 1.000000 1.000000 1.000000
vn 0.648457 -0.636721 0.417241
v 532.388062 4582.614258 48.131649 1.000000 1.000000 1.000000
vn 0.740561 0.026173 0.671480
v 532.496216 4582.729004 48.108334 1.000000 1.000000 1.000000
vn 0.958315 0.251867 0.134894
v 532.174133 4583.020020 48.145760 1.000000 1.000000 1.000000
vn 0.662853 0.552191 -0.505678
v 532.474915 4585.055176 48.229607 1.000000 1.000000 1.000000
vn 0.935941 -0.322402 0.141678
v 532.237854 4585.772949 48.059536 1.000000 1.000000 1.000000
vn 0.872510 0.484217 0.065276
v 531.963501 4586.841797 48.025303 1.000000 1.000000 1.000000
vn 0.995050 -0.075390 -0.064741
v 532.193665 4587.980469 48.237526 1.000000 1.000000 1.000000
vn 0.993796 -0.096623 0.055072
v 532.545959 4588.507813 48.076859 1.000000 1.000000 1.000000
vn 0.789025 0.595299 0.151854
v 532.363403 4588.946777 48.065182 1.000000 1.000000 1.000000
vn 0.437727 0.819959 -0.368867
v 531.958984 4589.637207 48.125351 1.000000 1.000000 1.000000
vn 0.981629 -0.190796 0.000815
v 531.697693 4569.315918 48.074898 1.000000 1.000000 1.000000
vn 0.575914 -0.817510 0.001268
v 531.982483 4569.810059 48.137985 1.000000 1.000000 1.000000
vn 0.568754 -0.822202 0.022434
v 532.485474 4570.000000 48.176636 1.000000 1.000000 1.000000
vn 0.996166 0.087470 -0.001331
v 532.077576 4576.865723 48.097706 1.000000 1.000000 1.000000
vn 0.971301 0.079379 0.224216
v 532.103943 4578.771973 47.962402 1.000000 1.000000 1.000000
vn 0.970551 0.018325 0.240200
v 532.039246 4579.152344 47.959606 1.000000 1.000000 1.000000
vn 0.974014 -0.097780 0.204291
v 532.101563 4579.881836 48.074642 1.000000 1.000000 1.000000
vn 0.986292 -0.113807 0.119480
v 532.134460 4580.120605 47.811527 1.000000 1.000000 1.000000
vn 0.661541 -0.675781 0.325090
v 532.489807 4580.854004 48.138039 1.000000 1.000000 1.000000
vn 0.884176 0.466207 -0.029716
v 532.172668 4581.353027 48.115459 1.000000 1.000000 1.000000
vn 0.718520 -0.646663 0.256040
v 532.329346 4583.805664 47.974674 1.000000 1.000000 1.000000
vn 0.719729 0.673871 -0.166996
v 532.497131 4586.111328 48.043064 1.000000 1.000000 1.000000
vn 0.704421 0.705050 -0.081826
v 532.216248 4586.301270 48.128540 1.000000 1.000000 1.000000
vn 0.937848 0.345154 0.036181
v 532.175049 4586.363770 48.061253 1.000000 1.000000 1.000000
vn 0.709101 0.692178 -0.134409
v 532.491089 4587.390625 47.865025 1.000000 1.000000 1.000000
vn 0.952947 -0.303133 -0.001690
v 532.209229 4588.161133 48.144032 1.000000 1.000000 1.000000
vn 0.802724 -0.589176 -0.092226
v 532.509827 4588.400391 48.164063 1.000000 1.000000 1.000000
vn 0.988225 0.138403 -0.065242
v 532.528503 4589.332520 48.098095 1.000000 1.000000 1.000000
vn 0.970111 0.242660 0.000135
v 531.694946 4591.313477 48.004501 0.000000 0.000000 0.000000
vn 0.732134 0.681049 0.012335
v 532.078369 4570.308594 48.002632 1.000000 1.000000 1.000000
vn 0.998130 -0.033835 -0.050908
v 532.060547 4570.372559 48.071468 1.000000 1.000000 1.000000
vn 0.896975 -0.375163 0.233854
v 532.175171 4572.704590 48.015583 1.000000 1.000000 1.000000
vn 0.834066 -0.476068 0.278735
v 532.516479 4573.047852 48.101288 1.000000 1.000000 1.000000
vn 0.985803 0.132329 -0.103354
v 532.123901 4575.357910 47.763927 1.000000 1.000000 1.000000
vn 0.987926 -0.029115 0.152165
v 532.035156 4578.413574 48.159485 1.000000 1.000000 1.000000
vn 0.714811 -0.631655 0.300094
v 532.223267 4580.714355 48.246994 1.000000 1.000000 1.000000
vn 0.938769 -0.303353 0.163373
v 532.149292 4582.236816 48.153667 1.000000 1.000000 1.000000
vn 0.897744 -0.373032 0.234313
v 532.522461 4582.686523 48.037159 1.000000 1.000000 1.000000
vn 0.912358 0.389433 0.126273
v 532.521423 4582.759766 48.028492 1.000000 1.000000 1.000000
vn 0.632336 0.720680 0.284202
v 532.476501 4582.799805 48.069920 1.000000 1.000000 1.000000
vn 0.828142 0.524656 -0.197274
v 532.516357 4584.131836 48.073280 1.000000 1.000000 1.000000
vn 0.995677 -0.081203 -0.045089
v 532.548828 4584.841797 48.179562 1.000000 1.000000 1.000000
vn 0.710475 0.589415 -0.384468
v 532.261230 4585.100586 48.033051 1.000000 1.000000 1.000000
vn 0.993101 -0.009420 -0.116885
v 532.201538 4585.399414 48.152504 1.000000 1.000000 1.000000
vn 0.642620 -0.743661 0.184411
v 532.479919 4586.001465 48.181290 1.000000 1.000000 1.000000
vn 0.780908 0.474010 0.406813
v 532.044250 4586.764160 47.919521 1.000000 1.000000 1.000000
vn 0.881312 -0.138824 0.451682
v 531.967407 4586.888672 47.971306 1.000000 1.000000 1.000000
vn 0.629926 -0.744290 0.221868
v 532.470947 4587.298340 48.076481 1.000000 1.000000 1.000000
vn 0.905042 0.379587 -0.191864
v 532.163818 4587.722168 48.222496 1.000000 1.000000 1.000000
vn 0.737474 -0.670079 -0.084425
v 532.254517 4588.238281 48.121620 1.000000 1.000000 1.000000
vn 0.880720 0.012185 0.473481
v 532.317749 4589.018555 48.094444 1.000000 1.000000 1.000000
vn 0.794601 -0.454515 0.402523
v 532.500793 4589.159668 47.994843 1.000000 1.000000 1.000000
vn 0.537651 0.726740 -0.427529
v 532.467407 4589.387207 48.054699 1.000000 1.000000 1.000000
vn 0.475685 0.878264 0.048734
v 532.433289 4570.144531 48.051132 1.000000 1.000000 1.000000
vn 0.912337 -0.230065 0.338691
v 532.165894 4574.254395 47.954594 1.000000 1.000000 1.000000
vn 0.779840 -0.370243 0.504748
v 532.222961 4574.516602 48.038311 1.000000 1.000000 1.000000
vn 0.982398 0.123666 -0.140005
v 532.525391 4574.969238 48.030094 1.000000 1.000000 1.000000
vn 0.759370 0.424726 -0.492915
v 532.489685 4575.066406 48.032799 1.000000 1.000000 1.000000
vn 0.922570 -0.333367 0.194247
v 532.158813 4580.583496 48.158504 1.000000 1.000000 1.000000
vn 0.662863 0.736239 -0.136256
v 532.485962 4581.114258 48.117599 1.000000 1.000000 1.000000
vn 0.989722 -0.119633 0.078343
v 532.127197 4582.153320 48.179634 1.000000 1.000000 1.000000
vn 0.938652 0.297826 -0.173875
v 532.195190 4585.187012 47.978825 1.000000 1.000000 1.000000
vn 0.662929 0.724177 -0.189982
v 532.265686 4586.188965 47.808075 1.000000 1.000000 1.000000
vn 0.573203 0.061035 0.817137
v 532.046936 4586.874023 47.886444 1.000000 1.000000 1.000000
vn 0.948268 0.307342 0.079554
v 532.539368 4588.753906 48.011917 1.000000 1.000000 1.000000
vn 0.878073 0.245967 0.410473
v 532.485840 4588.889160 47.902691 1.000000 1.000000 1.000000
vn 0.991055 -0.079425 0.107249
v 532.526917 4589.140625 47.906971 1.000000 1.000000 1.000000
vn 0.923976 0.361647 -0.124416
v 531.708618 4589.837891 48.016815 1.000000 1.000000 1.000000
vn 0.862167 0.506022 0.024674
v 532.509766 4570.092773 47.978653 1.000000 1.000000 1.000000
vn 0.958392 0.269900 0.092941
v 532.043823 4570.758789 47.958157 1.000000 1.000000 1.000000
vn 0.999185 -0.038480 0.012165
v 532.532410 4573.057617 48.032749 1.000000 1.000000 1.000000
vn 0.684313 0.498598 -0.532087
v 532.231873 4575.328613 48.026337 1.000000 1.000000 1.000000
vn 0.876792 0.341651 -0.338394
v 532.169861 4575.269531 47.867401 1.000000 1.000000 1.000000
vn 0.993062 -0.065737 0.097501
v 532.034912 4577.795898 47.973091 1.000000 1.000000 1.000000
vn 0.731805 0.681514 -0.000240
v 532.224182 4582.958496 48.014786 1.000000 1.000000 1.000000
vn 0.964656 -0.237987 0.113138
v 532.258423 4583.603027 47.946014 1.000000 1.000000 1.000000
vn 0.916184 -0.369634 0.154849
v 532.282837 4583.744141 48.006886 1.000000 1.000000 1.000000
vn 0.989521 0.136835 -0.046098
v 532.290527 4584.395996 48.073097 1.000000 1.000000 1.000000
vn 0.840499 0.490543 -0.230063
v 532.515442 4584.840332 47.920246 1.000000 1.000000 1.000000
vn 0.897186 0.422273 -0.129395
v 532.523560 4586.024902 47.890549 1.000000 1.000000 1.000000
vn 0.923756 0.213645 0.317852
v 532.117432 4586.640137 47.930668 1.000000 1.000000 1.000000
vn 1.000000 0.000142 -0.000100
v 531.694946 4591.083008 47.858772 1.000000 1.000000 1.000000
vn 0.902786 0.416985 0.105359
v 532.066528 4570.345215 47.873238 1.000000 1.000000 1.000000
vn 0.816957 0.502179 -0.283546
v 532.506897 4573.079590 47.936466 1.000000 1.000000 1.000000
vn 0.638506 0.668521 -0.381299
v 532.301453 4573.207031 47.850452 1.000000 1.000000 1.000000
vn 0.956785 0.248829 -0.150488
v 532.190063 4573.466797 48.004265 1.000000 1.000000 1.000000
vn 0.994537 0.071765 0.075807
v 532.174316 4573.810059 47.957275 1.000000 1.000000 1.000000
vn 0.691357 -0.443582 0.570316
v 532.475952 4574.782227 48.004658 1.000000 1.000000 1.000000
vn 0.983594 -0.109484 0.143377
v 532.035828 4577.615234 47.744183 1.000000 1.000000 1.000000
vn 0.981537 -0.046779 0.185465
v 532.102112 4579.518555 47.850609 1.000000 1.000000 1.000000
vn 0.797361 -0.565950 0.209563
v 532.515686 4583.968750 47.973511 1.000000 1.000000 1.000000
vn 0.999989 0.002626 -0.003990
v 532.534363 4584.030762 47.970654 1.000000 1.000000 1.000000
vn 0.999130 -0.012326 0.039829
v 532.255554 4585.562012 48.042572 1.000000 1.000000 1.000000
vn 0.998179 -0.051380 0.031594
v 532.529236 4587.356445 47.999378 1.000000 1.000000 1.000000
vn 0.618226 0.758127 -0.207463
v 532.239258 4587.582031 48.046017 1.000000 1.000000 1.000000
vn 0.993103 -0.107073 -0.047762
v 532.118164 4587.856445 47.952663 1.000000 1.000000 1.000000
vn 0.710423 -0.698173 -0.088619
v 532.509399 4588.481934 47.863831 1.000000 1.000000 1.000000
vn 0.985637 0.140742 0.093335
v 532.544006 4588.774414 47.838676 1.000000 1.000000 1.000000
vn 0.974371 -0.069847 0.213827
v 532.529602 4589.058594 47.848900 1.000000 1.000000 1.000000
vn 0.864981 0.372133 -0.336638
v 532.515320 4589.224609 47.893482 1.000000 1.000000 1.000000
vn 0.931798 -0.359441 -0.050532
v 532.519165 4570.059570 47.815948 1.000000 1.000000 1.000000
vn 0.964459 -0.260400 -0.044845
v 532.106689 4570.543457 47.818302 1.000000 1.000000 1.000000
vn 0.708209 -0.619486 0.338641
v 532.223328 4572.679688 47.855957 1.000000 1.000000 1.000000
vn 0.946978 -0.123144 0.296764
v 532.189941 4574.007813 47.791164 1.000000 1.000000 1.000000
vn 0.741184 -0.365244 0.563242
v 532.233582 4574.246094 47.824928 1.000000 1.000000 1.000000
vn 0.951645 -0.188853 0.242293
v 532.522949 4574.724121 47.886318 1.000000 1.000000 1.000000
vn 0.812970 0.382013 -0.439484
v 532.212097 4574.964355 47.684361 1.000000 1.000000 1.000000
vn 0.976875 -0.116491 0.179291
v 532.096802 4577.878418 47.773979 1.000000 1.000000 1.000000
vn 0.912823 0.160609 0.375444
v 532.141907 4578.765625 47.754646 1.000000 1.000000 1.000000
vn 0.804052 -0.526771 0.275704
v 532.212463 4580.437500 47.729115 1.000000 1.000000 1.000000
vn 0.717187 0.696463 0.024131
v 532.232422 4581.243652 47.662117 1.000000 1.000000 1.000000
vn 0.995788 0.084626 0.035288
v 532.129395 4581.542480 48.060585 1.000000 1.000000 1.000000
vn 0.847148 -0.511003 0.145657
v 532.276245 4582.421387 47.855171 1.000000 1.000000 1.000000
vn 0.980914 0.194415 -0.003243
v 532.179626 4583.031250 47.896931 1.000000 1.000000 1.000000
vn 0.977827 -0.186709 0.094836
v 532.186646 4583.429199 47.995018 1.000000 1.000000 1.000000
vn 0.813818 0.552998 -0.178589
v 532.272827 4584.996582 47.799480 1.000000 1.000000 1.000000
vn 0.984496 -0.156465 0.079289
v 532.234985 4585.663086 47.832119 1.000000 1.000000 1.000000
vn 0.627040 -0.742817 0.234614
v 532.299316 4585.862793 48.107700 1.000000 1.000000 1.000000
vn 0.978558 0.139452 0.151585
v 532.169678 4586.467773 47.846340 1.000000 1.000000 1.000000
vn 0.778304 -0.186955 0.599409
v 532.195740 4586.665527 47.805794 1.000000 1.000000 1.000000
vn 0.610287 0.101197 0.785690
v 532.178345 4586.951660 47.806576 1.000000 1.000000 1.000000
vn 0.753818 -0.330321 0.568020
v 532.181274 4587.043945 47.817978 1.000000 1.000000 1.000000
vn 0.872381 0.485180 -0.059598
v 532.160522 4587.627441 47.866306 1.000000 1.000000 1.000000
vn 0.994536 0.095930 0.041183
v 532.115173 4587.791016 47.918068 1.000000 1.000000 1.000000
vn 0.997648 0.068272 -0.006127
v 532.537964 4588.918945 47.776237 1.000000 1.000000 1.000000
vn 0.969655 -0.244475 -0.001338
v 531.694946 4568.713867 47.713039 0.000000 0.000000 0.000000
vn 0.995436 -0.095400 0.002311
v 531.694946 4569.290527 47.713039 1.000000 1.000000 1.000000
vn 0.877246 -0.479484 -0.023137
v 531.715271 4569.375488 47.806885 1.000000 1.000000 1.000000
vn 0.859196 -0.499249 -0.111951
v 531.912476 4569.788086 47.693459 1.000000 1.000000 1.000000
vn 0.994971 0.082975 0.056103
v 532.056763 4570.404297 47.804680 1.000000 1.000000 1.000000
vn 0.971105 0.209615 0.114092
v 532.112854 4570.636230 47.848965 1.000000 1.000000 1.000000
vn 0.995796 0.080508 -0.043701
v 532.533813 4572.941895 47.795372 1.000000 1.000000 1.000000
vn 0.834378 0.479315 -0.272158
v 532.217041 4573.287598 47.818348 1.000000 1.000000 1.000000
vn 0.993424 0.092405 -0.067600
v 532.034729 4576.211914 47.868011 1.000000 1.000000 1.000000
vn 0.940505 -0.052268 0.335736
v 532.145020 4578.576172 47.773041 1.000000 1.000000 1.000000
vn 0.956727 0.061060 0.284507
v 532.111267 4578.992188 47.744019 1.000000 1.000000 1.000000
vn 0.919272 -0.012789 0.393416
v 532.123169 4579.208496 47.757000 1.000000 1.000000 1.000000
vn 0.967666 0.250696 0.027815
v 532.173889 4581.374512 47.820774 1.000000 1.000000 1.000000
vn 0.988679 -0.134879 0.065731
v 532.130981 4582.083984 47.784611 1.000000 1.000000 1.000000
vn 0.764956 -0.632371 0.122268
v 532.287231 4582.424316 47.711246 1.000000 1.000000 1.000000
vn 0.904736 0.398622 -0.150176
v 532.525085 4584.038574 47.866409 1.000000 1.000000 1.000000
vn 0.995657 0.029564 0.088279
v 532.189880 4585.250000 47.829609 1.000000 1.000000 1.000000
vn 0.748378 -0.633743 0.195704
v 532.286560 4585.708008 47.682911 1.000000 1.000000 1.000000
vn 0.901345 0.430096 -0.050938
v 532.199829 4586.276367 47.861305 1.000000 1.000000 1.000000
vn 0.548148 -0.352690 0.758382
v 532.303650 4586.732422 47.753326 1.000000 1.000000 1.000000
vn 0.755605 -0.635986 0.156789
v 532.498047 4587.271973 47.905434 1.000000 1.000000 1.000000
vn 0.970954 -0.227858 -0.072998
v 532.180176 4588.175781 47.860886 1.000000 1.000000 1.000000
vn 0.868960 -0.490952 -0.062238
v 532.197998 4588.264160 47.789688 1.000000 1.000000 1.000000
vn 0.827347 0.247261 -0.504340
v 532.514404 4589.018555 47.729015 1.000000 1.000000 1.000000
vn 0.478979 0.624386 -0.617026
v 532.410828 4589.257813 47.821129 1.000000 1.000000 1.000000
vn 0.951906 -0.262597 0.157856
v 532.104797 4572.334961 47.836819 1.000000 1.000000 1.000000
vn 0.734205 -0.598044 0.321382
v 532.491516 4572.861328 47.832432 1.000000 1.000000 1.000000
vn 0.959913 -0.131217 0.247687
v 532.187073 4573.722168 47.609112 1.000000 1.000000 1.000000
vn 0.969438 0.143383 -0.199075
v 532.525208 4574.678223 47.786247 1.000000 1.000000 1.000000
vn 0.746406 0.052124 0.663446
v 532.210327 4578.732422 47.651997 1.000000 1.000000 1.000000
vn 0.929184 0.369176 -0.018055
v 532.537354 4581.018066 47.828522 1.000000 1.000000 1.000000
vn 0.907155 -0.411149 0.089593
v 532.524475 4582.625977 47.739552 1.000000 1.000000 1.000000
vn 0.660198 0.735886 -0.150367
v 532.494751 4582.765625 47.853016 1.000000 1.000000 1.000000
vn 0.860512 0.468741 -0.199503
v 532.303528 4584.246094 47.853664 1.000000 1.000000 1.000000
vn 0.965994 0.249581 -0.067563
v 532.534668 4584.726074 47.776112 1.000000 1.000000 1.000000
vn 0.998989 -0.017322 0.041491
v 532.260132 4585.405273 47.584724 1.000000 1.000000 1.000000
vn 0.961008 -0.078667 0.265095
v 532.182129 4586.541504 47.746376 1.000000 1.000000 1.000000
vn 0.639651 0.174570 0.748580
v 532.467834 4586.823242 47.676033 1.000000 1.000000 1.000000
vn 0.718072 0.444132 0.535836
v 532.253723 4587.000977 47.717083 1.000000 1.000000 1.000000
vn 0.604454 -0.745518 0.280783
v 532.222351 4587.096680 47.850525 1.000000 1.000000 1.000000
vn 0.611081 -0.791537 -0.007005
v 532.267761 4588.335938 47.774883 1.000000 1.000000 1.000000
vn 0.516827 0.726754 -0.452458
v 531.975952 4589.490723 47.858360 1.000000 1.000000 1.000000
vn 0.487753 -0.856769 -0.167465
v 532.457886 4570.007813 47.789165 1.000000 1.000000 1.000000
vn 0.869333 0.439868 0.225337
v 532.515320 4570.141602 47.660904 1.000000 1.000000 1.000000
vn 0.683593 0.701256 0.202337
v 532.471924 4570.162109 47.755577 1.000000 1.000000 1.000000
vn 0.607187 0.759888 0.232152
v 532.102783 4570.324219 47.796494 1.000000 1.000000 1.000000
vn 0.869244 -0.448770 0.207413
v 532.187866 4572.573242 47.760223 1.000000 1.000000 1.000000
vn 0.725989 -0.374641 0.576701
v 532.480835 4574.314453 47.662323 1.000000 1.000000 1.000000
vn 0.750718 0.407310 -0.520116
v 532.497375 4574.825195 47.832424 1.000000 1.000000 1.000000
vn 0.981908 0.179990 -0.058832
v 532.106140 4575.888184 47.738060 1.000000 1.000000 1.000000
vn 0.964615 -0.142863 0.221602
v 532.130737 4578.381836 47.724232 1.000000 1.000000 1.000000
vn 0.995257 -0.043173 -0.087173
v 532.545471 4580.905273 47.670582 1.000000 1.000000 1.000000
vn 0.982666 0.180358 -0.042870
v 532.531372 4582.670410 47.702274 1.000000 1.000000 1.000000
vn 0.965722 -0.229215 0.121824
v 532.278442 4583.392578 47.449493 1.000000 1.000000 1.000000
vn 0.911116 -0.398399 0.105572
v 532.306152 4584.434082 47.742973 1.000000 1.000000 1.000000
vn 0.748808 -0.640326 0.171086
v 532.499695 4584.625000 47.798782 1.000000 1.000000 1.000000
vn 0.981756 -0.182831 0.052225
v 532.532715 4584.683105 47.796535 1.000000 1.000000 1.000000
vn 0.966776 0.250823 -0.049322
v 532.255432 4585.016602 47.691689 1.000000 1.000000 1.000000
vn 0.967782 -0.243174 0.065302
v 532.247253 4585.647461 47.674377 1.000000 1.000000 1.000000
vn 0.999745 0.015208 -0.016664
v 532.531067 4585.944336 47.723564 1.000000 1.000000 1.000000
vn 0.753005 0.625426 -0.204512
v 532.497681 4585.998047 47.692818 1.000000 1.000000 1.000000
vn 0.973579 -0.223975 -0.044498
v 532.541260 4588.534668 47.704460 1.000000 1.000000 1.000000
vn 0.889594 0.242112 -0.387303
v 532.525452 4588.646973 47.671379 1.000000 1.000000 1.000000
vn 0.995288 0.085490 -0.045748
v 531.696594 4589.752930 47.646442 1.000000 1.000000 1.000000
vn 0.970143 0.242536 0.000000
v 531.694946 4591.313477 47.615887 0.000000 0.000000 0.000000
vn 0.981668 -0.185200 -0.045053
v 531.897888 4569.617676 47.688602 1.000000 1.000000 1.000000
vn 0.502669 -0.845754 -0.178954
v 532.003357 4569.862305 47.694420 1.000000 1.000000 1.000000
vn 0.984989 -0.171490 -0.019701
v 532.521301 4570.095215 47.683830 1.000000 1.000000 1.000000
vn 0.986290 -0.130616 0.100856
v 532.035095 4572.115234 47.849480 1.000000 1.000000 1.000000
vn 0.713368 -0.312742 0.627135
v 532.245239 4573.626953 47.453743 1.000000 1.000000 1.000000
vn 0.760003 -0.334549 0.557201
v 532.229980 4574.007324 47.690815 1.000000 1.000000 1.000000
vn 0.980067 -0.121772 0.156973
v 532.527954 4574.428223 47.651947 1.000000 1.000000 1.000000
vn 0.993942 -0.074112 0.081163
v 532.035461 4577.402832 47.686192 1.000000 1.000000 1.000000
vn 0.967797 -0.099226 0.231351
v 532.127991 4578.174805 47.612831 1.000000 1.000000 1.000000
vn 0.861445 -0.243612 0.445608
v 532.192383 4578.514160 47.646984 1.000000 1.000000 1.000000
vn 0.962554 -0.229139 0.144865
v 532.189819 4580.208496 47.510246 1.000000 1.000000 1.000000
vn 0.976754 -0.210495 0.040535
v 532.531311 4580.712891 47.667324 1.000000 1.000000 1.000000
vn 0.695842 0.717781 0.024392
v 532.464905 4581.094238 47.724682 1.000000 1.000000 1.000000
vn 0.949255 -0.304942 0.076979
v 532.171997 4582.166504 47.621727 1.000000 1.000000 1.000000
vn 0.673851 -0.715405 0.184720
v 532.463989 4582.544922 47.664005 1.000000 1.000000 1.000000
vn 0.976968 -0.208290 0.046356
v 532.531250 4582.607910 47.586021 1.000000 1.000000 1.000000
vn 0.722846 0.639870 -0.260884
v 532.506653 4583.981445 47.647621 1.000000 1.000000 1.000000
vn 0.992349 0.016788 0.122316
v 532.245972 4585.186523 47.602097 1.000000 1.000000 1.000000
vn 0.786929 -0.518508 0.334502
v 532.216003 4586.588867 47.692215 1.000000 1.000000 1.000000
vn 0.958143 0.283375 0.040742
v 532.171753 4587.623535 47.681709 1.000000 1.000000 1.000000
vn 0.993358 -0.013680 0.114253
v 532.180298 4587.879395 47.611919 1.000000 1.000000 1.000000
vn 0.990544 -0.134392 -0.027589
v 532.162231 4588.169434 47.548325 1.000000 1.000000 1.000000
vn 0.520428 0.383002 -0.763193
v 532.428650 4589.001953 47.643375 1.000000 1.000000 1.000000
vn 0.883511 0.412556 -0.221823
v 531.714417 4589.708496 47.715034 1.000000 1.000000 1.000000
vn 0.900770 0.371124 0.225568
v 532.068359 4570.469727 47.546680 1.000000 1.000000 1.000000
vn 0.967371 -0.253335 0.003868
v 532.065613 4570.510254 47.591270 1.000000 1.000000 1.000000
vn 0.994505 0.080452 0.066992
v 532.032104 4570.915039 47.725704 1.000000 1.000000 1.000000
vn 0.916477 -0.371556 0.148380
v 532.141724 4572.394531 47.469196 1.000000 1.000000 1.000000
vn 0.994354 -0.088017 0.059277
v 532.533386 4572.817383 47.593910 1.000000 1.000000 1.000000
vn 0.781054 0.557105 -0.282115
v 532.497681 4572.947266 47.661713 1.000000 1.000000 1.000000
vn 0.982244 0.172939 -0.072718
v 532.186646 4573.257813 47.622124 1.000000 1.000000 1.000000
vn 0.982043 -0.098177 0.161096
v 532.525940 4574.240234 47.533016 1.000000 1.000000 1.000000
vn 0.825019 0.315856 -0.468593
v 532.496277 4574.380371 47.517578 1.000000 1.000000 1.000000
vn 0.984641 -0.104059 0.140194
v 532.107056 4577.712402 47.501793 1.000000 1.000000 1.000000
vn 0.810267 -0.321931 0.489723
v 532.176025 4578.385742 47.514366 1.000000 1.000000 1.000000
vn 0.669755 -0.324231 0.668058
v 532.273865 4578.571777 47.576630 1.000000 1.000000 1.000000
vn 0.926063 0.235942 0.294516
v 532.136475 4579.364746 47.643814 1.000000 1.000000 1.000000
vn 0.994334 0.013073 0.105494
v 532.127991 4581.738770 47.593227 1.000000 1.000000 1.000000
vn 0.818500 0.549276 -0.168387
v 532.513000 4582.653809 47.518513 1.000000 1.000000 1.000000
vn 0.978109 -0.190256 0.084297
v 532.190796 4583.186035 47.508659 1.000000 1.000000 1.000000
vn 0.698186 -0.685275 0.207205
v 532.492493 4585.860840 47.711128 1.000000 1.000000 1.000000
vn 0.992103 0.109613 0.060969
v 532.251770 4586.368652 47.523827 1.000000 1.000000 1.000000
vn 0.943659 0.179312 0.278129
v 532.520996 4586.833008 47.597717 1.000000 1.000000 1.000000
vn 0.759844 0.607309 0.231977
v 532.328674 4587.006836 47.575264 1.000000 1.000000 1.000000
vn 0.998702 0.049101 0.013580
v 532.530029 4587.300781 47.704945 1.000000 1.000000 1.000000
vn 0.683063 0.724703 -0.090725
v 532.235840 4587.512207 47.636288 1.000000 1.000000 1.000000
vn 0.649606 0.296848 -0.699924
v 532.436829 4588.723633 47.590633 1.000000 1.000000 1.000000
vn 0.574930 0.426980 -0.697956
v 532.103638 4588.956543 47.447041 1.000000 1.000000 1.000000
vn 0.445392 0.593481 -0.670377
v 532.041748 4589.249512 47.607353 1.000000 1.000000 1.000000
vn 0.700034 0.536143 -0.471702
v 531.938965 4589.292480 47.558620 1.000000 1.000000 1.000000
vn 1.000000 0.000621 0.000648
v 531.694946 4591.083008 47.518734 1.000000 1.000000 1.000000
vn 0.829281 -0.537714 -0.152173
v 531.872681 4569.554688 47.642815 1.000000 1.000000 1.000000
vn 0.590149 -0.775084 -0.225762
v 531.944580 4569.844238 47.603111 1.000000 1.000000 1.000000
vn 0.993255 -0.045776 0.106533
v 532.144714 4570.686035 47.600765 1.000000 1.000000 1.000000
vn 0.793562 -0.307729 0.524941
v 532.492188 4574.001465 47.450825 1.000000 1.000000 1.000000
vn 0.712898 0.406996 -0.571079
v 532.233521 4574.645508 47.466122 1.000000 1.000000 1.000000
vn 0.716732 0.406146 0.566870
v 532.204895 4578.914063 47.564980 1.000000 1.000000 1.000000
vn 0.873693 0.019175 0.486100
v 532.174622 4578.987305 47.568100 1.000000 1.000000 1.000000
vn 0.778090 -0.203124 0.594404
v 532.215820 4579.145996 47.591415 1.000000 1.000000 1.000000
vn 0.779838 0.211024 0.589339
v 532.199463 4579.238281 47.602654 1.000000 1.000000 1.000000
vn 0.717872 0.603731 0.346654
v 532.236145 4579.370117 47.437237 1.000000 1.000000 1.000000
vn 0.783595 -0.569811 0.247576
v 532.272461 4580.383301 47.453407 1.000000 1.000000 1.000000
vn 0.746883 -0.618444 0.244320
v 532.494507 4580.633301 47.632462 1.000000 1.000000 1.000000
vn 0.940987 0.333837 0.055647
v 532.188660 4581.324707 47.593956 1.000000 1.000000 1.000000
vn 0.990046 0.136093 -0.035883
v 532.183228 4582.950195 47.494610 1.000000 1.000000 1.000000
vn 0.891813 -0.418225 0.172506
v 532.285339 4583.644531 47.659958 1.000000 1.000000 1.000000
vn 0.977448 -0.197688 0.074266
v 532.530518 4583.878906 47.645813 1.000000 1.000000 1.000000
vn 0.692304 0.693894 -0.198056
v 532.266968 4586.110840 47.548050 1.000000 1.000000 1.000000
vn 0.949561 0.313580 -0.001446
v 532.226318 4586.189453 47.603615 1.000000 1.000000 1.000000
vn 0.728084 -0.573422 0.375607
v 532.493408 4586.760254 47.615810 1.000000 1.000000 1.000000
vn 0.670958 0.702859 0.236232
v 532.478088 4586.903809 47.574734 1.000000 1.000000 1.000000
vn 0.956672 -0.039547 0.288468
v 532.317932 4587.049316 47.555496 1.000000 1.000000 1.000000
vn 0.735740 -0.653480 0.177907
v 532.344727 4587.091797 47.521091 1.000000 1.000000 1.000000
vn 0.721657 -0.680105 0.129108
v 532.502258 4587.222168 47.632492 1.000000 1.000000 1.000000
vn 0.663292 -0.726528 0.179448
v 532.478210 4588.439941 47.623482 1.000000 1.000000 1.000000
vn 0.977805 -0.199239 -0.064814
v 532.526611 4570.157227 47.522644 1.000000 1.000000 1.000000
vn 0.893448 0.261232 0.365388
v 532.091370 4570.530273 47.410461 1.000000 1.000000 1.000000
vn 0.923425 0.304128 0.234078
v 532.054504 4570.860352 47.654999 1.000000 1.000000 1.000000
vn 0.986258 -0.048957 0.157795
v 532.183350 4573.304688 47.458237 1.000000 1.000000 1.000000
vn 0.825727 -0.215523 0.521272
v 532.219910 4573.402344 47.391804 1.000000 1.000000 1.000000
vn 0.996532 0.047374 -0.068403
v 532.528748 4574.143066 47.444435 1.000000 1.000000 1.000000
vn 0.980968 0.183330 -0.063965
v 532.035889 4575.974609 47.444565 1.000000 1.000000 1.000000
vn 0.989693 -0.133217 0.052552
v 532.035522 4577.134766 47.224224 1.000000 1.000000 1.000000
vn 0.668891 0.343636 0.659165
v 532.465820 4578.780273 47.451611 1.000000 1.000000 1.000000
vn 0.961213 0.074251 -0.265626
v 532.520203 4580.776367 47.559811 1.000000 1.000000 1.000000
vn 0.939434 -0.233245 -0.251120
v 532.520935 4580.909180 47.546463 1.000000 1.000000 1.000000
vn 0.774507 -0.610381 0.166054
v 532.510010 4582.514648 47.418499 1.000000 1.000000 1.000000
vn 0.997916 -0.016942 -0.062264
v 532.270325 4584.189941 47.481586 1.000000 1.000000 1.000000
vn 0.854191 -0.498744 0.147008
v 532.520264 4584.574707 47.522892 1.000000 1.000000 1.000000
vn 0.981001 0.185625 -0.056401
v 532.525879 4585.871582 47.486412 1.000000 1.000000 1.000000
vn 0.955378 -0.281564 0.089303
v 532.527893 4588.462402 47.507130 1.000000 1.000000 1.000000
vn 0.951371 0.267929 -0.152013
v 532.528625 4588.512695 47.484470 1.000000 1.000000 1.000000
vn 0.620635 0.506215 -0.598798
v 532.199036 4588.749512 47.413494 1.000000 1.000000 1.000000
vn 0.950252 -0.299105 -0.086936
v 531.707642 4569.392578 47.554367 1.000000 1.000000 1.000000
vn 0.976701 -0.198339 0.081960
v 532.097046 4570.606445 47.402302 1.000000 1.000000 1.000000
vn 0.937812 0.149548 0.313279
v 532.049194 4571.168945 47.416866 1.000000 1.000000 1.000000
vn 0.970669 0.015728 0.239905
v 532.041748 4571.427246 47.378372 1.000000 1.000000 1.000000
vn 0.673250 -0.672580 0.307199
v 532.219849 4572.541504 47.578720 1.000000 1.000000 1.000000
vn 0.805547 0.562235 -0.187044
v 532.240540 4573.041016 47.418121 1.000000 1.000000 1.000000
vn 0.981111 -0.135607 0.137959
v 532.106812 4577.458008 47.396732 1.000000 1.000000 1.000000
vn 0.705000 0.598137 0.381060
v 532.332764 4578.933105 47.389072 1.000000 1.000000 1.000000
vn 0.798430 -0.379193 0.467678
v 532.507874 4579.152832 47.312546 1.000000 1.000000 1.000000
vn 0.759806 0.535580 0.368576
v 532.491577 4579.235840 47.335041 1.000000 1.000000 1.000000
vn 0.980945 0.194275 0.002181
v 532.538635 4581.028809 47.505432 1.000000 1.000000 1.000000
vn 0.951962 -0.282041 0.119252
v 532.189087 4582.219238 47.410786 1.000000 1.000000 1.000000
vn 0.800378 0.582362 -0.142302
v 532.212891 4582.909180 47.640877 1.000000 1.000000 1.000000
vn 0.748004 -0.615540 0.248195
v 532.492065 4583.774414 47.529720 1.000000 1.000000 1.000000
vn 0.998345 0.053524 -0.021037
v 532.535706 4583.737793 47.232521 1.000000 1.000000 1.000000
vn 0.937957 0.318299 -0.137558
v 532.531921 4583.878418 47.509476 1.000000 1.000000 1.000000
vn 0.979708 0.192723 -0.055053
v 532.530640 4584.642090 47.480415 1.000000 1.000000 1.000000
vn 0.710505 0.663773 -0.233641
v 532.486328 4584.734375 47.582214 1.000000 1.000000 1.000000
vn 0.816273 0.529259 -0.231482
v 532.293579 4584.901855 47.628521 1.000000 1.000000 1.000000
vn 0.988246 0.083911 -0.127787
v 532.242188 4584.986816 47.549259 1.000000 1.000000 1.000000
vn 0.998266 -0.033575 -0.048361
v 532.254822 4585.381836 47.413029 1.000000 1.000000 1.000000
vn 0.976749 -0.206178 0.058760
v 532.229980 4585.581055 47.469921 1.000000 1.000000 1.000000
vn 0.905376 -0.408619 0.115436
v 532.518188 4585.830566 47.489201 1.000000 1.000000 1.000000
vn 0.991323 -0.113900 0.065612
v 532.218079 4586.507324 47.477886 1.000000 1.000000 1.000000
vn 0.759398 0.649524 -0.037845
v 532.210693 4587.515137 47.461689 1.000000 1.000000 1.000000
vn 0.658347 0.615896 -0.432725
v 532.447632 4588.643066 47.539776 1.000000 1.000000 1.000000
vn 0.826198 0.513608 -0.231526
v 531.726318 4589.498535 47.436348 1.000000 1.000000 1.000000
vn 0.806688 -0.557301 -0.196645
v 531.920166 4569.883789 47.403694 1.000000 1.000000 1.000000
vn 0.533556 -0.783022 -0.319679
v 532.451843 4570.122070 47.396633 1.000000 1.000000 1.000000
vn 0.920761 -0.358794 -0.153183
v 532.516235 4570.191895 47.369911 1.000000 1.000000 1.000000
vn 0.523823 0.764559 0.375579
v 532.425232 4570.324219 47.405788 1.000000 1.000000 1.000000
vn 0.951108 -0.301256 -0.068111
v 532.143311 4570.674805 47.495255 1.000000 1.000000 1.000000
vn 0.813639 0.539728 -0.216068
v 532.513611 4572.831055 47.454670 1.000000 1.000000 1.000000
vn 0.968870 0.074699 0.236032
v 532.195129 4573.156250 47.354710 1.000000 1.000000 1.000000
vn 0.722117 0.357605 -0.592170
v 532.475708 4574.127441 47.328960 1.000000 1.000000 1.000000
vn 0.989486 0.093892 -0.110012
v 532.115784 4575.183594 47.439564 1.000000 1.000000 1.000000
vn 0.742813 -0.316757 0.589825
v 532.248901 4578.243164 47.402458 1.000000 1.000000 1.000000
vn 0.654190 -0.276262 0.704071
v 532.463440 4578.615234 47.441517 1.000000 1.000000 1.000000
vn 0.888988 -0.024856 0.457255
v 532.524902 4578.695313 47.400246 1.000000 1.000000 1.000000
vn 0.869721 0.477877 0.123368
v 532.517700 4578.791016 47.354988 1.000000 1.000000 1.000000
vn 0.846613 -0.100812 0.522573
v 532.321899 4578.995117 47.351589 1.000000 1.000000 1.000000
vn 0.807302 -0.349235 -0.475709
v 532.447754 4580.882813 47.421543 1.000000 1.000000 1.000000
vn 0.701728 0.695926 0.152530
v 532.503662 4581.100098 47.467995 1.000000 1.000000 1.000000
vn 0.966593 -0.241375 0.086228
v 532.537720 4586.775391 47.380878 1.000000 1.000000 1.000000
vn 0.730810 -0.655571 0.190116
v 532.187256 4588.218750 47.477657 1.000000 1.000000 1.000000
vn 0.909516 -0.377781 -0.173382
v 531.884155 4569.712891 47.394253 1.000000 1.000000 1.000000
vn 0.438991 -0.849981 -0.291237
v 532.049377 4569.968750 47.402370 1.000000 1.000000 1.000000
vn 0.905469 0.370683 0.206688
v 532.513733 4570.258301 47.396523 1.000000 1.000000 1.000000
vn 0.540400 0.707165 0.455946
v 532.151001 4570.439941 47.445915 1.000000 1.000000 1.000000
vn 0.985558 0.035167 0.165646
v 532.168152 4571.024902 47.245792 1.000000 1.000000 1.000000
vn 0.971134 -0.062910 0.230089
v 532.042908 4571.792480 47.433167 1.000000 1.000000 1.000000
vn 0.676317 -0.665914 0.314887
v 532.486328 4572.652832 47.435276 1.000000 1.000000 1.000000
vn 0.857171 0.514963 0.008444
v 532.510071 4572.703613 47.124474 1.000000 1.000000 1.000000
vn 0.974842 -0.109399 0.194205
v 532.526245 4573.916992 47.326740 1.000000 1.000000 1.000000
vn 0.941228 0.208130 -0.266029
v 532.180481 4574.750977 47.445076 1.000000 1.000000 1.000000
vn 0.919223 0.364924 0.147850
v 532.181824 4579.466797 47.367222 1.000000 1.000000 1.000000
vn 0.992482 -0.000659 0.122388
v 532.135010 4579.675781 47.511032 1.000000 1.000000 1.000000
vn 0.956327 -0.273736 0.102509
v 532.528809 4580.611816 47.416721 1.000000 1.000000 1.000000
vn 0.965019 0.236510 -0.113141
v 532.529846 4580.609375 47.294712 1.000000 1.000000 1.000000
vn 0.826796 0.295027 -0.478924
v 532.434326 4580.791992 47.419018 1.000000 1.000000 1.000000
vn 0.795347 0.584528 0.160468
v 532.217346 4581.333496 47.328537 1.000000 1.000000 1.000000
vn 0.628383 -0.754708 0.188547
v 532.459106 4585.720703 47.298664 1.000000 1.000000 1.000000
vn 0.740240 -0.643485 0.194865
v 532.238464 4586.541016 47.361244 1.000000 1.000000 1.000000
vn 0.848510 0.514314 -0.124544
v 532.524170 4586.841309 47.326988 1.000000 1.000000 1.000000
vn 0.903361 0.419552 -0.088966
v 532.343323 4587.004395 47.407848 1.000000 1.000000 1.000000
vn 0.833110 -0.551989 0.035143
v 532.521851 4587.213379 47.381927 1.000000 1.000000 1.000000
vn 0.679773 0.732336 -0.039917
v 532.497803 4587.330078 47.480236 1.000000 1.000000 1.000000
vn 0.977398 0.201427 -0.064194
v 532.181946 4587.935547 47.456974 1.000000 1.000000 1.000000
vn 0.915852 -0.372724 0.149302
v 532.527222 4588.376465 47.299068 1.000000 1.000000 1.000000
vn 0.859608 0.360848 -0.361751
v 531.926514 4589.097168 47.372715 1.000000 1.000000 1.000000
vn 0.967333 -0.253460 0.005018
v 531.694946 4568.713867 47.227272 0.000000 0.000000 0.000000
vn 0.924065 -0.346144 -0.162137
v 531.879456 4569.843262 47.060883 1.000000 1.000000 1.000000
vn 0.779569 -0.536158 -0.323738
v 532.504395 4570.272949 47.180275 1.000000 1.000000 1.000000
vn 0.999904 -0.006008 0.012518
v 532.527588 4570.313965 47.229885 1.000000 1.000000 1.000000
vn 0.910903 0.169395 0.376245
v 532.136414 4570.653809 47.260334 1.000000 1.000000 1.000000
vn 0.991188 -0.124379 0.045564
v 532.130493 4570.738281 47.280670 1.000000 1.000000 1.000000
vn 0.728112 -0.199807 0.655690
v 532.264465 4573.183105 47.247406 1.000000 1.000000 1.000000
vn 0.695901 -0.299051 0.652909
v 532.473450 4573.599121 47.256046 1.000000 1.000000 1.000000
vn 0.960589 0.134837 -0.243080
v 532.525024 4573.852539 47.254665 1.000000 1.000000 1.000000
vn 0.669564 0.399709 -0.626032
v 532.252747 4574.363281 47.298130 1.000000 1.000000 1.000000
vn 0.919272 0.215112 -0.329646
v 532.192444 4574.393555 47.223312 1.000000 1.000000 1.000000
vn 0.982660 0.165975 -0.082658
v 532.107483 4575.729004 47.315647 1.000000 1.000000 1.000000
vn 0.733446 -0.474828 0.486410
v 532.231140 4578.026855 47.267044 1.000000 1.000000 1.000000
vn 0.995719 0.078300 -0.049120
v 532.541504 4578.624023 47.301430 1.000000 1.000000 1.000000
vn 0.960488 0.277347 -0.023256
v 532.362244 4578.940918 47.256229 1.000000 1.000000 1.000000
vn 0.815239 -0.503932 0.285373
v 532.384583 4578.995605 47.236229 1.000000 1.000000 1.000000
vn 0.995475 0.029412 0.090362
v 532.173218 4579.715820 47.228714 1.000000 1.000000 1.000000
vn 0.703542 -0.661474 0.259773
v 532.471680 4580.518066 47.374046 1.000000 1.000000 1.000000
vn 0.970556 0.235241 0.051794
v 532.535217 4581.121582 47.169743 1.000000 1.000000 1.000000
vn 0.709861 -0.677822 0.191455
v 532.276184 4582.341309 47.412754 1.000000 1.000000 1.000000
vn 0.988340 0.133255 -0.073667
v 532.528870 4582.558594 47.339649 1.000000 1.000000 1.000000
vn 0.865248 -0.459826 0.199764
v 532.303101 4583.524414 47.335651 1.000000 1.000000 1.000000
vn 0.749987 0.605832 -0.265494
v 532.486938 4583.907715 47.419010 1.000000 1.000000 1.000000
vn 0.760717 0.588773 -0.273232
v 532.307251 4584.096680 47.526146 1.000000 1.000000 1.000000
vn 0.812054 -0.562792 0.154382
v 532.318420 4584.353516 47.423283 1.000000 1.000000 1.000000
vn 0.989642 -0.105367 -0.097504
v 532.180603 4585.091309 47.281361 1.000000 1.000000 1.000000
vn 0.750105 0.636913 -0.178004
v 532.508362 4585.883789 47.377426 1.000000 1.000000 1.000000
vn 0.883126 -0.468838 0.016720
v 532.335510 4587.056152 47.392361 1.000000 1.000000 1.000000
vn 0.994086 0.106131 -0.023007
v 532.232849 4587.762207 47.302647 1.000000 1.000000 1.000000
vn 0.993257 -0.115174 -0.013236
v 532.141479 4588.097656 47.363880 1.000000 1.000000 1.000000
vn 0.554478 -0.763024 0.332188
v 532.447388 4588.308105 47.325977 1.000000 1.000000 1.000000
vn 0.937914 0.315659 -0.143793
v 532.532410 4588.460449 47.348034 1.000000 1.000000 1.000000
vn 0.740155 0.460961 -0.489578
v 532.063843 4588.842285 47.319382 1.000000 1.000000 1.000000
vn 0.865945 0.440613 -0.236640
v 531.893494 4589.303223 47.453995 1.000000 1.000000 1.000000
vn 1.000000 0.000736 0.000408
v 531.694946 4591.236328 47.227272 1.000000 1.000000 1.000000
vn 0.885237 -0.418623 -0.202758
v 531.714050 4569.551270 47.277428 1.000000 1.000000 1.000000
vn 0.909222 0.155006 0.386380
v 532.144531 4570.772949 47.168938 1.000000 1.000000 1.000000
vn 0.967280 -0.104246 0.231306
v 532.102417 4571.996094 47.324402 1.000000 1.000000 1.000000
vn 0.800788 0.598927 0.005021
v 532.307251 4572.922852 47.232151 1.000000 1.000000 1.000000
vn 0.949714 -0.137559 0.281283
v 532.519775 4573.621094 47.196331 1.000000 1.000000 1.000000
vn 0.954385 -0.208588 0.213634
v 532.128845 4577.866699 47.368443 1.000000 1.000000 1.000000
vn 0.852158 0.224400 -0.472728
v 532.359802 4578.848633 47.168476 1.000000 1.000000 1.000000
vn 0.821575 0.394867 -0.411212
v 532.279968 4580.793457 47.202415 1.000000 1.000000 1.000000
vn 0.769613 -0.503675 -0.392438
v 532.320984 4580.865234 47.250309 1.000000 1.000000 1.000000
vn 0.867051 -0.465174 -0.178424
v 532.527954 4581.030762 47.263523 1.000000 1.000000 1.000000
vn 0.992177 0.097164 0.078386
v 532.176880 4581.485840 47.404743 1.000000 1.000000 1.000000
vn 0.715007 0.665144 -0.215287
v 532.479797 4582.617188 47.291477 1.000000 1.000000 1.000000
vn 0.623109 0.751639 -0.216273
v 532.253357 4582.829590 47.504097 1.000000 1.000000 1.000000
vn 0.984991 0.141241 -0.099215
v 532.266052 4584.090332 47.354977 1.000000 1.000000 1.000000
vn 0.759157 -0.623631 0.186451
v 532.486084 4584.462891 47.297382 1.000000 1.000000 1.000000
vn 0.720941 0.654055 -0.229033
v 532.237244 4584.803711 47.215225 1.000000 1.000000 1.000000
vn 0.949976 -0.293945 0.105557
v 532.250427 4585.543945 47.271431 1.000000 1.000000 1.000000
vn 0.699789 -0.690638 0.182521
v 532.301392 4585.620605 47.307922 1.000000 1.000000 1.000000
vn 0.709422 -0.676989 0.195977
v 532.488220 4586.701660 47.356636 1.000000 1.000000 1.000000
vn 0.987636 0.139812 -0.070904
v 531.697449 4589.549316 47.367619 1.000000 1.000000 1.000000
vn 0.996061 -0.078919 -0.040422
v 531.694946 4569.520996 47.130119 1.000000 1.000000 1.000000
vn 0.606498 0.499053 0.618956
v 532.190796 4570.599609 47.230873 1.000000 1.000000 1.000000
vn 0.990074 0.137981 -0.026728
v 532.537109 4572.666992 47.229645 1.000000 1.000000 1.000000
vn 0.866530 0.115026 0.485691
v 532.257385 4573.039551 47.237877 1.000000 1.000000 1.000000
vn 0.748935 -0.388351 0.536917
v 532.493530 4578.277344 47.203697 1.000000 1.000000 1.000000
vn 0.993888 -0.077771 0.078349
v 532.533569 4578.273926 47.108009 1.000000 1.000000 1.000000
vn 0.957440 -0.161613 0.239144
v 532.537903 4578.387207 47.191086 1.000000 1.000000 1.000000
vn 0.812453 0.363253 -0.456034
v 532.511719 4578.754883 47.273983 1.000000 1.000000 1.000000
vn 0.968729 0.242375 0.053094
v 532.537354 4579.182617 47.199730 1.000000 1.000000 1.000000
vn 0.885049 -0.449148 0.122286
v 532.279663 4584.252930 47.195145 1.000000 1.000000 1.000000
vn 0.869114 -0.479692 0.120568
v 532.522034 4585.765137 47.216476 1.000000 1.000000 1.000000
vn 0.987283 -0.157033 0.024761
v 532.533142 4586.700195 47.156235 1.000000 1.000000 1.000000
vn 0.976731 0.198720 0.080665
v 532.192139 4587.552734 47.317123 1.000000 1.000000 1.000000
vn 0.598864 0.714195 -0.362336
v 532.466125 4588.497559 47.276058 1.000000 1.000000 1.000000
vn 0.845758 -0.477230 -0.238631
v 531.917175 4569.952637 47.203590 1.000000 1.000000 1.000000
vn 0.938563 0.043995 0.342292
v 532.191589 4571.165527 47.035336 1.000000 1.000000 1.000000
vn 0.935832 0.030198 0.351151
v 532.152649 4571.467285 47.135727 1.000000 1.000000 1.000000
vn 0.925437 -0.167775 0.339732
v 532.135193 4572.214844 47.145454 1.000000 1.000000 1.000000
vn 0.910290 -0.378648 0.167323
v 532.525757 4572.620605 47.252968 1.000000 1.000000 1.000000
vn 0.822600 0.312935 0.474763
v 532.355957 4572.890625 47.132236 1.000000 1.000000 1.000000
vn 0.959070 -0.114525 0.258978
v 532.519409 4573.424316 47.119118 1.000000 1.000000 1.000000
vn 0.975779 0.091943 -0.198500
v 532.526306 4573.596191 47.115417 1.000000 1.000000 1.000000
vn 0.686608 0.324784 -0.650450
v 532.464783 4573.714844 47.085274 1.000000 1.000000 1.000000
vn 0.695248 0.717375 -0.044752
v 532.485413 4579.258301 47.197933 1.000000 1.000000 1.000000
vn 0.707568 0.706223 -0.024424
v 532.225830 4579.425781 47.228523 1.000000 1.000000 1.000000
vn 0.647771 0.733283 0.206613
v 532.472656 4581.184570 47.227798 1.000000 1.000000 1.000000
vn 0.989557 -0.123694 0.074003
v 532.185425 4581.950195 47.145031 1.000000 1.000000 1.000000
vn 0.930923 0.355107 -0.085333
v 532.187744 4582.844727 47.260735 1.000000 1.000000 1.000000
vn 0.988555 -0.135040 0.067257
v 532.181580 4582.987793 47.100739 1.000000 1.000000 1.000000
vn 0.992136 -0.118244 0.041046
v 532.536682 4584.562012 47.311550 1.000000 1.000000 1.000000
vn 0.957993 0.246020 -0.147390
v 532.188904 4584.898438 47.248386 1.000000 1.000000 1.000000
vn 0.644353 -0.751944 0.139244
v 532.307373 4585.533203 46.921268 1.000000 1.000000 1.000000
vn 0.986411 0.161757 -0.028781
v 532.528870 4585.808594 47.251369 1.000000 1.000000 1.000000
vn 0.995517 -0.091746 0.023011
v 532.202087 4586.400879 47.187168 1.000000 1.000000 1.000000
vn 0.710900 0.696559 0.097090
v 532.504883 4587.329590 47.161800 1.000000 1.000000 1.000000
vn 0.680137 0.728539 0.081516
v 532.240173 4587.488770 47.230831 1.000000 1.000000 1.000000
vn 0.888173 -0.382785 0.254211
v 532.139343 4588.011719 47.160843 1.000000 1.000000 1.000000
vn 0.577346 -0.718447 0.387951
v 532.199158 4588.117676 47.221001 1.000000 1.000000 1.000000
vn 0.954678 0.222862 -0.197287
v 531.912659 4588.940918 47.096367 1.000000 1.000000 1.000000
vn 0.532364 -0.666673 -0.521666
v 532.458313 4570.286133 47.095631 1.000000 1.000000 1.000000
vn 0.977678 -0.160641 -0.135425
v 532.527649 4570.356445 47.133728 1.000000 1.000000 1.000000
vn 0.717588 0.503292 0.481419
v 532.488525 4570.500488 47.099556 1.000000 1.000000 1.000000
vn 0.918396 0.035040 0.394107
v 532.162659 4570.913086 47.093494 1.000000 1.000000 1.000000
vn 0.694731 -0.588242 0.413907
v 532.198303 4572.329102 47.121918 1.000000 1.000000 1.000000
vn 0.760249 -0.213724 0.613468
v 532.492493 4573.229004 47.068283 1.000000 1.000000 1.000000
vn 0.887162 -0.458639 0.050932
v 532.349487 4578.919434 47.143959 1.000000 1.000000 1.000000
vn 0.947960 -0.295418 0.118748
v 532.523804 4580.479492 47.115955 1.000000 1.000000 1.000000
vn 0.875390 -0.442150 0.195436
v 532.235413 4582.220703 47.193974 1.000000 1.000000 1.000000
vn 0.980200 -0.192448 0.046599
v 532.263428 4584.085449 46.926987 1.000000 1.000000 1.000000
vn 0.876047 0.461011 -0.141457
v 532.520874 4584.574219 47.169800 1.000000 1.000000 1.000000
vn 0.682006 0.718047 -0.138835
v 532.473145 4585.854492 47.117886 1.000000 1.000000 1.000000
vn 0.653900 0.741485 -0.150382
v 532.310852 4585.986816 47.224281 1.000000 1.000000 1.000000
vn 0.695225 -0.665149 0.272468
v 532.483337 4586.571289 47.016811 1.000000 1.000000 1.000000
vn 0.976906 0.213161 0.014719
v 532.534119 4587.275391 47.154846 1.000000 1.000000 1.000000
vn 0.760198 0.612590 0.216406
v 532.238342 4587.562012 46.985889 1.000000 1.000000 1.000000
vn 0.998004 0.060622 -0.017695
v 532.522156 4588.223633 46.949608 1.000000 1.000000 1.000000
vn 0.887148 0.392876 -0.242108
v 532.521667 4588.370605 47.138821 1.000000 1.000000 1.000000
vn 0.907883 0.401869 -0.119373
v 531.885132 4589.202148 47.132637 1.000000 1.000000 1.000000
vn 0.834984 -0.500696 -0.228266
v 531.721069 4569.658691 47.042850 1.000000 1.000000 1.000000
vn 0.884919 -0.060952 0.461739
v 532.215088 4571.848633 47.011303 1.000000 1.000000 1.000000
vn 0.733132 -0.267969 0.625068
v 532.184814 4572.260254 47.082031 1.000000 1.000000 1.000000
vn 0.993953 -0.026028 0.106676
v 532.528870 4573.263184 47.006985 1.000000 1.000000 1.000000
vn 0.864449 0.189732 -0.465543
v 532.510742 4573.384277 46.987671 1.000000 1.000000 1.000000
vn 0.991129 0.095852 -0.092062
v 532.113403 4574.809082 47.128891 1.000000 1.000000 1.000000
vn 0.994113 0.098969 -0.044089
v 532.033691 4575.944336 47.151527 1.000000 1.000000 1.000000
vn 0.795695 -0.464557 0.388660
v 532.180420 4577.794434 47.048683 1.000000 1.000000 1.000000
vn 0.892217 0.246656 -0.378298
v 532.522644 4578.350586 47.078247 1.000000 1.000000 1.000000
vn 0.976116 -0.189177 0.106818
v 532.185364 4580.062012 47.172523 1.000000 1.000000 1.000000
vn 0.777625 -0.577286 0.249080
v 532.268860 4580.232910 47.108803 1.000000 1.000000 1.000000
vn 0.841966 0.496370 -0.211446
v 532.526184 4580.536133 47.059002 1.000000 1.000000 1.000000
vn 0.986322 -0.001855 -0.164822
v 532.237427 4580.820313 47.098953 1.000000 1.000000 1.000000
vn 0.978235 -0.197431 0.063854
v 532.512451 4582.457520 47.087929 1.000000 1.000000 1.000000
vn 0.921480 0.377565 -0.091212
v 532.509521 4582.490234 47.050270 1.000000 1.000000 1.000000
vn 0.928835 -0.344778 0.135623
v 532.288147 4583.357422 47.038563 1.000000 1.000000 1.000000
vn 0.782195 -0.568265 0.255434
v 532.511536 4583.643066 47.178410 1.000000 1.000000 1.000000
vn 0.813259 0.531140 -0.237700
v 532.286926 4583.932617 47.106937 1.000000 1.000000 1.000000
vn 0.915630 -0.384168 0.118474
v 532.527588 4584.485840 47.165657 1.000000 1.000000 1.000000
vn 0.923135 -0.379492 0.061704
v 532.242981 4585.470215 47.014523 1.000000 1.000000 1.000000
vn 0.941383 0.334046 -0.047016
v 532.252686 4586.075195 47.320045 1.000000 1.000000 1.000000
vn 0.690414 0.645278 -0.327024
v 532.306091 4586.935547 47.107376 1.000000 1.000000 1.000000
vn 0.964178 0.080001 -0.252904
v 532.274719 4586.993164 47.115883 1.000000 1.000000 1.000000
vn 0.872100 -0.460551 -0.165333
v 532.289856 4587.052246 47.059658 1.000000 1.000000 1.000000
vn 0.971011 0.239015 -0.003126
v 532.200256 4587.654785 47.049332 1.000000 1.000000 1.000000
vn 0.986625 0.158411 -0.038443
v 532.142090 4587.887695 47.081406 1.000000 1.000000 1.000000
vn 0.628989 0.642458 -0.437745
v 532.044556 4588.642090 47.085751 1.000000 1.000000 1.000000
vn 0.996954 0.076655 -0.014412
v 531.695007 4589.481445 47.047092 1.000000 1.000000 1.000000
vn 0.946498 -0.278407 -0.163192
v 531.907288 4570.010254 47.015419 1.000000 1.000000 1.000000
vn 0.461456 -0.766040 -0.447484
v 532.049255 4570.136719 47.040413 1.000000 1.000000 1.000000
vn 0.817051 -0.384989 -0.429197
v 532.509338 4570.435059 47.000286 1.000000 1.000000 1.000000
vn 0.990457 0.110849 0.081895
v 532.521423 4570.588867 46.957500 1.000000 1.000000 1.000000
vn 0.854414 0.281668 0.436623
v 532.498169 4570.700195 46.939835 1.000000 1.000000 1.000000
vn 0.636430 0.290762 0.714433
v 532.227112 4570.851563 47.042854 1.000000 1.000000 1.000000
vn 0.778034 -0.067292 0.624608
v 532.232910 4571.998047 47.003357 1.000000 1.000000 1.000000
vn 0.906914 0.303315 0.292415
v 532.511108 4572.760254 46.987473 1.000000 1.000000 1.000000
vn 0.924457 0.054782 0.377329
v 532.511353 4572.850586 46.950249 1.000000 1.000000 1.000000
vn 0.891976 -0.094863 0.442018
v 532.524170 4573.000488 46.951721 1.000000 1.000000 1.000000
vn 0.776959 0.311111 -0.547306
v 532.217834 4573.919922 47.001328 1.000000 1.000000 1.000000
vn 0.983725 0.113140 -0.139587
v 532.170837 4574.397461 46.971478 1.000000 1.000000 1.000000
vn 0.783872 -0.441382 0.436723
v 532.505859 4578.088867 47.022785 1.000000 1.000000 1.000000
vn 0.727652 0.326615 -0.603195
v 532.301819 4578.482422 46.930767 1.000000 1.000000 1.000000
vn 0.957019 -0.132809 -0.257832
v 532.292114 4578.810547 47.034271 1.000000 1.000000 1.000000
vn 0.782124 -0.594082 -0.188012
v 532.283386 4580.931641 46.925385 1.000000 1.000000 1.000000
vn 0.826352 -0.535508 -0.174278
v 532.514954 4581.062012 47.081631 1.000000 1.000000 1.000000
vn 0.683095 0.694695 0.225343
v 532.234253 4581.390137 47.087753 1.000000 1.000000 1.000000
vn 0.771357 0.621196 -0.138288
v 532.240234 4582.710449 47.023376 1.000000 1.000000 1.000000
vn 0.984242 -0.176469 -0.011237
v 532.233826 4585.303711 47.038315 1.000000 1.000000 1.000000
vn 0.808772 0.581561 -0.087601
v 532.281067 4585.957031 46.825687 1.000000 1.000000 1.000000
vn 0.779801 -0.575305 0.246848
v 532.243164 4586.451660 47.120380 1.000000 1.000000 1.000000
vn 0.791102 0.547331 -0.273105
v 532.501343 4586.741699 47.047073 1.000000 1.000000 1.000000
vn 0.945739 -0.312453 -0.089173
v 532.529297 4587.250488 47.060429 1.000000 1.000000 1.000000
vn 0.709315 -0.586521 0.390979
v 532.485107 4588.201660 47.063454 1.000000 1.000000 1.000000
vn 0.890582 0.444857 -0.094686
v 531.707214 4589.395508 47.041447 1.000000 1.000000 1.000000
vn 0.790427 0.046898 0.610758
v 532.202454 4571.322266 46.973751 1.000000 1.000000 1.000000
vn 0.685781 -0.052751 0.725894
v 532.288696 4571.820313 46.921459 1.000000 1.000000 1.000000
vn 0.759923 -0.257058 0.597024
v 532.484253 4572.351563 46.871971 1.000000 1.000000 1.000000
vn 0.772280 -0.523011 0.360616
v 532.486938 4572.434570 46.936020 1.000000 1.000000 1.000000
vn 0.993098 -0.005163 0.117173
v 532.547241 4572.610840 47.013084 1.000000 1.000000 1.000000
vn 0.958374 0.101080 -0.267025
v 532.524109 4572.979980 46.873318 1.000000 1.000000 1.000000
vn 0.707845 0.307729 -0.635813
v 532.241577 4573.664551 46.884506 1.000000 1.000000 1.000000
vn 0.985765 0.141228 -0.091229
v 532.104675 4575.579590 47.065258 1.000000 1.000000 1.000000
vn 0.988247 0.123884 -0.089553
v 532.035889 4575.763184 46.972473 1.000000 1.000000 1.000000
vn 0.884362 -0.378869 0.272696
v 532.173523 4577.634766 46.905140 1.000000 1.000000 1.000000
vn 0.763374 -0.610995 0.209630
v 532.297668 4578.770020 46.827301 1.000000 1.000000 1.000000
vn 0.889699 -0.424904 0.167008
v 532.530701 4579.042480 46.987499 1.000000 1.000000 1.000000
vn 0.970983 0.200006 -0.131111
v 532.264893 4580.702637 46.808987 1.000000 1.000000 1.000000
vn 0.999865 -0.007833 -0.014420
v 532.533630 4581.172363 46.937012 1.000000 1.000000 1.000000
vn 0.743139 0.633130 0.216543
v 532.502686 4581.252441 46.934383 1.000000 1.000000 1.000000
vn 0.706020 -0.671247 0.225750
v 532.290649 4582.235840 47.040150 1.000000 1.000000 1.000000
vn 0.987832 0.144331 0.057931
v 532.185608 4582.812988 46.883240 1.000000 1.000000 1.000000
vn 0.970707 -0.227543 0.077148
v 532.274292 4583.241699 47.110462 1.000000 1.000000 1.000000
vn 0.689832 0.663153 -0.290449
v 532.487000 4583.763672 47.089958 1.000000 1.000000 1.000000
vn 0.986739 -0.147102 0.068614
v 532.532410 4584.373047 46.762737 1.000000 1.000000 1.000000
vn 0.686199 0.694974 -0.214808
v 532.486511 4584.553223 46.963394 1.000000 1.000000 1.000000
vn 0.980133 0.188095 -0.062920
v 532.243408 4586.173828 47.016762 1.000000 1.000000 1.000000
vn 0.677899 -0.636431 -0.367979
v 532.268921 4587.086914 46.877533 1.000000 1.000000 1.000000
vn 0.965849 0.253492 0.053648
v 532.528992 4587.336426 46.943832 1.000000 1.000000 1.000000
vn 0.937610 0.257621 0.233493
v 532.175476 4587.724121 46.900616 1.000000 1.000000 1.000000
vn 0.932951 -0.255704 0.253412
v 532.509827 4588.182129 46.979988 1.000000 1.000000 1.000000
vn 0.893428 0.423109 -0.150881
v 531.885010 4589.184082 46.936802 1.000000 1.000000 1.000000
vn 0.460001 -0.616358 -0.639141
v 532.042175 4570.316406 46.817158 1.000000 1.000000 1.000000
vn 0.480006 -0.540810 -0.690738
v 532.397888 4570.426270 46.908806 1.000000 1.000000 1.000000
vn 0.933822 -0.185318 -0.305997
v 532.514709 4570.605957 46.885506 1.000000 1.000000 1.000000
vn 0.984942 0.124244 0.120220
v 532.520020 4570.806152 46.844345 1.000000 1.000000 1.000000
vn 0.842447 0.219758 0.491924
v 532.500610 4570.874512 46.850758 1.000000 1.000000 1.000000
vn 0.993486 0.089633 0.070361
v 532.542786 4572.730957 46.875977 1.000000 1.000000 1.000000
vn 0.930061 0.107082 -0.351454
v 532.241577 4578.519043 46.858002 1.000000 1.000000 1.000000
vn 0.704752 0.685982 -0.180979
v 532.504395 4579.193848 47.008911 1.000000 1.000000 1.000000
vn 0.992959 0.099454 -0.064354
v 532.256592 4583.982422 47.007870 1.000000 1.000000 1.000000
vn 0.743316 -0.635003 0.210364
v 532.484314 4584.377441 46.982319 1.000000 1.000000 1.000000
vn 0.965679 0.243633 -0.090040
v 532.183777 4584.751953 46.800087 1.000000 1.000000 1.000000
vn 0.972714 -0.227513 0.045437
v 532.529053 4585.729980 46.995789 1.000000 1.000000 1.000000
vn 0.788519 -0.550110 0.274985
v 532.516479 4586.525879 46.832863 1.000000 1.000000 1.000000
vn 0.749341 -0.645465 -0.147865
v 532.497925 4587.217773 46.991993 1.000000 1.000000 1.000000
vn 0.809710 -0.213440 0.546637
v 532.173645 4587.808105 46.874916 1.000000 1.000000 1.000000
vn 0.609990 0.668751 -0.425070
v 532.468384 4588.362305 47.023506 1.000000 1.000000 1.000000
vn 0.837480 0.476283 -0.267923
v 531.931580 4588.685059 46.932880 1.000000 1.000000 1.000000
vn 0.969349 0.220444 -0.108473
v 531.903259 4588.696289 46.730022 1.000000 1.000000 1.000000
vn 0.986500 -0.148664 -0.068673
v 531.696594 4569.627441 46.916027 1.000000 1.000000 1.000000
vn 0.900868 -0.404340 -0.157946
v 531.881592 4569.983398 46.794312 1.000000 1.000000 1.000000
vn 0.702799 -0.555106 -0.444895
v 531.957458 4570.198242 46.871254 1.000000 1.000000 1.000000
vn 0.971836 -0.064317 -0.226712
v 532.516235 4570.791504 46.794643 1.000000 1.000000 1.000000
vn 0.959130 0.063358 0.275781
v 532.519958 4570.939453 46.798580 1.000000 1.000000 1.000000
vn 0.719642 0.141134 0.679851
v 532.459106 4571.103516 46.830647 1.000000 1.000000 1.000000
vn 0.887273 0.189571 -0.420488
v 532.197998 4573.693359 46.830490 1.000000 1.000000 1.000000
vn 0.975095 -0.213209 0.061088
v 532.106384 4577.240234 46.868145 1.000000 1.000000 1.000000
vn 0.660609 -0.619477 0.424081
v 532.239441 4577.582520 46.706059 1.000000 1.000000 1.000000
vn 0.734124 -0.525075 0.430532
v 532.504028 4577.878418 46.801434 1.000000 1.000000 1.000000
vn 0.959605 0.270161 -0.078556
v 532.538025 4579.118652 46.942612 1.000000 1.000000 1.000000
vn 0.987115 0.160002 0.001795
v 532.182007 4579.488770 47.044434 1.000000 1.000000 1.000000
vn 0.739055 0.624970 -0.251417
v 532.308533 4580.660645 46.900219 1.000000 1.000000 1.000000
vn 0.846609 -0.502659 -0.174893
v 532.510986 4581.185059 46.756474 1.000000 1.000000 1.000000
vn 0.647113 0.736340 -0.197604
v 532.453857 4582.553711 47.023792 1.000000 1.000000 1.000000
vn 0.691984 -0.655436 0.302593
v 532.342712 4583.383789 46.919464 1.000000 1.000000 1.000000
vn 0.962583 -0.247254 0.110908
v 532.530396 4583.601074 46.993416 1.000000 1.000000 1.000000
vn 0.789397 -0.575470 0.213746
v 532.297607 4584.173828 46.927353 1.000000 1.000000 1.000000
vn 0.970864 0.225663 -0.080614
v 532.531555 4584.462402 46.907936 1.000000 1.000000 1.000000
vn 0.883409 0.465275 -0.055747
v 532.525574 4585.767090 46.909416 1.000000 1.000000 1.000000
vn 0.736860 0.546777 -0.397584
v 532.255310 4586.853027 46.908035 1.000000 1.000000 1.000000
vn 0.929419 -0.138309 -0.342126
v 532.236267 4586.972168 46.917522 1.000000 1.000000 1.000000
vn 0.778958 0.469581 0.415593
v 532.228577 4587.626465 46.868759 1.000000 1.000000 1.000000
vn 0.752073 0.220326 0.621163
v 532.229065 4587.703613 46.818596 1.000000 1.000000 1.000000
vn 0.609296 -0.601688 0.516459
v 532.207947 4587.923340 46.924629 1.000000 1.000000 1.000000
vn 0.615984 0.689588 -0.380831
v 532.110046 4588.484863 46.868607 1.000000 1.000000 1.000000
vn 0.764405 0.022778 0.644334
v 532.499084 4571.354492 46.756470 1.000000 1.000000 1.000000
vn 0.746166 -0.074683 0.661558
v 532.479004 4571.916504 46.767025 1.000000 1.000000 1.000000
vn 0.990957 -0.118266 0.063378
v 532.538269 4572.224609 46.737358 1.000000 1.000000 1.000000
vn 0.978081 -0.124515 0.166894
v 532.539612 4572.406738 46.787601 1.000000 1.000000 1.000000
vn 0.655166 0.244749 -0.714741
v 532.449951 4572.988281 46.788002 1.000000 1.000000 1.000000
vn 0.955254 0.109696 -0.274692
v 532.186707 4573.219238 46.614708 1.000000 1.000000 1.000000
vn 0.982284 0.081859 -0.168573
v 532.178467 4573.909180 46.847939 1.000000 1.000000 1.000000
vn 0.979373 -0.169675 0.109726
v 532.131592 4577.491699 46.931717 1.000000 1.000000 1.000000
vn 0.998475 -0.039226 0.038842
v 532.531372 4577.919922 46.748806 1.000000 1.000000 1.000000
vn 0.792315 0.410559 -0.451307
v 532.240173 4578.243652 46.715439 1.000000 1.000000 1.000000
vn 0.702889 -0.654296 0.279004
v 532.472900 4580.351563 46.958733 1.000000 1.000000 1.000000
vn 0.994710 -0.087421 -0.053949
v 532.255310 4580.843750 46.794628 1.000000 1.000000 1.000000
vn 0.957716 0.273924 0.088008
v 532.189087 4581.513672 46.953880 1.000000 1.000000 1.000000
vn 0.756267 -0.624436 0.195293
v 532.488159 4582.391113 47.050907 1.000000 1.000000 1.000000
vn 0.821255 0.553863 -0.137025
v 532.264893 4582.608887 46.681412 1.000000 1.000000 1.000000
vn 0.863311 0.456172 -0.215872
v 532.523071 4583.640137 46.902126 1.000000 1.000000 1.000000
vn 0.947649 0.248075 -0.201046
v 532.256104 4583.791504 46.658363 1.000000 1.000000 1.000000
vn 0.704451 -0.702288 0.102667
v 532.495361 4585.652344 46.871948 1.000000 1.000000 1.000000
vn 0.782123 -0.546370 0.299604
v 532.225403 4586.265137 46.757099 1.000000 1.000000 1.000000
vn 0.999513 -0.027355 0.015009
v 532.528198 4586.634766 46.966980 1.000000 1.000000 1.000000
vn 0.904748 -0.379555 -0.193312
v 532.518982 4587.325684 46.770123 1.000000 1.000000 1.000000
vn 0.952174 0.275693 0.131754
v 532.518188 4587.414551 46.771893 1.000000 1.000000 1.000000
vn 0.737591 0.540951 0.404143
v 532.475159 4587.504883 46.724892 1.000000 1.000000 1.000000
vn 0.951753 -0.226737 -0.206774
v 531.909424 4570.207520 46.745937 1.000000 1.000000 1.000000
vn 0.588277 -0.349261 -0.729347
v 532.454346 4570.715332 46.756714 1.000000 1.000000 1.000000
vn 0.851886 -0.131655 -0.506909
v 532.516052 4571.004883 46.717670 1.000000 1.000000 1.000000
vn 0.999798 -0.001772 0.020031
v 532.519897 4571.231445 46.708302 1.000000 1.000000 1.000000
vn 0.958632 -0.001988 0.284640
v 532.530457 4571.659668 46.693375 1.000000 1.000000 1.000000
vn 0.993974 -0.043545 0.100596
v 532.524414 4571.963867 46.708633 1.000000 1.000000 1.000000
vn 0.936317 0.219901 -0.273778
v 532.532410 4572.548828 46.745750 1.000000 1.000000 1.000000
vn 0.709547 0.257599 -0.655885
v 532.229919 4573.408691 46.767025 1.000000 1.000000 1.000000
vn 0.917068 -0.361211 0.168859
v 532.141479 4577.454590 46.685673 1.000000 1.000000 1.000000
vn 0.895550 0.315051 -0.314218
v 532.516418 4578.072266 46.847359 1.000000 1.000000 1.000000
vn 0.663542 0.540281 -0.517502
v 532.473816 4578.111816 46.824333 1.000000 1.000000 1.000000
vn 0.801755 -0.548744 0.236792
v 532.515137 4578.922363 46.732601 1.000000 1.000000 1.000000
vn 0.938974 0.340807 -0.046677
v 532.192566 4579.398926 46.847065 1.000000 1.000000 1.000000
vn 0.736497 -0.613037 0.285934
v 532.294312 4580.157715 46.875221 1.000000 1.000000 1.000000
vn 0.938256 -0.316768 0.139047
v 532.525635 4580.357910 46.816151 1.000000 1.000000 1.000000
vn 0.976275 0.195303 -0.093514
v 532.527466 4580.440918 46.878872 1.000000 1.000000 1.000000
vn 0.721990 0.629381 -0.287420
v 532.486633 4580.478516 46.822701 1.000000 1.000000 1.000000
vn 0.966620 0.243894 0.078494
v 532.529114 4581.269531 46.778347 1.000000 1.000000 1.000000
vn 0.694700 0.693210 0.191968
v 532.479309 4581.388184 46.600269 1.000000 1.000000 1.000000
vn 0.698700 0.685298 0.205390
v 532.247070 4581.505859 46.719944 1.000000 1.000000 1.000000
vn 0.897373 -0.415676 0.148106
v 532.259277 4582.125000 46.893578 1.000000 1.000000 1.000000
vn 0.851213 -0.480981 0.209987
v 532.285156 4583.249023 46.765675 1.000000 1.000000 1.000000
vn 0.714950 -0.627126 0.309127
v 532.483521 4583.434570 46.782806 1.000000 1.000000 1.000000
vn 0.682844 0.696065 -0.221848
v 532.233765 4584.692383 46.883286 1.000000 1.000000 1.000000
vn 0.999970 0.004505 0.006301
v 532.207642 4586.250000 46.856117 1.000000 1.000000 1.000000
vn 0.743260 -0.473619 0.472494
v 532.496460 4587.973633 46.734550 1.000000 1.000000 1.000000
vn 0.978727 0.152385 -0.137377
v 532.529541 4588.038086 46.676559 1.000000 1.000000 1.000000
vn 0.825422 0.468782 -0.314519
v 531.963501 4588.518555 46.591621 1.000000 1.000000 1.000000
vn 0.895968 0.403814 -0.184867
v 531.714294 4589.349609 46.826252 1.000000 1.000000 1.000000
vn 0.991205 0.120533 -0.054621
v 531.696838 4589.405273 46.776947 1.000000 1.000000 1.000000
vn 0.999998 0.000010 -0.001852
v 531.694946 4591.198242 46.692932 1.000000 1.000000 1.000000
vn 0.994492 -0.103027 -0.019266
v 531.694946 4569.744629 46.657352 1.000000 1.000000 1.000000
vn 0.894055 -0.432178 -0.117848
v 531.709106 4569.815918 46.683537 1.000000 1.000000 1.000000
vn 0.929830 -0.002269 -0.367982
v 532.525208 4571.775391 46.635246 1.000000 1.000000 1.000000
vn 0.706121 0.244260 -0.664628
v 532.257385 4573.015625 46.654037 1.000000 1.000000 1.000000
vn 0.985910 0.162131 -0.041176
v 532.106079 4575.377441 46.749649 1.000000 1.000000 1.000000
vn 0.985075 -0.132459 0.109914
v 532.184753 4579.818848 46.801445 1.000000 1.000000 1.000000
vn 0.918293 -0.344285 0.195465
v 532.212891 4579.992188 46.851910 1.000000 1.000000 1.000000
vn 0.986855 -0.155855 0.042726
v 532.185364 4581.869141 46.774006 1.000000 1.000000 1.000000
vn 0.990776 -0.113807 0.073553
v 532.532288 4582.397461 46.868298 1.000000 1.000000 1.000000
vn 0.823790 0.552777 -0.125731
v 532.519836 4582.440918 46.810165 1.000000 1.000000 1.000000
vn 0.979779 -0.177474 0.092393
v 532.240112 4583.005371 46.714142 1.000000 1.000000 1.000000
vn 0.911398 -0.250139 0.326778
v 532.511108 4587.863281 46.621124 1.000000 1.000000 1.000000
vn 0.509537 -0.251793 -0.822783
v 532.402466 4570.958496 46.636192 1.000000 1.000000 1.000000
vn 0.870617 -0.161201 -0.464801
v 532.520508 4572.195801 46.655968 1.000000 1.000000 1.000000
vn 0.710609 0.337841 -0.617170
v 532.449585 4572.627441 46.667088 1.000000 1.000000 1.000000
vn 0.994484 0.069382 -0.078667
v 532.113159 4574.494629 46.758942 1.000000 1.000000 1.000000
vn 0.987509 0.143104 -0.065931
v 532.035095 4575.594727 46.689743 1.000000 1.000000 1.000000
vn 0.965690 -0.256623 0.039839
v 532.233948 4578.628906 46.765770 1.000000 1.000000 1.000000
vn 0.748418 0.636858 -0.185155
v 532.499390 4579.090332 46.654949 1.000000 1.000000 1.000000
vn 0.770455 0.556838 -0.310370
v 532.265076 4580.557617 46.610474 1.000000 1.000000 1.000000
vn 0.962305 0.263602 0.066950
v 532.182312 4581.634277 46.585388 1.000000 1.000000 1.000000
vn 0.885395 0.287217 -0.365489
v 532.151917 4586.854980 46.722309 1.000000 1.000000 1.000000
vn 0.946946 -0.088450 -0.308983
v 532.125061 4586.993164 46.671917 1.000000 1.000000 1.000000
vn 0.840494 -0.361758 -0.403362
v 532.165955 4587.093262 46.705261 1.000000 1.000000 1.000000
vn 0.996431 0.074725 0.039251
v 532.527771 4587.487305 46.626011 1.000000 1.000000 1.000000
vn 0.794300 0.127148 0.594071
v 532.471191 4587.707520 46.607712 1.000000 1.000000 1.000000
vn 0.538824 0.646034 -0.540656
v 532.441895 4588.139160 46.665611 1.000000 1.000000 1.000000
vn 0.589159 0.616924 -0.521820
v 532.128845 4588.375977 46.741264 1.000000 1.000000 1.000000
vn 0.717238 -0.411947 -0.562023
v 531.948853 4570.449219 46.625385 1.000000 1.000000 1.000000
vn 0.482920 -0.415657 -0.770725
v 532.045654 4570.635742 46.591442 1.000000 1.000000 1.000000
vn 0.653142 -0.111579 -0.748969
v 532.460999 4571.227051 46.618404 1.000000 1.000000 1.000000
vn 0.772951 0.023139 -0.634044
v 532.498352 4572.104492 46.636326 1.000000 1.000000 1.000000
vn 0.783557 0.512314 -0.351529
v 532.502441 4572.521973 46.638924 1.000000 1.000000 1.000000
vn 0.862156 0.301583 -0.407106
v 532.203735 4572.828613 46.516983 1.000000 1.000000 1.000000
vn 0.999296 -0.015167 -0.034327
v 532.031555 4576.666504 46.578850 1.000000 1.000000 1.000000
vn 0.988375 -0.147333 0.037510
v 532.035156 4577.011719 46.714256 1.000000 1.000000 1.000000
vn 0.993306 0.000675 -0.115511
v 532.246094 4580.812012 46.427101 1.000000 1.000000 1.000000
vn 0.826489 -0.513539 -0.230638
v 532.270691 4581.018555 46.662113 1.000000 1.000000 1.000000
vn 0.998348 -0.013377 0.055883
v 532.235535 4582.777832 46.575153 1.000000 1.000000 1.000000
vn 0.678846 0.651487 -0.338722
v 532.311829 4583.742676 46.734066 1.000000 1.000000 1.000000
vn 0.987869 -0.143096 -0.060321
v 532.183044 4585.148926 46.676636 1.000000 1.000000 1.000000
vn 0.923417 -0.374642 -0.083338
v 532.256287 4585.432617 46.619450 1.000000 1.000000 1.000000
vn 0.653481 -0.749205 -0.107960
v 532.466064 4585.609863 46.570621 1.000000 1.000000 1.000000
vn 0.957550 -0.287887 -0.014814
v 532.530518 4585.680176 46.605133 1.000000 1.000000 1.000000
vn 0.699004 0.715110 0.003304
v 532.491028 4585.783203 46.658447 1.000000 1.000000 1.000000
vn 0.757788 0.583477 -0.292082
v 532.507935 4586.573730 46.701656 1.000000 1.000000 1.000000
vn 0.679666 -0.457158 -0.573638
v 532.143188 4587.269531 46.455505 1.000000 1.000000 1.000000
vn 0.632447 -0.013263 -0.774490
v 532.473145 4571.799805 46.566082 1.000000 1.000000 1.000000
vn 0.884292 -0.405073 -0.232259
v 532.517212 4572.283691 46.571270 1.000000 1.000000 1.000000
vn 0.986911 0.067198 -0.146602
v 532.168152 4573.754883 46.593849 1.000000 1.000000 1.000000
vn 0.999742 0.002080 0.022637
v 532.031799 4576.120605 46.537254 1.000000 1.000000 1.000000
vn 0.989724 0.087545 -0.113061
v 532.201111 4578.288086 46.622929 1.000000 1.000000 1.000000
vn 0.771339 -0.573848 0.275199
v 532.275085 4578.632813 46.557892 1.000000 1.000000 1.000000
vn 0.998109 0.061463 -0.001126
v 532.543274 4579.003906 46.666653 1.000000 1.000000 1.000000
vn 0.714041 0.683640 -0.150938
v 532.252747 4579.292969 46.742870 1.000000 1.000000 1.000000
vn 0.980268 0.187976 0.061147
v 532.189697 4579.417480 46.582977 1.000000 1.000000 1.000000
vn 0.994916 -0.084953 0.054076
v 532.176453 4579.582031 46.601017 1.000000 1.000000 1.000000
vn 0.999801 0.018961 0.006202
v 532.536438 4581.324707 46.484741 1.000000 1.000000 1.000000
vn 0.913399 -0.401598 0.066487
v 532.257507 4582.005371 46.467030 1.000000 1.000000 1.000000
vn 0.914124 -0.354221 0.197246
v 532.260986 4583.103516 46.516579 1.000000 1.000000 1.000000
vn 0.817215 0.552795 -0.163024
v 532.204468 4584.646484 46.613518 1.000000 1.000000 1.000000
vn 0.678577 -0.733980 -0.028399
v 532.294983 4585.485352 46.596863 1.000000 1.000000 1.000000
vn 0.957025 0.289959 -0.005196
v 532.527405 4585.732910 46.579834 1.000000 1.000000 1.000000
vn 0.829804 0.554170 0.065732
v 532.242554 4585.967285 46.565460 1.000000 1.000000 1.000000
vn 0.970281 -0.024158 0.240773
v 532.216248 4586.065430 46.539284 1.000000 1.000000 1.000000
vn 0.603447 -0.645911 0.467600
v 532.280945 4586.213867 46.577660 1.000000 1.000000 1.000000
vn 0.681266 -0.530924 -0.503980
v 532.480286 4587.388672 46.599850 1.000000 1.000000 1.000000
vn 0.849292 -0.152492 -0.505419
v 532.504944 4587.562988 46.515785 1.000000 1.000000 1.000000
vn 0.956693 0.012140 -0.290844
v 532.496948 4587.722168 46.523888 1.000000 1.000000 1.000000
vn 0.900389 0.078084 -0.428021
v 532.505310 4587.870605 46.525486 1.000000 1.000000 1.000000
vn 0.827419 0.494950 -0.265333
v 531.873291 4588.954102 46.581345 1.000000 1.000000 1.000000
vn 0.734902 -0.318944 -0.598493
v 531.955078 4570.743164 46.470535 1.000000 1.000000 1.000000
vn 0.571919 -0.246551 -0.782382
v 532.102539 4571.007324 46.471489 1.000000 1.000000 1.000000
vn 0.695441 -0.379947 -0.609920
v 532.328064 4572.129395 46.492134 1.000000 1.000000 1.000000
vn 0.702156 0.575902 -0.418704
v 532.305115 4572.625488 46.505341 1.000000 1.000000 1.000000
vn 0.996587 -0.025009 -0.078671
v 532.020142 4576.432617 46.502903 1.000000 1.000000 1.000000
vn 0.960726 -0.259081 0.099411
v 532.097229 4577.119141 46.434628 1.000000 1.000000 1.000000
vn 0.865255 -0.445962 0.229022
v 532.299744 4579.942383 46.419224 1.000000 1.000000 1.000000
vn 0.786158 -0.563722 0.253322
v 532.508423 4580.190918 46.523403 1.000000 1.000000 1.000000
vn 0.985709 -0.065104 -0.155367
v 532.233337 4580.962402 46.580048 1.000000 1.000000 1.000000
vn 0.717440 -0.673312 0.178689
v 532.312134 4582.107422 46.589085 1.000000 1.000000 1.000000
vn 0.827709 -0.538939 0.156344
v 532.506287 4582.253906 46.541229 1.000000 1.000000 1.000000
vn 0.711837 0.615792 -0.337770
v 532.491028 4583.478027 46.504444 1.000000 1.000000 1.000000
vn 0.760968 -0.599785 0.247359
v 532.488464 4584.233887 46.616375 1.000000 1.000000 1.000000
vn 0.997775 0.057990 -0.032897
v 532.528137 4586.468750 46.607315 1.000000 1.000000 1.000000
vn 0.667621 0.650462 -0.362190
v 532.185303 4586.731445 46.588108 1.000000 1.000000 1.000000
vn 0.934789 -0.171325 -0.311156
v 532.111328 4587.190430 46.459801 1.000000 1.000000 1.000000
vn 0.607622 -0.223078 -0.762255
v 532.446838 4587.546875 46.461243 1.000000 1.000000 1.000000
vn 0.637365 0.442132 -0.631098
v 532.490051 4587.994629 46.563648 1.000000 1.000000 1.000000
vn 0.756650 0.420466 -0.500689
v 532.004395 4588.260742 46.475006 1.000000 1.000000 1.000000
vn 0.917250 -0.389976 -0.081065
v 531.713379 4569.842773 46.468342 1.000000 1.000000 1.000000
vn 0.861073 -0.225905 -0.455543
v 531.946777 4570.863281 46.389221 1.000000 1.000000 1.000000
vn 0.576800 -0.111444 -0.809248
v 532.139221 4571.437500 46.423717 1.000000 1.000000 1.000000
vn 0.645531 -0.084092 -0.759090
v 532.159973 4571.845215 46.378956 1.000000 1.000000 1.000000
vn 0.992812 0.056429 -0.105547
v 532.544189 4572.381836 46.565617 1.000000 1.000000 1.000000
vn 0.995581 0.045396 -0.082203
v 532.113403 4574.085938 46.515507 1.000000 1.000000 1.000000
vn 0.992251 0.112346 -0.053066
v 532.106689 4575.354492 46.417286 1.000000 1.000000 1.000000
vn 0.956952 0.140372 0.254046
v 532.033875 4576.301270 46.423725 1.000000 1.000000 1.000000
vn 0.798014 0.500776 -0.335257
v 532.274841 4578.092285 46.540936 1.000000 1.000000 1.000000
vn 0.987838 -0.155198 0.009452
v 532.189880 4581.780273 46.473778 1.000000 1.000000 1.000000
vn 0.897339 -0.396464 0.193904
v 532.519897 4583.376953 46.567959 1.000000 1.000000 1.000000
vn 0.982008 0.162322 -0.096494
v 532.532532 4583.457031 46.599567 1.000000 1.000000 1.000000
vn 0.772371 0.529067 -0.351470
v 532.239197 4583.610352 46.398869 1.000000 1.000000 1.000000
vn 0.811693 0.545660 0.208352
v 532.513245 4585.788086 46.436226 1.000000 1.000000 1.000000
vn 0.749660 -0.337838 0.569101
v 532.249023 4586.097656 46.490170 1.000000 1.000000 1.000000
vn 0.824220 -0.466435 0.321093
v 532.504883 4586.329590 46.491241 1.000000 1.000000 1.000000
vn 0.570392 0.166010 -0.804421
v 532.410095 4587.845215 46.435680 1.000000 1.000000 1.000000
vn 0.494456 0.524390 -0.693201
v 532.114563 4588.059082 46.383366 1.000000 1.000000 1.000000
vn 0.842808 0.503576 -0.189962
v 531.870483 4588.900879 46.376465 1.000000 1.000000 1.000000
vn 0.880594 0.439306 -0.177665
v 531.719482 4589.098145 46.485638 1.000000 1.000000 1.000000
vn 0.991042 -0.127019 -0.041262
v 531.696167 4569.778809 46.388382 1.000000 1.000000 1.000000
vn 0.876894 -0.453280 -0.159982
v 531.885742 4570.042969 46.471947 1.000000 1.000000 1.000000
vn 0.959194 -0.159098 -0.233742
v 531.906250 4570.618164 46.430241 1.000000 1.000000 1.000000
vn 0.747134 -0.121422 -0.653489
v 532.073486 4571.599609 46.350105 1.000000 1.000000 1.000000
vn 0.680285 -0.639723 -0.357724
v 532.232971 4572.115723 46.390991 1.000000 1.000000 1.000000
vn 0.990147 0.123913 -0.065224
v 532.038208 4575.515625 46.237461 1.000000 1.000000 1.000000
vn 0.946668 -0.135765 0.292211
v 532.046814 4576.138672 46.386944 1.000000 1.000000 1.000000
vn 0.860304 0.408433 -0.305056
v 532.517639 4577.805664 46.509094 1.000000 1.000000 1.000000
vn 0.747169 -0.636249 -0.192160
v 532.243164 4581.091797 46.407566 1.000000 1.000000 1.000000
vn 0.980603 0.188413 -0.054023
v 532.530273 4582.325195 46.478680 1.000000 1.000000 1.000000
vn 0.673044 0.713570 -0.194499
v 532.497803 4582.377441 46.487778 1.000000 1.000000 1.000000
vn 0.957699 -0.284655 0.042247
v 532.246826 4583.936035 46.478397 1.000000 1.000000 1.000000
vn 0.970099 -0.227643 0.084178
v 532.539063 4584.175293 46.278751 1.000000 1.000000 1.000000
vn 0.772278 0.307412 0.555953
v 532.259521 4586.002441 46.460899 1.000000 1.000000 1.000000
vn 0.996125 0.072664 -0.049546
v 532.532898 4586.356934 46.408550 1.000000 1.000000 1.000000
vn 0.698389 0.614688 -0.366621
v 532.488708 4586.468262 46.459240 1.000000 1.000000 1.000000
vn 0.960080 0.187518 -0.207565
v 532.093933 4586.847656 46.502094 1.000000 1.000000 1.000000
vn 0.902776 0.266442 -0.337646
v 531.919556 4588.254395 46.316132 1.000000 1.000000 1.000000
vn 0.963434 0.187941 -0.190977
v 531.908691 4588.547363 46.474316 1.000000 1.000000 1.000000
vn 0.983127 0.162825 -0.083359
v 531.897522 4588.880859 46.562706 1.000000 1.000000 1.000000
vn 0.990986 0.121151 -0.057181
v 531.696472 4589.120117 46.259193 1.000000 1.000000 1.000000
vn 0.787049 -0.611255 -0.083195
v 532.519470 4572.311523 46.417057 1.000000 1.000000 1.000000
vn 0.762604 0.618784 -0.188525
v 532.506592 4572.426758 46.414227 1.000000 1.000000 1.000000
vn 0.986478 0.074860 -0.145801
v 532.171509 4573.271484 46.421509 1.000000 1.000000 1.000000
vn 0.843167 -0.462193 0.274677
v 532.131958 4577.325195 46.401695 1.000000 1.000000 1.000000
vn 0.890284 -0.380756 0.249838
v 532.522583 4577.621582 46.421017 1.000000 1.000000 1.000000
vn 0.662223 0.587906 -0.464572
v 532.447754 4577.836914 46.432190 1.000000 1.000000 1.000000
vn 0.997907 -0.033240 -0.055475
v 532.188354 4578.275391 46.369514 1.000000 1.000000 1.000000
vn 0.989096 0.133403 -0.062391
v 532.528748 4580.210449 46.391365 1.000000 1.000000 1.000000
vn 0.721835 0.680453 0.126249
v 532.223755 4581.601074 46.385990 1.000000 1.000000 1.000000
vn 0.980579 -0.188536 0.054027
v 532.531860 4582.229492 46.275688 1.000000 1.000000 1.000000
vn 0.992817 0.091846 -0.076680
v 532.226929 4582.581543 46.375736 1.000000 1.000000 1.000000
vn 0.706410 -0.667411 0.235685
v 532.302795 4584.039063 46.547821 1.000000 1.000000 1.000000
vn 0.944361 0.321271 -0.070480
v 532.531616 4584.336914 46.450733 1.000000 1.000000 1.000000
vn 0.774516 0.607883 -0.174937
v 532.499695 4584.416992 46.534412 1.000000 1.000000 1.000000
vn 0.980633 -0.068459 -0.183499
v 532.177368 4585.252930 46.442081 1.000000 1.000000 1.000000
vn 0.757867 -0.586201 -0.286368
v 532.227051 4585.478516 46.435444 1.000000 1.000000 1.000000
vn 0.677643 0.435893 0.592281
v 532.427734 4585.926270 46.348637 1.000000 1.000000 1.000000
vn 0.807341 -0.381589 0.450101
v 532.504150 4586.151855 46.293930 1.000000 1.000000 1.000000
vn 0.597536 -0.106554 -0.794731
v 532.112915 4587.538086 46.277859 1.000000 1.000000 1.000000
vn 0.827490 -0.306565 -0.470401
v 532.140320 4572.018066 46.333012 1.000000 1.000000 1.000000
vn 0.773190 0.612839 -0.163111
v 532.270264 4572.575195 46.292145 1.000000 1.000000 1.000000
vn 0.980125 0.088645 -0.177476
v 532.117310 4573.514160 46.296604 1.000000 1.000000 1.000000
vn 0.922736 -0.318030 0.217749
v 532.048828 4576.058594 46.286125 1.000000 1.000000 1.000000
vn 0.769193 -0.238634 0.592787
v 532.107483 4576.190430 46.306355 1.000000 1.000000 1.000000
vn 0.743345 0.305408 0.595117
v 532.074280 4576.304199 46.335182 1.000000 1.000000 1.000000
vn 0.915287 0.278157 0.291339
v 531.997131 4576.449707 46.331654 1.000000 1.000000 1.000000
vn 0.918399 -0.375572 0.124455
v 532.241333 4578.458008 46.390049 1.000000 1.000000 1.000000
vn 0.711477 -0.636130 0.298562
v 532.493103 4578.732910 46.373642 1.000000 1.000000 1.000000
vn 0.802793 0.576469 -0.152339
v 532.527344 4578.979980 46.372429 1.000000 1.000000 1.000000
vn 0.988130 0.015653 0.152819
v 532.188477 4579.579590 46.380398 1.000000 1.000000 1.000000
vn 0.704410 0.650955 -0.282955
v 532.483398 4580.293945 46.409695 1.000000 1.000000 1.000000
vn 0.975046 -0.171611 -0.140840
v 532.195313 4581.020508 46.338665 1.000000 1.000000 1.000000
vn 0.896615 0.376172 -0.233616
v 532.511719 4583.343750 46.325928 1.000000 1.000000 1.000000
vn 0.941193 0.322377 -0.101137
v 532.187866 4584.613770 46.392830 1.000000 1.000000 1.000000
vn 0.939999 -0.302176 -0.158404
v 532.522583 4585.721191 46.376461 1.000000 1.000000 1.000000
vn 0.940043 0.241726 0.240599
v 532.510864 4585.892090 46.265198 1.000000 1.000000 1.000000
vn 0.832939 -0.017030 0.553103
v 532.486511 4586.028809 46.267677 1.000000 1.000000 1.000000
vn 0.873605 0.007534 -0.486578
v 532.043274 4587.504883 46.206543 1.000000 1.000000 1.000000
vn 0.720957 0.402460 -0.564133
v 531.997803 4588.060547 46.289932 1.000000 1.000000 1.000000
vn 0.837129 -0.169290 -0.520151
v 532.036133 4571.252441 46.345448 1.000000 1.000000 1.000000
vn 0.923981 -0.120566 -0.362937
v 532.044128 4571.696289 46.275356 1.000000 1.000000 1.000000
vn 0.886942 -0.389852 0.247687
v 532.145325 4577.158691 46.192745 1.000000 1.000000 1.000000
vn 0.610089 -0.671130 0.421161
v 532.470276 4577.598145 46.481274 1.000000 1.000000 1.000000
vn 0.858631 -0.447297 0.250356
v 532.520386 4577.489746 46.182285 1.000000 1.000000 1.000000
vn 0.745622 0.647157 -0.158858
v 532.299500 4579.158203 46.346951 1.000000 1.000000 1.000000
vn 0.933674 0.357288 0.024478
v 532.261780 4579.236328 46.431065 1.000000 1.000000 1.000000
vn 0.896650 0.389007 -0.211405
v 532.205200 4580.526367 46.382637 1.000000 1.000000 1.000000
vn 0.984484 0.068773 -0.161436
v 532.190430 4580.605957 46.419006 1.000000 1.000000 1.000000
vn 0.996491 -0.012183 -0.082810
v 532.184570 4580.749023 46.140675 1.000000 1.000000 1.000000
vn 0.715936 -0.682240 -0.148270
v 532.505127 4581.283203 46.369953 1.000000 1.000000 1.000000
vn 0.970385 -0.204109 0.129199
v 532.260986 4582.961914 46.349792 1.000000 1.000000 1.000000
vn 0.737858 -0.595457 0.317800
v 532.490295 4583.209473 46.328968 1.000000 1.000000 1.000000
vn 0.992197 -0.032656 -0.120330
v 532.185303 4583.695313 46.298191 1.000000 1.000000 1.000000
vn 0.814900 -0.423454 -0.395759
v 532.163757 4585.513184 46.266895 1.000000 1.000000 1.000000
vn 0.994573 0.035174 -0.097914
v 532.524902 4586.161621 46.213432 1.000000 1.000000 1.000000
vn 0.583050 0.667577 -0.463027
v 532.200928 4586.544434 46.279469 1.000000 1.000000 1.000000
vn 0.935726 -0.102243 -0.337584
v 532.047485 4587.312500 46.301071 1.000000 1.000000 1.000000
vn 0.661405 0.195326 -0.724149
v 532.044983 4587.859863 46.240768 1.000000 1.000000 1.000000
vn 0.986306 -0.164923 -0.000067
v 531.694946 4568.713867 46.158585 0.000000 0.000000 0.000000
vn 0.909563 -0.340045 -0.238881
v 531.712097 4569.898438 46.308540 1.000000 1.000000 1.000000
vn 0.994152 -0.059799 -0.089927
v 531.903625 4570.842285 46.230633 1.000000 1.000000 1.000000
vn 0.890084 -0.290838 -0.350948
v 531.958923 4571.098633 46.295719 1.000000 1.000000 1.000000
vn 0.967848 0.215657 -0.129470
v 532.169556 4572.800293 46.186630 1.000000 1.000000 1.000000
vn 0.984175 0.109994 -0.138928
v 532.103271 4575.010742 46.132954 1.000000 1.000000 1.000000
vn 0.714331 0.299858 0.632311
v 532.357788 4576.291504 46.106236 1.000000 1.000000 1.000000
vn 0.995339 0.009603 0.095962
v 532.022644 4576.570801 46.242928 1.000000 1.000000 1.000000
vn 0.998829 0.031082 -0.037080
v 532.531982 4577.597168 46.287777 1.000000 1.000000 1.000000
vn 0.715463 -0.639812 0.280632
v 532.308411 4578.517578 46.271217 1.000000 1.000000 1.000000
vn 0.810786 0.564559 -0.154597
v 532.517273 4578.956543 46.224030 1.000000 1.000000 1.000000
vn 0.727720 0.633251 -0.263471
v 532.241821 4580.394043 46.218491 1.000000 1.000000 1.000000
vn 0.957149 -0.289520 -0.006633
v 532.514282 4581.356934 46.064384 1.000000 1.000000 1.000000
vn 0.822866 0.566135 0.048818
v 532.515808 4581.423828 46.300842 1.000000 1.000000 1.000000
vn 0.962179 0.270880 0.028892
v 532.186707 4581.680664 46.327988 1.000000 1.000000 1.000000
vn 0.697999 -0.697583 0.161791
v 532.487305 4582.172363 46.308495 1.000000 1.000000 1.000000
vn 0.812779 0.557033 -0.170600
v 532.238403 4582.525879 46.327904 1.000000 1.000000 1.000000
vn 0.998884 -0.047075 0.003749
v 532.527649 4583.281250 46.325859 1.000000 1.000000 1.000000
vn 0.828698 -0.554373 0.077009
v 532.248718 4583.886719 46.229118 1.000000 1.000000 1.000000
vn 0.659108 0.720182 -0.216598
v 532.259460 4584.510254 46.329960 1.000000 1.000000 1.000000
vn 0.985870 0.108544 -0.127586
v 532.176270 4584.600098 46.143360 1.000000 1.000000 1.000000
vn 0.983236 -0.015382 -0.181690
v 532.108215 4585.353516 46.204258 1.000000 1.000000 1.000000
vn 0.612305 -0.606165 -0.507589
v 532.479736 4585.744141 46.257229 1.000000 1.000000 1.000000
vn 0.962905 -0.135658 -0.233259
v 532.513550 4585.873047 46.199455 1.000000 1.000000 1.000000
vn 0.774744 0.092353 -0.625493
v 531.996216 4587.654297 46.186852 1.000000 1.000000 1.000000
vn 0.933733 0.299230 -0.196477
v 531.889832 4588.730469 46.151165 1.000000 1.000000 1.000000
vn 0.923978 -0.311148 -0.222377
v 531.889771 4570.280762 46.245766 1.000000 1.000000 1.000000
vn 0.711096 -0.701949 -0.040125
v 532.153809 4572.072266 46.251999 1.000000 1.000000 1.000000
vn 0.598583 0.611590 0.517355
v 532.153320 4576.421875 46.177750 1.000000 1.000000 1.000000
vn 0.906709 0.310021 -0.285946
v 532.187988 4577.821289 46.065990 1.000000 1.000000 1.000000
vn 0.931899 -0.329233 0.152217
v 532.530884 4578.786621 46.359501 1.000000 1.000000 1.000000
vn 0.909771 -0.377091 0.173549
v 532.515259 4580.087891 46.265141 1.000000 1.000000 1.000000
vn 0.950450 0.288638 -0.115472
v 532.523865 4580.161133 46.226154 1.000000 1.000000 1.000000
vn 0.828816 -0.557852 0.043198
v 532.234375 4581.958008 46.211601 1.000000 1.000000 1.000000
vn 0.765504 -0.551947 0.330692
v 532.290283 4583.005859 46.288265 1.000000 1.000000 1.000000
vn 0.744417 -0.649093 0.156594
v 532.493591 4584.066895 46.218925 1.000000 1.000000 1.000000
vn 0.717700 0.015156 -0.696187
v 532.493530 4586.055176 46.123764 1.000000 1.000000 1.000000
vn 0.669243 0.515806 -0.534844
v 532.482361 4586.328125 46.250404 1.000000 1.000000 1.000000
vn 0.832484 0.429961 -0.349433
v 532.125488 4586.586426 46.205200 1.000000 1.000000 1.000000
vn 0.993822 0.074383 -0.082376
v 531.902222 4588.302734 46.237320 1.000000 1.000000 1.000000
vn 0.954759 -0.280216 -0.099577
v 532.042786 4571.885742 46.103359 1.000000 1.000000 1.000000
vn 0.723795 -0.684546 0.086703
v 532.498962 4572.261719 46.178265 1.000000 1.000000 1.000000
vn 0.992481 0.115506 -0.040484
v 532.523987 4572.344727 46.193672 1.000000 1.000000 1.000000
vn 0.996398 0.060402 -0.059514
v 532.112488 4572.933105 45.996670 1.000000 1.000000 1.000000
vn 0.768625 0.580728 0.268274
v 532.071167 4576.505859 46.142540 1.000000 1.000000 1.000000
vn 0.978101 -0.186046 0.093305
v 532.041199 4576.877930 46.207245 1.000000 1.000000 1.000000
vn 0.994785 0.099654 -0.021714
v 532.549622 4578.878906 46.298256 1.000000 1.000000 1.000000
vn 0.707178 0.683482 -0.180973
v 532.309692 4579.072754 46.065331 1.000000 1.000000 1.000000
vn 0.992230 0.010003 0.124012
v 532.241760 4579.583984 46.157112 1.000000 1.000000 1.000000
vn 0.941649 -0.305346 0.141637
v 532.263855 4579.782227 46.202698 1.000000 1.000000 1.000000
vn 0.990924 -0.129927 -0.034476
v 532.183655 4581.780762 46.184509 1.000000 1.000000 1.000000
vn 0.783397 0.533443 -0.318946
v 532.496704 4583.260254 46.141212 1.000000 1.000000 1.000000
vn 0.719936 -0.688383 -0.088438
v 532.229553 4583.848633 46.032188 1.000000 1.000000 1.000000
vn 0.960327 0.262138 -0.095165
v 532.539795 4584.256348 46.200256 1.000000 1.000000 1.000000
vn 0.655693 -0.397496 -0.641922
v 532.180298 4585.785156 45.986443 1.000000 1.000000 1.000000
vn 0.990622 0.030093 -0.133274
v 532.042786 4586.999512 46.169422 1.000000 1.000000 1.000000
vn 0.913229 0.222019 -0.341645
v 531.926086 4588.065918 46.171211 1.000000 1.000000 1.000000
vn 0.838013 0.491793 -0.236379
v 531.732422 4589.021973 46.265614 1.000000 1.000000 1.000000
vn 0.999999 0.001367 0.000964
v 531.694946 4590.583008 46.061432 1.000000 1.000000 1.000000
vn 0.994171 0.046943 -0.097060
v 532.113586 4573.349121 46.143547 1.000000 1.000000 1.000000
vn 0.984594 -0.167907 0.048801
v 532.034668 4575.896973 46.031422 1.000000 1.000000 1.000000
vn 0.875662 0.402604 -0.266696
v 532.513916 4577.542969 46.127735 1.000000 1.000000 1.000000
vn 0.644628 0.657626 -0.389851
v 532.466614 4577.576660 46.096008 1.000000 1.000000 1.000000
vn 0.976769 -0.198615 0.080462
v 532.544861 4578.622559 45.882160 1.000000 1.000000 1.000000
vn 0.969597 0.239845 -0.048536
v 532.263550 4579.168457 46.124516 1.000000 1.000000 1.000000
vn 0.963433 0.255146 -0.081842
v 532.189941 4580.458984 46.112206 1.000000 1.000000 1.000000
vn 0.976925 -0.211880 0.026909
v 532.181702 4580.975586 46.067558 1.000000 1.000000 1.000000
vn 0.780225 -0.623315 -0.052222
v 532.222839 4581.098145 46.254242 1.000000 1.000000 1.000000
vn 0.887742 0.413554 -0.202208
v 532.184753 4584.506348 46.040962 1.000000 1.000000 1.000000
vn 0.986846 0.077276 -0.141995
v 532.174561 4585.029297 46.175400 1.000000 1.000000 1.000000
vn 0.598559 -0.303390 -0.741405
v 532.438843 4585.883789 46.112164 1.000000 1.000000 1.000000
vn 0.712457 0.287184 -0.640258
v 532.488953 4586.161621 46.144161 1.000000 1.000000 1.000000
vn 0.659084 0.508676 -0.553946
v 532.164795 4586.434570 46.106277 1.000000 1.000000 1.000000
vn 0.915218 0.085086 -0.393874
v 531.929626 4587.897949 46.108135 1.000000 1.000000 1.000000
vn 0.928428 -0.291505 -0.230319
v 531.707214 4570.108887 46.087181 1.000000 1.000000 1.000000
vn 0.865462 -0.448123 -0.223966
v 531.879517 4570.477539 45.786884 1.000000 1.000000 1.000000
vn 0.968744 -0.152376 -0.195747
v 531.907654 4571.098633 46.138466 1.000000 1.000000 1.000000
vn 0.988757 0.094691 -0.115730
v 532.034607 4575.255859 46.039181 1.000000 1.000000 1.000000
vn 0.765833 -0.609906 0.203749
v 532.072815 4575.973633 45.976311 1.000000 1.000000 1.000000
vn 0.679970 0.600045 -0.421411
v 532.247192 4577.715332 46.057537 1.000000 1.000000 1.000000
vn 0.754664 -0.592299 0.282249
v 532.307556 4579.789063 46.044899 1.000000 1.000000 1.000000
vn 0.824725 0.511897 -0.240396
v 532.251221 4580.280762 45.941422 1.000000 1.000000 1.000000
vn 0.660323 -0.750694 -0.020770
v 532.443176 4581.276367 46.032230 1.000000 1.000000 1.000000
vn 0.930495 0.365538 0.023682
v 532.512207 4581.398926 46.046036 1.000000 1.000000 1.000000
vn 0.671241 0.741214 -0.006084
v 532.470764 4581.461914 46.032860 1.000000 1.000000 1.000000
vn 0.712315 0.701630 0.017979
v 532.238037 4581.618164 46.149590 1.000000 1.000000 1.000000
vn 0.703997 -0.709288 0.036041
v 532.499084 4582.106445 45.913998 1.000000 1.000000 1.000000
vn 0.989812 0.141253 0.017907
v 532.212219 4582.529785 46.129333 1.000000 1.000000 1.000000
vn 0.990166 -0.119975 0.071958
v 532.528564 4583.125000 46.061329 1.000000 1.000000 1.000000
vn 0.957698 0.214861 -0.191440
v 532.185547 4583.506348 46.065121 1.000000 1.000000 1.000000
vn 0.708950 0.650941 -0.271414
v 532.492432 4584.294434 46.093067 1.000000 1.000000 1.000000
vn 0.985857 0.033414 -0.164225
v 532.103394 4585.477539 45.924816 1.000000 1.000000 1.000000
vn 0.606036 0.283067 -0.743367
v 532.150696 4586.218262 45.949593 1.000000 1.000000 1.000000
vn 0.963386 0.157519 -0.216967
v 532.022278 4587.385742 46.045952 1.000000 1.000000 1.000000
vn 0.992667 0.059161 -0.105414
v 531.901123 4588.068848 46.019054 1.000000 1.000000 1.000000
vn 0.995006 0.083371 -0.054891
v 531.694885 4589.021484 46.025688 1.000000 1.000000 1.000000
vn 0.997034 -0.063985 -0.042761
v 531.694702 4569.924316 46.107731 1.000000 1.000000 1.000000
vn 0.937062 -0.345145 0.052826
v 532.524536 4572.274902 45.999260 1.000000 1.000000 1.000000
vn 0.573806 -0.726897 0.377316
v 532.194214 4576.111328 46.125446 1.000000 1.000000 1.000000
vn 0.720823 -0.431428 0.542480
v 532.404236 4576.216797 46.047585 1.000000 1.000000 1.000000
vn 0.610007 -0.686710 0.395374
v 532.240662 4577.201172 46.061054 1.000000 1.000000 1.000000
vn 0.668147 -0.658768 0.345838
v 532.484680 4577.352051 46.031944 1.000000 1.000000 1.000000
vn 0.916097 -0.384776 0.112754
v 532.206970 4578.308105 46.061211 1.000000 1.000000 1.000000
vn 0.716408 -0.658503 0.230507
v 532.277344 4578.380371 45.957520 1.000000 1.000000 1.000000
vn 0.764643 -0.598444 0.239137
v 532.505676 4578.578613 46.006950 1.000000 1.000000 1.000000
vn 0.952517 0.292268 -0.085385
v 532.543396 4578.797852 45.876789 1.000000 1.000000 1.000000
vn 0.986123 -0.144956 0.080927
v 532.529846 4580.045410 46.081966 1.000000 1.000000 1.000000
vn 0.992373 0.112242 -0.050973
v 532.183594 4580.468750 45.912933 1.000000 1.000000 1.000000
vn 0.757308 -0.650876 0.053347
v 532.255249 4581.133789 45.963768 1.000000 1.000000 1.000000
vn 0.952668 0.295184 -0.072725
v 532.181580 4581.687500 45.864880 1.000000 1.000000 1.000000
vn 0.814711 -0.579701 -0.013896
v 532.204407 4581.917969 45.975086 1.000000 1.000000 1.000000
vn 0.994446 0.105129 -0.004939
v 532.538574 4582.207031 46.058475 1.000000 1.000000 1.000000
vn 0.790348 0.602739 -0.109797
v 532.494446 4582.279785 46.086086 1.000000 1.000000 1.000000
vn 0.715840 0.692558 -0.089087
v 532.262451 4582.435059 46.079105 1.000000 1.000000 1.000000
vn 0.938603 -0.295369 0.178272
v 532.262878 4582.835938 46.063049 1.000000 1.000000 1.000000
vn 0.957079 -0.262341 -0.123196
v 532.185059 4583.763184 46.065613 1.000000 1.000000 1.000000
vn 0.963411 -0.016957 -0.267490
v 532.536682 4584.128418 45.947571 1.000000 1.000000 1.000000
vn 0.649688 0.672039 -0.355345
v 532.234741 4584.422852 46.003807 1.000000 1.000000 1.000000
vn 0.923600 -0.202808 -0.325318
v 532.132080 4585.629395 46.038609 1.000000 1.000000 1.000000
vn 0.608537 -0.031210 -0.792912
v 532.161560 4585.982422 45.928478 1.000000 1.000000 1.000000
vn 0.911331 0.191309 -0.364523
v 531.934387 4587.684082 46.081657 1.000000 1.000000 1.000000
vn 0.967689 0.145416 -0.205990
v 531.907593 4587.580078 45.915974 1.000000 1.000000 1.000000
vn 0.888555 0.379074 -0.258403
v 531.712524 4588.888184 46.000153 1.000000 1.000000 1.000000
vn 0.588983 -0.804738 0.074127
v 532.455505 4572.178711 45.784122 1.000000 1.000000 1.000000
vn 0.702440 0.701173 -0.122208
v 532.487366 4572.372559 46.080425 1.000000 1.000000 1.000000
vn 0.592380 0.779365 0.204149
v 532.379517 4576.345215 45.992901 1.000000 1.000000 1.000000
vn 0.693626 0.720324 0.004038
v 532.100464 4576.497559 45.932163 1.000000 1.000000 1.000000
vn 0.964305 0.245182 0.100008
v 532.046387 4576.570313 46.104618 1.000000 1.000000 1.000000
vn 0.966833 -0.219767 0.130143
v 532.065857 4576.808105 45.979492 1.000000 1.000000 1.000000
vn 0.973884 -0.200445 0.106641
v 532.524658 4577.382813 45.975655 1.000000 1.000000 1.000000
vn 0.935645 0.320802 -0.147153
v 532.527832 4577.407227 45.937073 1.000000 1.000000 1.000000
vn 0.930215 0.353881 -0.097303
v 532.259766 4579.056152 45.764648 1.000000 1.000000 1.000000
vn 0.940669 0.312693 -0.131774
v 532.527832 4579.981445 45.834068 1.000000 1.000000 1.000000
vn 0.670551 0.678414 -0.300192
v 532.458557 4580.152832 46.026764 1.000000 1.000000 1.000000
vn 0.695477 -0.602425 0.391658
v 532.468506 4582.980957 45.976944 1.000000 1.000000 1.000000
vn 0.706456 0.602160 -0.371917
v 532.223816 4583.400391 46.028873 1.000000 1.000000 1.000000
vn 0.708392 -0.681168 -0.184908
v 532.489258 4584.033691 45.946758 1.000000 1.000000 1.000000
vn 0.990853 0.062290 -0.119706
v 532.114014 4585.113281 45.979183 1.000000 1.000000 1.000000
vn 0.850219 0.249436 -0.463584
v 532.079956 4586.416992 45.960590 1.000000 1.000000 1.000000
vn 0.860795 0.504134 -0.069858
v 532.266174 4572.513672 45.834324 1.000000 1.000000 1.000000
vn 0.983458 0.149400 -0.102421
v 532.103455 4574.792969 45.929813 1.000000 1.000000 1.000000
vn 0.875030 0.413989 0.250871
v 532.476257 4576.271973 45.920105 1.000000 1.000000 1.000000
vn 0.711767 -0.662291 0.234005
v 532.201477 4577.080566 45.875484 1.000000 1.000000 1.000000
vn 0.831589 -0.451645 0.323228
v 532.275269 4582.692871 45.830994 1.000000 1.000000 1.000000
vn 0.871339 -0.427464 -0.240920
v 532.165100 4583.808594 45.898396 1.000000 1.000000 1.000000
vn 0.865015 -0.072116 -0.496537
v 532.096802 4585.835449 45.871586 1.000000 1.000000 1.000000
vn 0.777350 0.122990 -0.616928
v 532.077759 4586.194336 45.874359 1.000000 1.000000 1.000000
vn 0.983608 0.096761 -0.152158
v 532.033142 4586.682129 45.916855 1.000000 1.000000 1.000000
vn 0.990865 0.110018 -0.077987
v 531.898254 4588.423828 45.799904 1.000000 1.000000 1.000000
vn 0.905508 -0.386822 -0.174428
v 531.710449 4570.240234 45.879879 1.000000 1.000000 1.000000
vn 0.917830 -0.317432 -0.238382
v 531.921997 4571.373047 45.891685 1.000000 1.000000 1.000000
vn 0.960487 -0.231722 -0.154175
v 532.021667 4571.533691 45.975903 1.000000 1.000000 1.000000
vn 0.952619 -0.303897 -0.012824
v 532.038513 4571.930664 45.643795 1.000000 1.000000 1.000000
vn 0.804929 -0.592779 -0.026494
v 532.067505 4571.962402 45.898270 1.000000 1.000000 1.000000
vn 0.982061 0.171617 -0.078125
v 532.036316 4574.953613 45.783928 1.000000 1.000000 1.000000
vn 0.848616 -0.389837 0.357600
v 532.493958 4576.195313 45.870781 1.000000 1.000000 1.000000
vn 0.989935 -0.135052 0.042311
v 532.066650 4576.677734 45.685139 1.000000 1.000000 1.000000
vn 0.936678 -0.348605 0.033310
v 532.113403 4576.903809 45.828415 1.000000 1.000000 1.000000
vn 0.990264 -0.128105 0.054456
v 532.184875 4578.169922 45.897835 1.000000 1.000000 1.000000
vn 0.763408 -0.596007 0.248965
v 532.504517 4578.500000 45.790024 1.000000 1.000000 1.000000
vn 0.802592 -0.534867 0.264127
v 532.504883 4579.916504 45.923077 1.000000 1.000000 1.000000
vn 0.649883 0.750174 -0.122032
v 532.221558 4581.609863 45.800182 1.000000 1.000000 1.000000
vn 0.988919 -0.094725 0.114310
v 532.250793 4582.526855 45.885773 1.000000 1.000000 1.000000
vn 0.803352 0.516457 -0.296476
v 532.503235 4583.113281 45.903988 1.000000 1.000000 1.000000
vn 0.884437 0.369589 -0.284914
v 532.181335 4583.338379 45.817940 1.000000 1.000000 1.000000
vn 0.986371 -0.004059 -0.164489
v 532.123535 4583.715820 45.776543 1.000000 1.000000 1.000000
vn 0.677116 -0.432265 -0.595534
v 532.466980 4584.064941 45.856632 1.000000 1.000000 1.000000
vn 0.613477 0.554146 -0.562644
v 532.445496 4584.195313 45.863239 1.000000 1.000000 1.000000
vn 0.850536 0.409349 -0.330186
v 532.161194 4584.429688 45.859814 1.000000 1.000000 1.000000
vn 0.958980 0.158751 -0.234852
v 532.022156 4587.107422 45.818249 1.000000 1.000000 1.000000
vn 0.986452 -0.144272 -0.078084
v 531.697144 4570.280762 45.592834 1.000000 1.000000 1.000000
vn 0.553932 -0.831151 0.048444
v 532.149719 4572.041016 45.888966 1.000000 1.000000 1.000000
vn 0.640191 0.746881 -0.179792
v 532.158325 4576.432617 45.734276 1.000000 1.000000 1.000000
vn 0.943755 0.290541 -0.157838
v 532.187134 4577.666504 45.827873 1.000000 1.000000 1.000000
vn 0.996910 -0.070972 0.033658
v 532.259705 4579.441895 45.751114 1.000000 1.000000 1.000000
vn 0.971880 -0.195001 0.132002
v 532.263184 4579.639648 45.920300 1.000000 1.000000 1.000000
vn 0.996925 0.068010 0.038931
v 532.534241 4581.381836 45.843834 1.000000 1.000000 1.000000
vn 0.964380 -0.249932 -0.086630
v 532.181641 4581.868652 45.833000 1.000000 1.000000 1.000000
vn 0.797987 0.602449 -0.016467
v 532.509583 4582.231445 45.792999 1.000000 1.000000 1.000000
vn 0.969617 -0.190735 0.153177
v 532.523560 4583.000000 45.895027 1.000000 1.000000 1.000000
vn 0.648062 -0.659291 -0.381251
v 532.224243 4583.916504 45.809162 1.000000 1.000000 1.000000
vn 0.721645 0.085505 -0.686962
v 532.469421 4584.118164 45.840546 1.000000 1.000000 1.000000
vn 0.981138 0.105214 -0.162170
v 532.111572 4584.703125 45.906048 1.000000 1.000000 1.000000
vn 0.955176 -0.276775 -0.105049
v 531.908386 4571.488770 45.603985 1.000000 1.000000 1.000000
vn 0.950806 0.304416 -0.057438
v 532.524048 4572.293945 45.862659 1.000000 1.000000 1.000000
vn 0.967269 0.250615 -0.039793
v 532.120422 4572.770996 45.725697 1.000000 1.000000 1.000000
vn 0.698599 0.688996 -0.192984
v 532.486694 4578.872070 45.831802 1.000000 1.000000 1.000000
vn 0.995749 -0.083029 0.039883
v 532.531311 4579.840332 45.639370 1.000000 1.000000 1.000000
vn 0.694689 0.636474 -0.335124
v 532.250000 4580.175781 45.764065 1.000000 1.000000 1.000000
vn 0.724918 0.687462 -0.043473
v 532.492371 4581.451172 45.798428 1.000000 1.000000 1.000000
vn 0.698988 -0.707224 -0.106062
v 532.234680 4581.946777 45.795956 1.000000 1.000000 1.000000
vn 0.693412 0.704096 0.153069
v 532.317444 4582.375488 45.727680 1.000000 1.000000 1.000000
vn 0.944641 0.287495 0.158112
v 532.269043 4582.451172 45.694744 1.000000 1.000000 1.000000
vn 0.627018 0.095824 -0.773089
v 532.223083 4584.125488 45.666359 1.000000 1.000000 1.000000
vn 0.707172 0.469284 -0.528848
v 532.191772 4584.283203 45.737274 1.000000 1.000000 1.000000
vn 0.969422 0.005915 -0.245329
v 532.041687 4585.595215 45.753929 1.000000 1.000000 1.000000
vn 0.972742 0.063326 -0.223076
v 532.034912 4586.194824 45.775078 1.000000 1.000000 1.000000
vn 0.821934 0.470790 -0.320596
v 531.864380 4588.575684 45.874008 1.000000 1.000000 1.000000
vn 0.924043 0.315630 -0.215690
v 531.711609 4588.681152 45.723763 1.000000 1.000000 1.000000
vn 0.986395 0.164392 -0.000024
v 531.694946 4591.313477 45.672821 0.000000 0.000000 0.000000
vn 0.975339 -0.219794 0.020093
v 532.525208 4572.250977 45.785793 1.000000 1.000000 1.000000
vn 0.907117 0.420878 0.000599
v 532.219177 4572.588379 45.581062 1.000000 1.000000 1.000000
vn 0.990215 -0.127475 0.056775
v 532.034973 4575.726563 45.544369 1.000000 1.000000 1.000000
vn 0.974802 -0.161858 0.153505
v 532.520935 4576.194336 45.776714 1.000000 1.000000 1.000000
vn 0.910186 0.402214 -0.098924
v 532.076294 4576.551758 45.748123 1.000000 1.000000 1.000000
vn 0.664160 0.674713 -0.321954
v 532.247803 4577.550293 45.753246 1.000000 1.000000 1.000000
vn 0.732140 0.656254 -0.182486
v 532.313171 4578.949219 45.624863 1.000000 1.000000 1.000000
vn 0.990829 -0.134863 -0.008325
v 532.184937 4580.871094 45.601212 1.000000 1.000000 1.000000
vn 0.772331 -0.621984 0.129000
v 532.283813 4581.114258 45.593510 1.000000 1.000000 1.000000
vn 0.775170 -0.625473 0.088853
v 532.502075 4581.300293 45.735939 1.000000 1.000000 1.000000
vn 0.981745 -0.188422 -0.025980
v 532.530029 4582.148926 45.727360 1.000000 1.000000 1.000000
vn 0.877324 0.457682 0.144327
v 532.524719 4582.233887 45.642986 1.000000 1.000000 1.000000
vn 0.596860 0.679786 -0.426203
v 532.245300 4583.160156 45.662193 1.000000 1.000000 1.000000
vn 0.919722 -0.255549 -0.298005
v 532.119934 4583.857422 45.698387 1.000000 1.000000 1.000000
vn 0.724485 -0.340154 -0.599514
v 532.156738 4583.999512 45.646095 1.000000 1.000000 1.000000
vn 0.954181 0.177914 -0.240595
v 532.128235 4584.272461 45.610550 1.000000 1.000000 1.000000
vn 0.990133 0.076606 -0.117340
v 531.904297 4587.243164 45.607201 1.000000 1.000000 1.000000
vn 0.586424 -0.764829 0.266729
v 532.129517 4575.885742 45.544895 1.000000 1.000000 1.000000
vn 0.996444 -0.077848 0.032236
v 532.528748 4576.141602 45.545025 1.000000 1.000000 1.000000
vn 0.885091 -0.448724 0.123535
v 532.126892 4576.939941 45.665657 1.000000 1.000000 1.000000
vn 0.823476 -0.522825 0.220319
v 532.514587 4577.239258 45.727135 1.000000 1.000000 1.000000
vn 0.710196 0.647985 -0.275202
v 532.497742 4577.385742 45.765915 1.000000 1.000000 1.000000
vn 0.806822 -0.523341 0.274141
v 532.238586 4578.222656 45.660931 1.000000 1.000000 1.000000
vn 0.802698 -0.528702 0.275952
v 532.508179 4579.675781 45.435101 1.000000 1.000000 1.000000
vn 0.771941 0.575782 -0.269412
v 532.513428 4579.979004 45.745037 1.000000 1.000000 1.000000
vn 0.938012 0.309049 -0.156912
v 532.135071 4581.653809 45.571545 1.000000 1.000000 1.000000
vn 0.665655 -0.710447 -0.228402
v 532.498047 4582.136719 45.557938 1.000000 1.000000 1.000000
vn 0.891036 -0.225230 0.394114
v 532.267639 4582.545410 45.654240 1.000000 1.000000 1.000000
vn 0.977092 0.187870 -0.099981
v 532.532288 4582.963867 45.735359 1.000000 1.000000 1.000000
vn 0.991833 0.011795 -0.126999
v 532.037781 4585.869629 45.682053 1.000000 1.000000 1.000000
vn 0.880988 0.364615 -0.301523
v 531.876282 4588.386719 45.608471 1.000000 1.000000 1.000000
vn 0.861334 0.397854 -0.315937
v 531.712158 4588.525879 45.472927 1.000000 1.000000 1.000000
vn 0.859286 -0.450312 -0.242581
v 531.716248 4570.330078 45.646328 1.000000 1.000000 1.000000
vn 0.991947 -0.109544 -0.063574
v 531.898987 4570.536621 45.848991 1.000000 1.000000 1.000000
vn 0.679070 0.728310 -0.091809
v 532.319336 4572.442871 45.770630 1.000000 1.000000 1.000000
vn 0.994433 0.034792 -0.099463
v 532.104126 4574.288574 45.564095 1.000000 1.000000 1.000000
vn 0.989828 0.126190 -0.065694
v 532.107544 4574.711914 45.644657 1.000000 1.000000 1.000000
vn 0.872163 -0.459801 0.167080
v 532.055176 4575.863770 45.709728 1.000000 1.000000 1.000000
vn 0.700817 -0.676375 0.226654
v 532.498413 4576.045410 45.421341 1.000000 1.000000 1.000000
vn 0.525295 0.838430 -0.145257
v 532.427002 4576.303223 45.761360 1.000000 1.000000 1.000000
vn 0.602734 0.751349 -0.268675
v 532.115906 4576.427246 45.635071 1.000000 1.000000 1.000000
vn 0.983513 0.167831 -0.067346
v 532.528931 4577.306641 45.716473 1.000000 1.000000 1.000000
vn 0.835537 -0.488126 0.252212
v 532.296387 4579.556152 45.643326 1.000000 1.000000 1.000000
vn 0.888176 0.449228 -0.096629
v 532.528259 4581.384277 45.657021 1.000000 1.000000 1.000000
vn 0.772230 0.371483 0.515423
v 532.294556 4582.462402 45.608643 1.000000 1.000000 1.000000
vn 0.845539 -0.423111 0.325640
v 532.511597 4582.771973 45.603886 1.000000 1.000000 1.000000
vn 0.639051 0.628922 -0.442798
v 532.474365 4582.959961 45.593483 1.000000 1.000000 1.000000
vn 0.979719 0.116634 -0.162931
v 532.125061 4583.332520 45.576988 1.000000 1.000000 1.000000
vn 0.890755 0.007826 -0.454416
v 532.131042 4584.136230 45.571335 1.000000 1.000000 1.000000
vn 0.984113 0.074556 -0.161131
v 532.099792 4584.923828 45.675838 1.000000 1.000000 1.000000
vn 0.984241 0.091368 -0.151402
v 532.038330 4584.919922 45.462910 1.000000 1.000000 1.000000
vn 0.988650 0.052399 -0.140806
v 532.036804 4585.334961 45.621365 1.000000 1.000000 1.000000
vn 0.923259 0.212585 -0.320001
v 531.916321 4586.997559 45.521328 1.000000 1.000000 1.000000
vn 0.638776 -0.769222 0.016174
v 532.091980 4572.005859 45.586758 1.000000 1.000000 1.000000
vn 0.787458 -0.614461 0.048450
v 532.503906 4572.210938 45.687981 1.000000 1.000000 1.000000
vn 0.977037 0.057119 -0.205270
v 532.099915 4574.607910 45.513351 1.000000 1.000000 1.000000
vn 0.817425 0.566256 -0.105693
v 532.511780 4576.216797 45.664669 1.000000 1.000000 1.000000
vn 0.969470 -0.223451 0.100979
v 532.540894 4578.468750 45.566895 1.000000 1.000000 1.000000
vn 0.961588 0.264652 -0.072851
v 532.261230 4579.006348 45.552605 1.000000 1.000000 1.000000
vn 0.959952 0.232974 -0.155612
v 532.186157 4580.232422 45.652874 1.000000 1.000000 1.000000
vn 0.982215 0.094426 -0.162287
v 532.098022 4584.591797 45.451523 1.000000 1.000000 1.000000
vn 0.960208 0.100730 -0.260487
v 532.022644 4586.062500 45.421726 1.000000 1.000000 1.000000
vn 0.969603 0.187278 -0.157468
v 531.896301 4588.181152 45.481670 1.000000 1.000000 1.000000
vn 0.949863 -0.297667 -0.095680
v 532.022400 4571.680664 45.639610 1.000000 1.000000 1.000000
vn 0.776593 0.627434 -0.056829
v 532.497986 4572.305664 45.653099 1.000000 1.000000 1.000000
vn 0.585078 -0.761551 0.278790
v 532.470520 4576.100098 45.694855 1.000000 1.000000 1.000000
vn 0.964085 -0.263218 0.035440
v 532.124512 4576.698730 45.154221 1.000000 1.000000 1.000000
vn 0.663907 -0.716756 0.213280
v 532.198792 4576.958496 45.497742 1.000000 1.000000 1.000000
vn 0.947557 0.309074 -0.081290
v 532.542236 4578.710938 45.522083 1.000000 1.000000 1.000000
vn 0.989125 -0.031928 -0.143567
v 532.169495 4580.607422 45.358917 1.000000 1.000000 1.000000
vn 0.964309 -0.185886 -0.188561
v 532.523804 4582.234375 45.479546 1.000000 1.000000 1.000000
vn 0.936517 0.292328 0.193599
v 532.517273 4582.295410 45.491405 1.000000 1.000000 1.000000
vn 0.788016 0.191101 0.585245
v 532.477539 4582.418457 45.449490 1.000000 1.000000 1.000000
vn 0.861588 -0.173118 0.477175
v 532.505188 4582.583984 45.427509 1.000000 1.000000 1.000000
vn 0.956227 0.196735 -0.216624
v 532.529724 4582.814941 45.504353 1.000000 1.000000 1.000000
vn 0.655665 0.560905 -0.505459
v 532.189087 4583.017090 45.389057 1.000000 1.000000 1.000000
vn 0.961850 0.116257 -0.247647
v 532.020508 4586.755859 45.587940 1.000000 1.000000 1.000000
vn 0.916471 -0.376019 0.136714
v 532.134155 4576.860352 45.456543 1.000000 1.000000 1.000000
vn 0.938232 0.321949 -0.126764
v 532.183777 4577.552246 45.547832 1.000000 1.000000 1.000000
vn 0.784353 -0.535351 0.313352
v 532.278076 4578.141113 45.471821 1.000000 1.000000 1.000000
vn 0.783367 -0.553625 0.282554
v 532.510437 4578.365723 45.481621 1.000000 1.000000 1.000000
vn 0.759928 0.580000 -0.293442
v 532.219666 4580.080566 45.497391 1.000000 1.000000 1.000000
vn 0.917637 -0.389949 0.076698
v 532.195801 4580.947754 45.382057 1.000000 1.000000 1.000000
vn 0.809276 -0.562188 0.170345
v 532.515869 4581.252930 45.444572 1.000000 1.000000 1.000000
vn 0.994158 0.015209 0.106856
v 532.517029 4582.404297 45.375629 1.000000 1.000000 1.000000
vn 0.993349 0.035611 -0.109498
v 532.523315 4582.640137 45.386860 1.000000 1.000000 1.000000
vn 0.984534 0.054234 -0.166588
v 532.095642 4583.723633 45.465527 1.000000 1.000000 1.000000
vn 0.955165 -0.107227 -0.275975
v 532.094482 4583.943848 45.564732 1.000000 1.000000 1.000000
vn 0.988472 0.121831 -0.089893
v 532.035034 4574.881348 45.480377 1.000000 1.000000 1.000000
vn 0.903513 0.401358 -0.150256
v 532.052612 4576.448242 45.496788 1.000000 1.000000 1.000000
vn 0.999511 -0.031166 0.002460
v 532.534119 4577.190918 45.456379 1.000000 1.000000 1.000000
vn 0.984767 -0.144093 0.097317
v 532.185608 4577.970703 45.574039 1.000000 1.000000 1.000000
vn 0.976629 -0.193287 0.094002
v 532.260925 4579.385254 45.434715 1.000000 1.000000 1.000000
vn 0.673671 -0.635895 -0.376569
v 532.155396 4581.966797 45.452839 1.000000 1.000000 1.000000
vn 0.981235 -0.025791 -0.191084
v 532.105530 4584.182617 45.367779 1.000000 1.000000 1.000000
vn 0.980760 0.049749 -0.188774
v 531.906372 4586.403809 45.269150 1.000000 1.000000 1.000000
vn 0.984197 0.089763 -0.152639
v 531.906433 4586.847656 45.354816 1.000000 1.000000 1.000000
vn 0.997327 0.061195 -0.039930
v 531.695068 4588.615234 45.431499 1.000000 1.000000 1.000000
vn 0.872765 -0.419205 -0.250098
v 531.879272 4570.773438 45.334129 1.000000 1.000000 1.000000
vn 0.986581 -0.144171 -0.076630
v 531.898193 4570.923828 45.173454 1.000000 1.000000 1.000000
vn 0.916654 -0.399156 -0.020515
v 532.041504 4571.919922 45.289455 1.000000 1.000000 1.000000
vn 0.983007 0.122607 -0.136618
v 532.105164 4574.099609 45.355064 1.000000 1.000000 1.000000
vn 0.923903 0.353739 -0.145850
v 532.524109 4577.179199 45.319668 1.000000 1.000000 1.000000
vn 0.790198 -0.541027 0.287883
v 532.306885 4579.381836 45.267780 1.000000 1.000000 1.000000
vn 0.999459 -0.032819 -0.002370
v 532.530579 4581.308105 45.474911 1.000000 1.000000 1.000000
vn 0.819378 0.442798 -0.364072
v 532.120911 4581.562988 45.182842 1.000000 1.000000 1.000000
vn 0.614264 -0.590276 -0.523693
v 532.457458 4582.221680 45.375721 1.000000 1.000000 1.000000
vn 0.591270 0.534053 -0.604307
v 532.450684 4582.801758 45.384258 1.000000 1.000000 1.000000
vn 0.816195 0.439294 -0.375296
v 531.851501 4588.254883 45.433872 1.000000 1.000000 1.000000
vn 0.909635 -0.391634 -0.138518
v 531.929260 4571.595703 45.307781 1.000000 1.000000 1.000000
vn 0.584932 -0.810746 -0.023379
v 532.103943 4571.997070 45.256245 1.000000 1.000000 1.000000
vn 0.944385 0.328628 0.011893
v 532.119385 4572.773438 45.354397 1.000000 1.000000 1.000000
vn 0.938125 0.329067 -0.107870
v 532.520691 4576.080566 45.281601 1.000000 1.000000 1.000000
vn 0.999845 -0.017602 0.000975
v 532.036255 4576.492188 45.313610 1.000000 1.000000 1.000000
vn 0.572672 -0.806839 0.145114
v 532.217712 4576.887695 45.166927 1.000000 1.000000 1.000000
vn 0.649456 -0.731416 0.207936
v 532.487610 4577.117676 45.469391 1.000000 1.000000 1.000000
vn 0.730363 0.647720 -0.216862
v 532.483398 4577.254883 45.386707 1.000000 1.000000 1.000000
vn 0.704834 0.672973 -0.224315
v 532.222473 4577.443359 45.434250 1.000000 1.000000 1.000000
vn 0.965231 -0.235488 0.113465
v 532.193420 4577.875000 45.285713 1.000000 1.000000 1.000000
vn 0.751734 0.635384 -0.176589
v 532.292480 4578.873047 45.302570 1.000000 1.000000 1.000000
vn 0.917387 -0.015055 -0.397711
v 532.139404 4580.424316 45.256901 1.000000 1.000000 1.000000
vn 0.686784 0.696378 -0.208294
v 532.487610 4581.369141 45.404552 1.000000 1.000000 1.000000
vn 0.630110 0.729684 -0.265562
v 532.213257 4581.487793 45.272068 1.000000 1.000000 1.000000
vn 0.954435 -0.195339 -0.225604
v 532.114929 4581.889160 45.432636 1.000000 1.000000 1.000000
vn 0.700578 0.298445 -0.648168
v 532.490356 4582.647949 45.320782 1.000000 1.000000 1.000000
vn 0.925543 0.268960 -0.266515
v 532.128723 4583.143555 45.394646 1.000000 1.000000 1.000000
vn 0.984532 0.010154 -0.174912
v 532.036133 4583.761230 45.264111 1.000000 1.000000 1.000000
vn 0.980964 0.053583 -0.186653
v 532.022766 4585.810059 45.294418 1.000000 1.000000 1.000000
vn 0.996132 0.087850 0.001754
v 532.526794 4572.250000 45.399544 1.000000 1.000000 1.000000
vn 0.979227 0.071718 -0.189662
v 532.036804 4574.359863 45.332745 1.000000 1.000000 1.000000
vn 0.594308 0.769446 -0.233988
v 532.151550 4576.309570 45.303612 1.000000 1.000000 1.000000
vn 0.964623 -0.231249 0.126598
v 532.533447 4579.625977 45.231178 1.000000 1.000000 1.000000
vn 0.945189 0.205751 -0.253543
v 532.172974 4580.090820 45.287827 1.000000 1.000000 1.000000
vn 0.829362 -0.505164 0.238681
v 532.512756 4581.179199 45.264004 1.000000 1.000000 1.000000
vn 0.594407 -0.519003 -0.614261
v 532.169006 4582.148926 45.219906 1.000000 1.000000 1.000000
vn 0.801611 -0.229329 -0.552112
v 532.501160 4582.361816 45.314255 1.000000 1.000000 1.000000
vn 0.832441 0.042907 -0.552449
v 532.498169 4582.510254 45.289219 1.000000 1.000000 1.000000
vn 0.974845 0.102579 -0.197874
v 532.090942 4583.375977 45.353867 1.000000 1.000000 1.000000
vn 0.974274 0.056987 -0.218042
v 532.019958 4585.320313 45.246605 1.000000 1.000000 1.000000
vn 0.857293 -0.450562 -0.249083
v 531.724487 4570.648438 45.215042 1.000000 1.000000 1.000000
vn 0.993755 -0.104180 -0.039958
v 531.902283 4571.515625 45.277096 1.000000 1.000000 1.000000
vn 0.918065 -0.369153 -0.144511
v 532.005432 4571.751465 45.293720 1.000000 1.000000 1.000000
vn 0.774476 0.632534 -0.009339
v 532.499695 4572.293945 45.250774 1.000000 1.000000 1.000000
vn 0.639636 0.768196 -0.027217
v 532.283142 4572.431641 45.256439 1.000000 1.000000 1.000000
vn 0.892059 0.449680 -0.044931
v 532.250183 4572.482910 45.346848 1.000000 1.000000 1.000000
vn 0.990210 0.051872 -0.129586
v 532.105896 4573.798340 45.199623 1.000000 1.000000 1.000000
vn 0.996764 0.020711 -0.077667
v 532.033630 4574.592773 45.227242 1.000000 1.000000 1.000000
vn 0.851838 -0.475931 0.218775
v 532.073059 4575.713867 45.282955 1.000000 1.000000 1.000000
vn 0.939321 -0.326976 0.103748
v 532.517700 4576.035156 45.300228 1.000000 1.000000 1.000000
vn 0.885816 0.447490 -0.122817
v 532.067871 4576.373047 45.225639 1.000000 1.000000 1.000000
vn 0.794705 0.594353 -0.123242
v 532.498352 4577.163086 45.168198 1.000000 1.000000 1.000000
vn 0.814963 -0.507717 0.279390
v 532.512451 4578.193359 45.143562 1.000000 1.000000 1.000000
vn 0.616112 0.708115 -0.344933
v 532.473083 4579.796387 45.317566 1.000000 1.000000 1.000000
vn 0.675125 0.689127 -0.263268
v 532.242615 4579.911133 45.217445 1.000000 1.000000 1.000000
vn 0.955681 -0.213907 -0.202279
v 532.130066 4580.561035 45.171700 1.000000 1.000000 1.000000
vn 0.956469 -0.270944 0.108425
v 532.175598 4580.800293 45.208603 1.000000 1.000000 1.000000
vn 0.715824 -0.607742 0.343869
v 532.239868 4580.993652 45.310970 1.000000 1.000000 1.000000
vn 0.686676 -0.548824 0.476727
v 532.482666 4581.029785 45.088692 1.000000 1.000000 1.000000
vn 0.618510 0.385940 -0.684468
v 532.189453 4582.775391 45.180676 1.000000 1.000000 1.000000
vn 0.992629 -0.001915 -0.121175
v 532.037781 4584.178711 45.144142 1.000000 1.000000 1.000000
vn 0.986653 0.059564 -0.151549
v 532.035522 4584.613281 45.223572 1.000000 1.000000 1.000000
vn 0.925967 0.308194 -0.218177
v 531.708618 4588.335938 45.271648 1.000000 1.000000 1.000000
vn 1.000000 0.000348 0.000100
v 531.694946 4591.198242 45.138474 1.000000 1.000000 1.000000
vn 0.861614 -0.507558 0.002364
v 532.519653 4572.209473 45.254169 1.000000 1.000000 1.000000
vn 0.931800 0.362096 -0.025181
v 532.225647 4572.607422 45.239285 1.000000 1.000000 1.000000
vn 0.992443 0.057380 -0.108460
v 532.105652 4573.205078 45.171993 1.000000 1.000000 1.000000
vn 0.991806 0.074771 -0.103585
v 532.037292 4574.178223 45.138538 1.000000 1.000000 1.000000
vn 0.970717 -0.238444 0.029195
v 532.517639 4577.097168 45.198215 1.000000 1.000000 1.000000
vn 0.946713 -0.272173 0.172208
v 532.197754 4577.687988 44.891697 1.000000 1.000000 1.000000
vn 0.987121 -0.152152 0.049422
v 532.541504 4578.298828 45.180035 1.000000 1.000000 1.000000
vn 0.970653 0.233640 -0.056962
v 532.542603 4578.625000 45.167000 1.000000 1.000000 1.000000
vn 0.976426 -0.191749 0.099120
v 532.261353 4579.241211 45.214756 1.000000 1.000000 1.000000
vn 0.882203 0.469980 0.028936
v 532.192566 4579.964355 45.166664 1.000000 1.000000 1.000000
vn 0.942247 0.275913 -0.189848
v 532.078247 4580.200195 45.111061 1.000000 1.000000 1.000000
vn 0.967419 0.231346 -0.102856
v 532.526245 4581.267578 45.271465 1.000000 1.000000 1.000000
vn 0.941157 0.119565 -0.316115
v 532.093567 4581.715332 45.200615 1.000000 1.000000 1.000000
vn 0.730305 -0.191642 -0.655689
v 532.089783 4582.310547 45.053383 1.000000 1.000000 1.000000
vn 0.561469 0.077997 -0.823814
v 532.193665 4582.525879 45.101887 1.000000 1.000000 1.000000
vn 0.888870 0.241784 -0.389165
v 532.125488 4582.854004 45.155655 1.000000 1.000000 1.000000
vn 0.984919 0.078235 -0.154314
v 532.039368 4583.327637 45.121155 1.000000 1.000000 1.000000
vn 0.970002 0.117775 -0.212663
v 532.023987 4585.102539 45.114906 1.000000 1.000000 1.000000
vn 0.975282 0.084972 -0.203970
v 531.912109 4586.072754 45.179939 1.000000 1.000000 1.000000
vn 0.986727 0.112468 -0.117138
v 531.896912 4587.905273 45.158516 1.000000 1.000000 1.000000
vn 0.745870 -0.619001 0.246000
v 532.483826 4575.916504 45.095028 1.000000 1.000000 1.000000
vn 0.573406 0.777865 -0.257160
v 532.465271 4576.142578 45.271027 1.000000 1.000000 1.000000
vn 0.868581 -0.490493 0.070601
v 532.146301 4576.818848 45.186283 1.000000 1.000000 1.000000
vn 0.688226 0.704456 -0.173456
v 532.479248 4578.727539 45.272701 1.000000 1.000000 1.000000
vn 0.984177 0.172486 -0.040559
v 532.257874 4578.927246 45.229717 1.000000 1.000000 1.000000
vn 0.930389 0.321891 -0.175394
v 532.527039 4579.680176 45.213650 1.000000 1.000000 1.000000
vn 0.842873 0.527344 -0.107114
v 532.309021 4579.811523 45.065456 1.000000 1.000000 1.000000
vn 0.815617 0.136292 0.562311
v 532.288635 4579.908691 45.050167 1.000000 1.000000 1.000000
vn 0.780733 0.437416 0.446233
v 532.112122 4580.138672 45.069309 1.000000 1.000000 1.000000
vn 0.996455 -0.024781 0.080399
v 532.024414 4580.384277 45.051540 1.000000 1.000000 1.000000
vn 0.902513 -0.397278 0.166253
v 532.128784 4580.589844 45.065334 1.000000 1.000000 1.000000
vn 0.619865 0.673770 -0.402246
v 532.489197 4581.248535 45.118629 1.000000 1.000000 1.000000
vn 0.946106 -0.120840 -0.300469
v 532.028076 4581.900391 45.091942 1.000000 1.000000 1.000000
vn 0.938551 0.088920 -0.333489
v 531.922791 4585.738281 45.042984 1.000000 1.000000 1.000000
vn 0.839258 0.409636 -0.357553
v 531.866150 4588.076660 45.191303 1.000000 1.000000 1.000000
vn 0.557434 -0.830221 0.000133
v 532.464844 4572.159180 45.266617 1.000000 1.000000 1.000000
vn 0.952549 0.304314 -0.006640
v 532.121338 4572.773438 45.108234 1.000000 1.000000 1.000000
vn 0.881092 -0.437966 0.178504
v 532.056152 4575.549316 45.024956 1.000000 1.000000 1.000000
vn 0.981584 0.182492 -0.056484
v 532.528015 4576.008789 45.103687 1.000000 1.000000 1.000000
vn 0.999600 0.016180 -0.023192
v 532.037964 4576.440430 45.099060 1.000000 1.000000 1.000000
vn 0.621816 -0.772062 0.131399
v 532.449707 4576.995605 45.074291 1.000000 1.000000 1.000000
vn 0.681130 0.713694 -0.163411
v 532.246887 4577.331543 45.089325 1.000000 1.000000 1.000000
vn 0.952168 0.301937 -0.047024
v 532.187256 4577.408203 45.036160 1.000000 1.000000 1.000000
vn 0.765987 -0.568049 0.300973
v 532.269775 4577.934082 45.111874 1.000000 1.000000 1.000000
vn 0.765785 0.628856 -0.134585
v 532.288025 4578.812500 45.045155 1.000000 1.000000 1.000000
vn 0.659756 0.641879 -0.390785
v 532.470154 4579.677734 45.073280 1.000000 1.000000 1.000000
vn 0.622278 0.652920 -0.431816
v 532.174377 4581.444824 45.116028 1.000000 1.000000 1.000000
vn 0.901738 -0.266333 -0.340492
v 532.069641 4582.105957 45.120316 1.000000 1.000000 1.000000
vn 0.824293 0.086509 -0.559515
v 532.095215 4582.687012 45.040379 1.000000 1.000000 1.000000
vn 0.869898 0.367737 -0.328705
v 531.729248 4588.174316 45.053013 1.000000 1.000000 1.000000
vn 0.911845 -0.375958 -0.164907
v 531.916382 4571.722168 45.022381 1.000000 1.000000 1.000000
vn 0.852600 0.514858 -0.089415
v 532.237671 4572.471191 45.049530 1.000000 1.000000 1.000000
vn 0.608855 -0.731878 0.306023
v 532.159119 4575.721680 45.096523 1.000000 1.000000 1.000000
vn 0.997338 0.017289 -0.070834
v 532.537476 4578.175781 44.962170 1.000000 1.000000 1.000000
vn 0.995301 -0.002605 -0.096793
v 532.545166 4578.526855 45.079285 1.000000 1.000000 1.000000
vn 0.949914 -0.252817 0.183704
v 532.308472 4579.813965 44.982437 1.000000 1.000000 1.000000
vn 0.711364 -0.368947 0.598197
v 532.367126 4579.883789 44.961155 1.000000 1.000000 1.000000
vn 0.682650 -0.480811 0.550282
v 532.212891 4580.720215 45.022488 1.000000 1.000000 1.000000
vn 0.557816 0.638752 -0.529941
v 532.151978 4581.274414 44.863594 1.000000 1.000000 1.000000
vn 0.905381 0.097259 -0.413311
v 531.944458 4581.708496 44.979599 1.000000 1.000000 1.000000
vn 0.961092 0.089069 -0.261474
v 531.913208 4585.356934 45.014454 1.000000 1.000000 1.000000
vn 0.995616 0.017499 -0.091880
v 531.901550 4585.796875 44.945477 1.000000 1.000000 1.000000
vn 0.962631 0.260466 -0.074153
v 532.192383 4572.620605 44.956974 1.000000 1.000000 1.000000
vn 0.690302 -0.636117 0.344730
v 532.466187 4578.062500 45.004295 1.000000 1.000000 1.000000
vn 0.946640 0.039772 -0.319829
v 532.529236 4578.349609 45.064724 1.000000 1.000000 1.000000
vn 0.908035 -0.317730 -0.272983
v 532.514587 4578.426270 45.001289 1.000000 1.000000 1.000000
vn 0.968130 -0.218927 0.121634
v 532.526550 4579.445801 44.972900 1.000000 1.000000 1.000000
vn 0.677418 0.062782 0.732915
v 532.439636 4579.970703 44.921997 1.000000 1.000000 1.000000
vn 0.601622 0.237852 0.762547
v 532.113647 4580.298828 44.948479 1.000000 1.000000 1.000000
vn 0.749518 -0.232723 0.619728
v 532.070129 4580.411621 44.973579 1.000000 1.000000 1.000000
vn 0.963979 -0.161595 0.211261
v 532.524353 4580.815430 44.811401 1.000000 1.000000 1.000000
vn 0.974227 -0.176419 0.140561
v 532.529236 4581.054688 45.003296 1.000000 1.000000 1.000000
vn 0.994532 0.012768 -0.103654
v 532.028748 4583.457031 44.919762 1.000000 1.000000 1.000000
vn 0.984002 0.006887 -0.178026
v 532.027466 4584.158203 44.909687 1.000000 1.000000 1.000000
vn 0.980572 0.055189 -0.188235
v 532.023987 4584.829102 45.001694 1.000000 1.000000 1.000000
vn 0.921367 0.249659 -0.297916
v 531.712341 4588.049316 44.928768 1.000000 1.000000 1.000000
vn 0.969578 -0.217251 -0.112782
v 531.698853 4570.651367 45.070259 1.000000 1.000000 1.000000
vn 0.844732 -0.479997 -0.236709
v 531.874939 4570.931641 44.990398 1.000000 1.000000 1.000000
vn 0.991285 0.027969 -0.128729
v 532.035522 4573.868164 44.951248 1.000000 1.000000 1.000000
vn 0.910430 0.381598 -0.159689
v 532.521362 4575.938477 44.883854 1.000000 1.000000 1.000000
vn 0.858910 0.285490 -0.425168
v 532.488892 4578.304688 44.962273 1.000000 1.000000 1.000000
vn 0.852038 0.520096 -0.059420
v 532.516846 4578.600098 44.865398 1.000000 1.000000 1.000000
vn 0.745943 -0.578186 0.330559
v 532.486694 4579.446289 45.073704 1.000000 1.000000 1.000000
vn 0.793461 0.419957 -0.440518
v 532.309387 4579.734863 44.957199 1.000000 1.000000 1.000000
vn 0.722462 -0.622084 0.301762
v 532.435364 4579.897949 44.873978 1.000000 1.000000 1.000000
vn 0.868976 -0.253884 0.424762
v 532.492065 4579.970215 44.865852 1.000000 1.000000 1.000000
vn 0.644802 -0.419849 0.638715
v 532.461975 4580.819824 44.904324 1.000000 1.000000 1.000000
vn 0.940780 0.305040 -0.147931
v 531.951233 4581.606445 44.908756 1.000000 1.000000 1.000000
vn 0.979388 0.039912 -0.198007
v 532.039673 4582.915039 44.887539 1.000000 1.000000 1.000000
vn 0.999411 0.010105 -0.032805
v 531.900818 4585.097656 44.715870 1.000000 1.000000 1.000000
vn 0.953977 0.181388 -0.238802
v 531.890503 4587.437988 44.748310 1.000000 1.000000 1.000000
vn 0.989776 0.100193 -0.101513
v 531.696960 4588.236328 44.984924 1.000000 1.000000 1.000000
vn 0.837801 -0.492089 -0.236511
v 531.732300 4570.781250 44.951916 1.000000 1.000000 1.000000
vn 0.809435 -0.579099 -0.097263
v 532.036194 4571.953613 44.935242 1.000000 1.000000 1.000000
vn 0.983618 -0.179149 -0.020022
v 532.523376 4572.235840 44.923557 1.000000 1.000000 1.000000
vn 0.678945 0.734078 0.012777
v 532.494446 4572.302734 44.867607 1.000000 1.000000 1.000000
vn 0.526017 0.787264 -0.321746
v 532.193604 4576.177246 44.982677 1.000000 1.000000 1.000000
vn 0.856949 0.479900 -0.187973
v 532.064758 4576.269531 44.949230 1.000000 1.000000 1.000000
vn 0.998542 -0.041946 0.033972
v 532.533997 4577.073730 44.963520 1.000000 1.000000 1.000000
vn 0.800270 -0.449573 -0.396803
v 532.402954 4578.376953 44.818245 1.000000 1.000000 1.000000
vn 0.916991 -0.337901 0.212017
v 532.262817 4579.147949 44.929161 1.000000 1.000000 1.000000
vn 0.921558 0.320465 -0.219163
v 532.528931 4579.457031 44.846512 1.000000 1.000000 1.000000
vn 0.776250 -0.578815 -0.249818
v 532.278442 4579.785156 44.864006 1.000000 1.000000 1.000000
vn 0.696985 0.271472 0.663714
v 532.482239 4580.141113 44.807934 1.000000 1.000000 1.000000
vn 0.561594 0.113991 0.819524
v 532.399231 4580.333496 44.800724 1.000000 1.000000 1.000000
vn 0.536659 -0.195932 0.820736
v 532.378052 4580.516113 44.818344 1.000000 1.000000 1.000000
vn 0.889957 -0.091231 0.446826
v 532.508972 4580.552246 44.721592 1.000000 1.000000 1.000000
vn 0.903502 0.298559 -0.307485
v 532.524170 4581.005371 44.880322 1.000000 1.000000 1.000000
vn 0.541269 0.598085 -0.591035
v 532.445801 4581.061523 44.836243 1.000000 1.000000 1.000000
vn 0.797650 0.491714 -0.349245
v 532.071167 4581.355469 44.851707 1.000000 1.000000 1.000000
vn 0.990477 -0.136225 0.019933
v 531.934753 4581.759766 44.928329 1.000000 1.000000 1.000000
vn 0.984388 -0.168003 -0.052490
v 532.022583 4581.991699 44.927769 1.000000 1.000000 1.000000
vn 0.979150 -0.050318 -0.196809
v 532.036072 4582.270508 44.917858 1.000000 1.000000 1.000000
vn 0.938384 -0.017142 -0.345168
v 532.010071 4583.973145 44.839943 1.000000 1.000000 1.000000
vn 0.892333 0.263694 -0.366344
v 531.873413 4587.658691 44.821583 1.000000 1.000000 1.000000
vn 0.962378 0.268958 -0.038591
v 532.117065 4572.820313 44.753483 1.000000 1.000000 1.000000
vn 0.892941 -0.414850 0.174804
v 532.058167 4575.462891 44.728012 1.000000 1.000000 1.000000
vn 0.673644 -0.676922 0.296616
v 532.487793 4575.814941 44.850716 1.000000 1.000000 1.000000
vn 0.951856 -0.276869 0.131582
v 532.523193 4575.905762 44.945461 1.000000 1.000000 1.000000
vn 0.758015 0.652228 0.003430
v 532.239807 4577.311523 44.881130 1.000000 1.000000 1.000000
vn 0.982764 0.176045 0.056420
v 532.183594 4577.410156 44.888451 1.000000 1.000000 1.000000
vn 0.963250 -0.254847 -0.084864
v 532.532959 4578.532227 44.761887 1.000000 1.000000 1.000000
vn 0.686223 0.726219 0.041289
v 532.301636 4578.759766 44.810207 1.000000 1.000000 1.000000
vn 0.665196 0.583140 -0.466329
v 532.489868 4579.300293 44.527367 1.000000 1.000000 1.000000
vn 0.977408 -0.108208 0.181562
v 532.525818 4580.008301 44.778893 1.000000 1.000000 1.000000
vn 0.931241 0.191211 -0.310206
v 532.521057 4580.850098 44.765362 1.000000 1.000000 1.000000
vn 0.941304 0.039415 -0.335250
v 532.007141 4583.593262 44.847675 1.000000 1.000000 1.000000
vn 0.934435 0.056453 -0.351630
v 532.009338 4584.331055 44.850559 1.000000 1.000000 1.000000
vn 0.811512 -0.507117 -0.290311
v 531.734070 4571.058105 44.404106 1.000000 1.000000 1.000000
vn 0.935846 -0.347410 -0.059143
v 531.910889 4571.778320 44.794277 1.000000 1.000000 1.000000
vn 0.641121 0.767439 -0.001011
v 532.210999 4572.460938 44.794926 1.000000 1.000000 1.000000
vn 0.985318 0.128346 -0.112590
v 532.033264 4573.231934 44.883659 1.000000 1.000000 1.000000
vn 0.984732 -0.161772 0.064292
v 532.035767 4575.495605 45.059280 1.000000 1.000000 1.000000
vn 0.996932 -0.035620 -0.069694
v 532.032959 4576.420410 44.887470 1.000000 1.000000 1.000000
vn 0.787879 -0.615770 -0.008608
v 532.137512 4576.815430 44.939831 1.000000 1.000000 1.000000
vn 0.658326 -0.752159 0.029396
v 532.490234 4577.000000 44.847412 1.000000 1.000000 1.000000
vn 0.985062 -0.011499 0.171814
v 532.190002 4577.507813 44.778549 1.000000 1.000000 1.000000
vn 0.931318 -0.325832 0.162726
v 532.527771 4578.060059 44.845158 1.000000 1.000000 1.000000
vn 0.939902 0.337560 0.051358
v 532.265076 4578.810547 44.742332 1.000000 1.000000 1.000000
vn 0.862886 -0.422423 0.277466
v 532.518066 4579.311035 44.765343 1.000000 1.000000 1.000000
vn 0.893854 -0.006262 -0.448315
v 532.231262 4579.719727 44.836536 1.000000 1.000000 1.000000
vn 0.959309 -0.179915 -0.217614
v 532.531006 4580.102051 44.694885 1.000000 1.000000 1.000000
vn 0.893371 0.121043 0.432709
v 532.520081 4580.190918 44.732632 1.000000 1.000000 1.000000
vn 0.989074 0.133090 0.063400
v 531.987793 4581.552734 44.723022 1.000000 1.000000 1.000000
vn 0.973331 -0.058136 -0.221917
v 532.024902 4582.080566 44.624260 1.000000 1.000000 1.000000
vn 0.968450 0.079187 -0.236292
v 532.021179 4583.025391 44.732033 1.000000 1.000000 1.000000
vn 0.978354 0.045103 -0.201965
v 531.910645 4584.359375 44.649979 1.000000 1.000000 1.000000
vn 0.946494 0.107410 -0.304322
v 531.911072 4584.949707 44.779594 1.000000 1.000000 1.000000
vn 1.000000 -0.000385 -0.000779
v 531.694946 4591.025391 44.749893 1.000000 1.000000 1.000000
vn 0.956807 0.282958 -0.066751
v 532.170959 4572.520020 44.788689 1.000000 1.000000 1.000000
vn 0.859903 0.453081 -0.235127
v 532.061401 4576.151855 44.700241 1.000000 1.000000 1.000000
vn 0.988503 0.113035 -0.100421
v 532.531372 4578.087402 44.779049 1.000000 1.000000 1.000000
vn 0.781915 0.202928 -0.589432
v 532.357666 4578.312012 44.786343 1.000000 1.000000 1.000000
vn 0.949356 0.011553 0.313989
v 532.260193 4578.877930 44.690289 1.000000 1.000000 1.000000
vn 0.913864 0.123761 -0.386698
v 532.179260 4579.696289 44.697632 1.000000 1.000000 1.000000
vn 0.718615 -0.636123 -0.280962
v 532.490967 4579.950195 44.755291 1.000000 1.000000 1.000000
vn 0.942606 0.119130 -0.311933
v 532.526001 4580.709961 44.702183 1.000000 1.000000 1.000000
vn 0.622425 0.422178 -0.659055
v 532.465698 4580.873047 44.700840 1.000000 1.000000 1.000000
vn 0.524121 0.586495 -0.617512
v 532.168091 4581.055664 44.648918 1.000000 1.000000 1.000000
vn 0.999111 0.027946 -0.031575
v 531.695007 4587.969727 44.700153 1.000000 1.000000 1.000000
vn 0.594513 0.798970 0.090562
v 532.470581 4572.328613 44.691307 1.000000 1.000000 1.000000
vn 0.989192 0.146436 0.007415
v 532.170410 4572.679688 44.606079 1.000000 1.000000 1.000000
vn 0.936281 0.317640 -0.149945
v 532.525696 4575.863770 44.742008 1.000000 1.000000 1.000000
vn 0.736007 -0.581028 0.347419
v 532.279480 4577.793945 44.796783 1.000000 1.000000 1.000000
vn 0.774852 0.497791 0.389627
v 532.305054 4578.796387 44.637360 1.000000 1.000000 1.000000
vn 0.629454 0.619422 -0.469153
v 532.272644 4579.642090 44.803947 1.000000 1.000000 1.000000
vn 0.753754 -0.542337 -0.371114
v 532.212891 4579.798340 44.691402 1.000000 1.000000 1.000000
vn 0.970425 -0.014221 -0.240983
v 532.534607 4580.316895 44.621609 1.000000 1.000000 1.000000
vn 0.911147 0.103825 -0.398788
v 532.513733 4580.598145 44.639954 1.000000 1.000000 1.000000
vn 0.876929 0.367779 -0.309410
v 532.059448 4581.283691 44.750530 1.000000 1.000000 1.000000
vn 0.952224 0.084419 -0.293503
v 531.920227 4583.304199 44.590099 1.000000 1.000000 1.000000
vn 0.961925 0.001143 -0.273311
v 531.908508 4583.716797 44.659927 1.000000 1.000000 1.000000
vn 0.990989 0.075393 -0.110712
v 531.899048 4587.224121 44.593670 1.000000 1.000000 1.000000
vn 0.848317 0.300826 -0.435730
v 531.730286 4587.717773 44.647648 1.000000 1.000000 1.000000
vn 0.999988 0.004710 -0.001446
v 531.694946 4589.372559 44.628433 1.000000 1.000000 1.000000
vn 1.000000 0.000000 0.000000
v 531.694946 4591.274902 44.604130 1.000000 1.000000 1.000000
vn 0.970143 0.242536 0.000000
v 531.694946 4591.313477 44.604130 0.000000 0.000000 0.000000
vn 1.000000 0.000000 0.000000
v 531.694946 4569.213379 44.555553 1.000000 1.000000 1.000000
vn 0.999996 -0.002828 -0.000009
v 531.694946 4569.674805 44.555553 1.000000 1.000000 1.000000
vn 0.999988 -0.004881 -0.000490
v 531.694763 4570.285156 44.594898 1.000000 1.000000 1.000000
vn 0.980102 -0.173583 -0.096280
v 531.897766 4571.211426 44.596256 1.000000 1.000000 1.000000
vn 0.937340 -0.316736 0.145163
v 532.521423 4575.711914 44.509048 1.000000 1.000000 1.000000
vn 0.580833 0.746358 -0.324935
v 532.457397 4575.956543 44.772099 1.000000 1.000000 1.000000
vn 0.933967 0.356670 0.022191
v 532.521912 4577.090820 44.694431 1.000000 1.000000 1.000000
vn 0.782300 0.619288 0.066994
v 532.278503 4577.288574 44.669178 1.000000 1.000000 1.000000
vn 0.968987 0.221863 0.108820
v 532.237000 4577.387207 44.625942 1.000000 1.000000 1.000000
vn 0.840421 -0.471294 0.267536
v 532.508728 4577.914063 44.651634 1.000000 1.000000 1.000000
vn 0.996313 0.079254 -0.032851
v 532.530334 4578.574707 44.643147 1.000000 1.000000 1.000000
vn 0.823499 0.549702 0.140273
v 532.507996 4578.631348 44.595100 1.000000 1.000000 1.000000
vn 0.757125 -0.390588 0.523644
v 532.301147 4578.977051 44.652756 1.000000 1.000000 1.000000
vn 0.993476 0.072834 -0.087759
v 532.529297 4579.270996 44.600178 1.000000 1.000000 1.000000
vn 0.638890 0.253108 -0.726469
v 532.445923 4580.670898 44.589725 1.000000 1.000000 1.000000
vn 0.957477 0.161507 -0.239068
v 532.040466 4581.084961 44.469875 1.000000 1.000000 1.000000
vn 0.955706 0.205272 -0.210927
v 532.018372 4581.345703 44.483059 1.000000 1.000000 1.000000
vn 0.967981 0.163663 -0.190335
v 531.989563 4581.571289 44.628498 1.000000 1.000000 1.000000
vn 0.989777 -0.110717 -0.089909
v 532.020874 4581.825195 44.712418 1.000000 1.000000 1.000000
vn 0.952425 0.007563 -0.304680
v 531.920105 4584.088867 44.612629 1.000000 1.000000 1.000000
vn 0.869102 0.338471 -0.360692
v 531.872437 4587.323242 44.551712 1.000000 1.000000 1.000000
vn 0.523122 -0.845599 -0.106335
v 532.116089 4572.039063 44.704323 1.000000 1.000000 1.000000
vn 0.959979 0.278876 0.025865
v 532.518494 4572.284180 44.616764 1.000000 1.000000 1.000000
vn 0.686658 0.720440 0.097301
v 532.197205 4572.500488 44.488525 1.000000 1.000000 1.000000
vn 0.676944 -0.731211 -0.084127
v 532.136414 4576.813965 44.598999 1.000000 1.000000 1.000000
vn 0.934716 -0.267303 0.234213
v 532.245117 4577.559570 44.573181 1.000000 1.000000 1.000000
vn 0.778816 0.516273 -0.356242
v 532.499817 4578.047852 44.631100 1.000000 1.000000 1.000000
vn 0.787703 -0.578360 -0.212188
v 532.511475 4578.525879 44.599686 1.000000 1.000000 1.000000
vn 0.992403 -0.085736 -0.088239
v 532.521667 4578.599609 44.493858 1.000000 1.000000 1.000000
vn 0.779764 0.014518 0.625905
v 532.313232 4578.877930 44.594589 1.000000 1.000000 1.000000
vn 0.718465 -0.432322 -0.544890
v 532.177124 4579.886230 44.536243 1.000000 1.000000 1.000000
vn 0.657791 -0.316765 -0.683352
v 532.481750 4580.108887 44.607449 1.000000 1.000000 1.000000
vn 0.966935 0.031348 -0.253090
v 532.020020 4582.679199 44.594791 1.000000 1.000000 1.000000
vn 0.997880 0.019768 -0.062004
v 531.901306 4583.384277 44.498047 1.000000 1.000000 1.000000
vn 0.997664 -0.001163 -0.068302
v 531.901306 4584.015137 44.491711 1.000000 1.000000 1.000000
vn 0.995265 0.043449 -0.086951
v 531.899963 4586.893066 44.460693 1.000000 1.000000 1.000000
vn 0.885264 0.308539 -0.348011
v 531.716492 4587.549805 44.537270 1.000000 1.000000 1.000000
vn 0.917798 -0.380614 -0.113046
v 531.922913 4571.824219 44.556248 1.000000 1.000000 1.000000
vn 0.753446 -0.640900 -0.146854
v 532.035217 4571.991211 44.598148 1.000000 1.000000 1.000000
vn 0.519873 -0.851644 -0.066597
v 532.439758 4572.175781 44.700592 1.000000 1.000000 1.000000
vn 0.843107 -0.534850 -0.055734
v 532.514648 4572.240234 44.625076 1.000000 1.000000 1.000000
vn 0.999992 -0.000233 -0.003995
v 532.031860 4574.517578 44.458401 1.000000 1.000000 1.000000
vn 0.589068 -0.717815 0.371134
v 532.469482 4575.654297 44.526997 1.000000 1.000000 1.000000
vn 0.583257 -0.803216 -0.121056
v 532.487732 4577.002441 44.567177 1.000000 1.000000 1.000000
vn 0.701583 0.709045 0.070971
v 532.481140 4577.139160 44.624317 1.000000 1.000000 1.000000
vn 0.826086 0.529566 0.192724
v 532.249084 4577.349609 44.452587 1.000000 1.000000 1.000000
vn 0.903032 -0.160788 -0.398348
v 532.212097 4578.307129 44.568462 1.000000 1.000000 1.000000
vn 0.843761 0.269521 0.464140
v 532.500366 4578.741211 44.448792 1.000000 1.000000 1.000000
vn 0.858438 -0.331440 0.391448
v 532.497620 4579.085449 44.518379 1.000000 1.000000 1.000000
vn 0.616295 0.044758 -0.786242
v 532.462341 4580.352051 44.534252 1.000000 1.000000 1.000000
vn 0.686454 0.421843 -0.592309
v 532.098572 4580.973633 44.511360 1.000000 1.000000 1.000000
vn 0.990711 0.082801 -0.107871
v 531.696350 4587.731934 44.533665 1.000000 1.000000 1.000000
vn 0.994676 -0.097959 -0.031986
v 531.901978 4571.736328 44.554108 1.000000 1.000000 1.000000
vn 0.670504 0.663162 -0.332626
v 532.078247 4576.017578 44.476273 1.000000 1.000000 1.000000
vn 0.981312 0.165447 -0.098258
v 532.035583 4576.148926 44.543819 1.000000 1.000000 1.000000
vn 0.960556 -0.270494 -0.064533
v 532.043945 4576.672363 44.509026 1.000000 1.000000 1.000000
vn 0.621988 -0.733844 -0.273138
v 532.130737 4576.858887 44.363789 1.000000 1.000000 1.000000
vn 0.907625 -0.413188 -0.074113
v 532.520996 4577.049805 44.504974 1.000000 1.000000 1.000000
vn 0.976297 0.212596 0.040579
v 532.531555 4577.103027 44.488422 1.000000 1.000000 1.000000
vn 0.928267 0.314341 -0.198771
v 532.522766 4577.900879 44.449654 1.000000 1.000000 1.000000
vn 0.717070 0.516295 -0.468241
v 532.242126 4578.218262 44.574963 1.000000 1.000000 1.000000
vn 0.809094 -0.112437 0.576823
v 532.498230 4578.902832 44.423462 1.000000 1.000000 1.000000
vn 0.558004 0.271252 -0.784254
v 532.154907 4580.709473 44.429111 1.000000 1.000000 1.000000
vn 0.939050 0.074740 -0.335558
v 531.917664 4582.763672 44.401588 1.000000 1.000000 1.000000
vn 0.999891 0.002955 -0.014495
v 531.901062 4586.328125 44.552555 1.000000 1.000000 1.000000
vn 1.000000 -0.000003 -0.000045
v 531.694946 4590.237305 44.409824 1.000000 1.000000 1.000000
vn 0.859632 -0.441503 -0.257116
v 531.870422 4571.165039 44.516205 1.000000 1.000000 1.000000
vn 0.957383 0.288821 0.000645
v 532.047607 4573.030273 44.441723 1.000000 1.000000 1.000000
vn 0.999506 0.027759 -0.014773
v 532.031189 4573.146973 44.433445 1.000000 1.000000 1.000000
vn 0.993191 -0.073851 0.090095
v 532.032715 4574.970703 44.139713 1.000000 1.000000 1.000000
vn 0.994412 -0.092493 0.050892
v 532.032104 4575.289063 44.596127 1.000000 1.000000 1.000000
vn 0.682177 -0.649685 0.335476
v 532.117249 4575.476074 44.583611 1.000000 1.000000 1.000000
vn 0.711176 -0.545485 0.443481
v 532.304932 4577.548340 44.385281 1.000000 1.000000 1.000000
vn 0.701728 -0.585679 0.405657
v 532.480408 4577.749512 44.444027 1.000000 1.000000 1.000000
vn 0.991959 -0.099872 0.077735
v 532.529785 4577.887695 44.515659 1.000000 1.000000 1.000000
vn 0.669000 -0.586765 -0.456230
v 532.482239 4578.583008 44.420689 1.000000 1.000000 1.000000
vn 0.994046 0.003164 0.108913
v 532.522034 4578.759766 44.385567 1.000000 1.000000 1.000000
vn 0.999297 0.011004 0.035829
v 532.528748 4579.041016 44.391243 1.000000 1.000000 1.000000
vn 0.720909 0.393988 -0.570143
v 532.480896 4579.100098 44.330540 1.000000 1.000000 1.000000
vn 0.743790 -0.217164 -0.632152
v 532.127686 4580.055176 44.398533 1.000000 1.000000 1.000000
vn 0.615036 0.125713 -0.778413
v 532.154114 4580.442871 44.369835 1.000000 1.000000 1.000000
vn 0.840973 0.203974 -0.501157
v 532.069153 4580.804688 44.382278 1.000000 1.000000 1.000000
vn 0.968472 0.052090 -0.243614
v 531.907715 4581.643555 44.451077 1.000000 1.000000 1.000000
vn 0.954260 -0.077989 -0.288629
v 531.909790 4581.892090 44.437927 1.000000 1.000000 1.000000
vn 0.949065 -0.030864 -0.313564
v 531.922363 4582.126953 44.400421 1.000000 1.000000 1.000000
vn 0.993366 0.017887 -0.113597
v 531.902954 4582.761719 44.329281 1.000000 1.000000 1.000000
vn 0.935083 0.224129 -0.274566
v 531.707520 4587.446289 44.387348 1.000000 1.000000 1.000000
vn 0.964251 -0.228311 -0.134511
v 531.701721 4571.095703 44.220726 1.000000 1.000000 1.000000
vn 0.898341 0.430339 0.088272
v 532.519104 4572.330078 44.376492 1.000000 1.000000 1.000000
vn 0.986794 0.159980 -0.025363
v 532.154297 4572.579590 44.442020 1.000000 1.000000 1.000000
vn 0.954100 0.270312 0.128934
v 532.025696 4573.069336 44.210789 1.000000 1.000000 1.000000
vn 0.700218 -0.053379 -0.711930
v 532.112183 4580.242676 44.338318 1.000000 1.000000 1.000000
vn 0.985225 -0.152455 -0.078027
v 531.698120 4570.872559 44.616901 1.000000 1.000000 1.000000
vn 0.496814 -0.856595 -0.139360
v 532.464722 4572.229980 44.372192 1.000000 1.000000 1.000000
vn 0.648709 0.734955 0.197531
v 532.176270 4572.600586 44.093994 1.000000 1.000000 1.000000
vn 0.961543 0.237236 -0.138398
v 532.519470 4575.719727 44.427414 1.000000 1.000000 1.000000
vn 0.683705 0.645610 -0.340199
v 532.491272 4575.787109 44.477726 1.000000 1.000000 1.000000
vn 0.889121 -0.427018 -0.164682
v 532.064148 4576.765625 44.358696 1.000000 1.000000 1.000000
vn 0.954037 -0.261537 -0.146330
v 532.523926 4577.109863 44.338211 1.000000 1.000000 1.000000
vn 0.742474 0.359089 0.565497
v 532.268005 4577.374023 44.375992 1.000000 1.000000 1.000000
vn 0.889287 -0.154350 0.430516
v 532.242004 4577.464844 44.396534 1.000000 1.000000 1.000000
vn 0.672275 0.586329 -0.451956
v 532.487549 4577.878906 44.326260 1.000000 1.000000 1.000000
vn 0.942311 0.194681 -0.272305
v 532.156433 4578.152344 44.299267 1.000000 1.000000 1.000000
vn 0.671680 -0.638602 -0.375545
v 532.217468 4578.413574 44.381008 1.000000 1.000000 1.000000
vn 0.646093 0.538211 -0.541195
v 532.205261 4579.367676 44.338623 1.000000 1.000000 1.000000
vn 0.936283 -0.009896 -0.351108
v 532.098694 4579.834473 44.412609 1.000000 1.000000 1.000000
vn 0.949280 0.155298 -0.273403
v 532.013550 4581.080078 44.235504 1.000000 1.000000 1.000000
vn 0.997971 -0.008018 -0.063168
v 531.901428 4582.029785 44.299793 1.000000 1.000000 1.000000
vn 0.884313 0.212908 -0.415526
v 531.871338 4587.006836 44.368610 1.000000 1.000000 1.000000
vn 0.935184 -0.304580 -0.180726
v 531.890442 4571.385742 44.244511 1.000000 1.000000 1.000000
vn 0.878382 -0.452872 -0.152812
v 531.927795 4571.956055 44.333725 1.000000 1.000000 1.000000
vn 0.582644 -0.793200 -0.177090
v 532.022278 4572.048340 44.339497 1.000000 1.000000 1.000000
vn 0.904328 -0.421161 -0.069391
v 532.516602 4572.287598 44.308952 1.000000 1.000000 1.000000
vn 0.855962 0.511235 0.077255
v 532.159729 4572.571289 44.314323 1.000000 1.000000 1.000000
vn 0.915816 -0.347595 0.201146
v 532.052673 4575.226563 44.350803 1.000000 1.000000 1.000000
vn 0.965223 0.227798 -0.128267
v 532.036255 4575.950684 44.208332 1.000000 1.000000 1.000000
vn 0.572591 -0.756702 -0.315503
v 532.455811 4577.040039 44.322468 1.000000 1.000000 1.000000
vn 0.827407 0.472877 0.302959
v 532.501404 4577.228516 44.275661 1.000000 1.000000 1.000000
vn 0.811131 -0.385926 0.439463
v 532.512146 4577.608887 44.221176 1.000000 1.000000 1.000000
vn 0.934255 -0.226910 -0.275100
v 532.165710 4578.336426 44.350613 1.000000 1.000000 1.000000
vn 0.781567 -0.297933 -0.548078
v 532.498840 4578.734863 44.314060 1.000000 1.000000 1.000000
vn 0.819696 0.045366 -0.570999
v 532.503662 4578.906250 44.280956 1.000000 1.000000 1.000000
vn 0.574211 0.221460 -0.788186
v 532.436768 4579.018066 44.247818 1.000000 1.000000 1.000000
vn 0.961630 -0.023574 -0.273335
v 532.046082 4580.143066 44.240040 1.000000 1.000000 1.000000
vn 0.919569 0.089623 -0.382572
v 532.049011 4580.685547 44.297665 1.000000 1.000000 1.000000
vn 0.898944 0.165916 -0.405429
v 531.881165 4586.736328 44.241154 1.000000 1.000000 1.000000
vn 0.967288 0.106458 -0.230262
v 531.704529 4587.160156 44.193943 1.000000 1.000000 1.000000
vn 0.999720 -0.020193 -0.012321
v 531.694946 4571.020020 44.166943 1.000000 1.000000 1.000000
vn 0.974394 0.218383 0.053523
v 532.529236 4572.351074 44.211758 1.000000 1.000000 1.000000
vn 0.588786 0.790432 0.168962
v 532.451599 4572.391602 44.359306 1.000000 1.000000 1.000000
vn 0.927323 0.357402 0.111071
v 532.155823 4572.838379 44.292797 1.000000 1.000000 1.000000
vn 0.923281 -0.338026 0.182456
v 532.517639 4575.560547 44.259171 1.000000 1.000000 1.000000
vn 0.998265 -0.041811 -0.041469
v 532.520996 4577.219727 44.213280 1.000000 1.000000 1.000000
vn 0.869238 0.033348 0.493267
v 532.487427 4577.437012 44.168446 1.000000 1.000000 1.000000
vn 0.886456 0.259585 -0.383159
v 532.142395 4579.393555 44.262844 1.000000 1.000000 1.000000
vn 0.952465 0.031405 -0.303024
v 532.043152 4580.536133 44.246223 1.000000 1.000000 1.000000
vn 0.980651 0.047672 -0.189870
v 531.896545 4586.498535 44.252277 1.000000 1.000000 1.000000
vn 0.934348 0.132112 -0.330969
v 531.709961 4586.764160 44.007801 1.000000 1.000000 1.000000
vn 0.946820 0.307467 0.094851
v 532.518250 4572.413574 44.029461 1.000000 1.000000 1.000000
vn 0.999231 -0.027140 -0.028302
v 532.169434 4572.768555 44.262642 1.000000 1.000000 1.000000
vn 0.995751 0.044472 0.080632
v 532.031189 4573.213867 44.122715 1.000000 1.000000 1.000000
vn 0.643703 -0.658798 0.389400
v 532.106201 4575.257324 44.242050 1.000000 1.000000 1.000000
vn 0.988644 -0.134672 -0.066689
v 532.035583 4576.694824 44.266670 1.000000 1.000000 1.000000
vn 0.685591 -0.576064 -0.445101
v 532.464417 4577.124512 44.187798 1.000000 1.000000 1.000000
vn 0.987590 -0.026925 -0.154730
v 532.510071 4577.375000 44.111675 1.000000 1.000000 1.000000
vn 0.986523 0.085009 -0.139804
v 532.525513 4577.650879 44.157841 1.000000 1.000000 1.000000
vn 0.735279 -0.407741 -0.541398
v 532.177124 4578.541016 44.191223 1.000000 1.000000 1.000000
vn 0.688463 0.309102 -0.656105
v 532.147766 4579.092773 44.093643 1.000000 1.000000 1.000000
vn 0.986723 0.052148 -0.153811
v 532.036560 4579.853516 44.204529 1.000000 1.000000 1.000000
vn 0.971321 0.157991 -0.177694
v 531.907166 4581.380371 44.230724 1.000000 1.000000 1.000000
vn 0.946182 0.122273 -0.299649
v 531.891113 4586.137695 44.109104 1.000000 1.000000 1.000000
vn 0.825793 0.242313 -0.509265
v 531.724304 4586.998535 44.172878 1.000000 1.000000 1.000000
vn 0.938442 0.159136 0.306598
v 532.041992 4573.478516 43.845581 1.000000 1.000000 1.000000
vn 0.872599 -0.347409 0.343335
v 532.055603 4575.094727 44.084572 1.000000 1.000000 1.000000
vn 0.568611 -0.709365 0.416512
v 532.423340 4575.444336 44.213978 1.000000 1.000000 1.000000
vn 0.878928 0.407112 -0.248486
v 532.514099 4575.520020 44.074242 1.000000 1.000000 1.000000
vn 0.498635 0.755200 -0.425483
v 532.415588 4575.739258 44.290855 1.000000 1.000000 1.000000
vn 0.572875 -0.628952 -0.525579
v 532.135864 4577.054199 44.008202 1.000000 1.000000 1.000000
vn 0.736777 0.515135 -0.437945
v 532.184448 4578.013184 44.200756 1.000000 1.000000 1.000000
vn 0.655348 -0.068202 -0.752242
v 532.213745 4578.775879 44.094940 1.000000 1.000000 1.000000
vn 0.970108 0.125460 -0.207728
v 532.021118 4580.756836 44.070648 1.000000 1.000000 1.000000
vn 0.959685 0.135458 -0.246283
v 532.012695 4580.888184 44.213066 1.000000 1.000000 1.000000
vn 0.911579 -0.391938 -0.124134
v 532.519348 4572.336914 44.100857 1.000000 1.000000 1.000000
vn 0.585079 0.769042 0.257404
v 532.462708 4572.460449 44.063862 1.000000 1.000000 1.000000
vn 0.865387 -0.426527 -0.263021
v 532.068298 4576.900391 44.146633 1.000000 1.000000 1.000000
vn 0.745579 -0.366102 -0.556850
v 532.497253 4577.243164 44.113022 1.000000 1.000000 1.000000
vn 0.703921 -0.150134 -0.694230
v 532.479492 4577.333984 44.056129 1.000000 1.000000 1.000000
vn 0.666870 0.385336 -0.637810
v 532.489258 4577.672363 44.106651 1.000000 1.000000 1.000000
vn 0.974376 -0.065517 -0.215173
v 532.125549 4578.412598 44.140690 1.000000 1.000000 1.000000
vn 0.969649 0.062063 -0.236492
v 532.023865 4579.922852 43.772263 1.000000 1.000000 1.000000
vn 0.847751 0.129242 -0.514407
v 531.855042 4586.478516 44.149086 1.000000 1.000000 1.000000
vn 0.542565 -0.809341 -0.224923
v 532.445984 4572.272949 44.098461 1.000000 1.000000 1.000000
vn 0.992574 0.111447 -0.048743
v 532.131592 4572.669434 44.124809 1.000000 1.000000 1.000000
vn 0.930977 -0.158929 0.328669
v 532.056824 4574.645020 43.877094 1.000000 1.000000 1.000000
vn 0.577507 -0.638620 0.508576
v 532.155273 4575.146484 43.993088 1.000000 1.000000 1.000000
vn 0.920412 -0.330554 0.208749
v 532.516724 4575.469727 44.101856 1.000000 1.000000 1.000000
vn 0.738218 0.081966 -0.669564
v 532.478577 4577.518066 44.041676 1.000000 1.000000 1.000000
vn 0.950150 0.202860 -0.236777
v 532.125244 4578.045898 44.092171 1.000000 1.000000 1.000000
vn 0.924364 -0.052930 -0.377822
v 532.128845 4578.757813 43.995144 1.000000 1.000000 1.000000
vn 0.873664 0.180311 -0.451884
v 532.111755 4579.084961 44.040417 1.000000 1.000000 1.000000
vn 0.969318 0.143802 -0.199360
v 531.910645 4580.894531 43.880939 1.000000 1.000000 1.000000
vn 0.982691 0.034984 -0.181919
v 531.898926 4585.667969 43.938660 1.000000 1.000000 1.000000
vn 0.937169 0.095763 -0.335476
v 531.710510 4586.462891 43.949707 1.000000 1.000000 1.000000
vn 0.986394 0.164399 0.000000
v 531.694946 4591.313477 43.972633 0.000000 0.000000 0.000000
vn 0.969681 -0.204600 -0.133634
v 531.699524 4571.273438 43.914021 1.000000 1.000000 1.000000
vn 0.928737 -0.316988 -0.192264
v 531.891968 4571.455566 44.099140 1.000000 1.000000 1.000000
vn 0.821511 -0.546005 -0.164310
v 531.928467 4572.031250 44.010933 1.000000 1.000000 1.000000
vn 0.407481 -0.878353 -0.249912
v 532.088684 4572.136719 44.066921 1.000000 1.000000 1.000000
vn 0.964457 0.211146 0.158870
v 532.160889 4572.969238 44.003433 1.000000 1.000000 1.000000
vn 0.573833 0.710006 -0.408175
v 532.112732 4575.786621 44.101051 1.000000 1.000000 1.000000
vn 0.917605 0.187485 -0.350499
v 532.072693 4579.242676 44.055237 1.000000 1.000000 1.000000
vn 0.978658 0.095834 -0.181783
v 531.906921 4581.149414 44.017826 1.000000 1.000000 1.000000
vn 0.874525 0.173931 -0.452719
v 531.877808 4585.783203 43.891579 1.000000 1.000000 1.000000
vn 0.997124 0.040788 -0.063872
v 531.694946 4586.778320 43.924057 1.000000 1.000000 1.000000
vn 0.997661 0.024465 -0.063829
v 531.695190 4586.884277 43.968128 1.000000 1.000000 1.000000
vn 0.999515 -0.025752 -0.017516
v 531.694946 4571.211914 43.875481 1.000000 1.000000 1.000000
vn 0.831055 -0.473880 -0.291180
v 531.732056 4571.298340 44.016663 1.000000 1.000000 1.000000
vn 0.916091 0.250473 0.313116
v 532.061035 4573.279785 43.934254 1.000000 1.000000 1.000000
vn 0.996006 -0.035553 0.081901
v 532.033264 4574.540527 43.939777 1.000000 1.000000 1.000000
vn 0.948006 0.262801 -0.179501
v 532.516602 4575.455566 43.980892 1.000000 1.000000 1.000000
vn 0.744135 0.562781 -0.359919
v 532.075928 4575.653320 43.800831 1.000000 1.000000 1.000000
vn 0.693172 -0.323999 -0.643846
v 532.119324 4577.271484 43.842609 1.000000 1.000000 1.000000
vn 0.606341 0.220501 -0.764022
v 532.197815 4577.588379 43.877987 1.000000 1.000000 1.000000
vn 0.761029 0.389852 -0.518508
v 532.154114 4577.797852 43.942451 1.000000 1.000000 1.000000
vn 0.968085 0.088478 -0.234483
v 532.021729 4580.441406 43.945477 1.000000 1.000000 1.000000
vn 0.956710 0.085676 -0.278147
v 531.890808 4584.312500 43.626038 1.000000 1.000000 1.000000
vn 0.997744 0.025718 -0.062009
v 531.695007 4586.729004 43.879864 1.000000 1.000000 1.000000
vn 0.975936 -0.192545 -0.102348
v 531.895691 4571.661133 43.872223 1.000000 1.000000 1.000000
vn 0.625188 -0.742349 -0.240953
v 531.982483 4572.101563 43.979008 1.000000 1.000000 1.000000
vn 0.525701 -0.765281 -0.371460
v 532.014343 4572.271484 43.609173 1.000000 1.000000 1.000000
vn 0.945559 -0.077274 0.316144
v 532.044861 4574.309082 43.758801 1.000000 1.000000 1.000000
vn 0.943315 -0.272913 0.188879
v 532.514160 4575.256348 43.772751 1.000000 1.000000 1.000000
vn 0.988143 -0.115088 -0.101626
v 532.034058 4576.945801 43.890038 1.000000 1.000000 1.000000
vn 0.861843 -0.357095 -0.360154
v 532.056213 4577.042480 43.904602 1.000000 1.000000 1.000000
vn 0.987207 0.082877 -0.136210
v 532.038025 4579.181641 43.772701 1.000000 1.000000 1.000000
vn 0.983208 0.082714 -0.162665
v 532.036987 4579.608398 44.010628 1.000000 1.000000 1.000000
vn 0.967892 0.088249 -0.235367
v 531.907654 4580.641113 43.763721 1.000000 1.000000 1.000000
vn 0.989407 0.037956 -0.140117
v 531.897339 4585.081055 43.865078 1.000000 1.000000 1.000000
vn 0.845425 0.210573 -0.490832
v 531.740479 4586.098145 43.868095 1.000000 1.000000 1.000000
vn 0.997913 0.015196 -0.062767
v 531.694824 4586.460938 43.850979 1.000000 1.000000 1.000000
vn 1.000000 -0.000815 0.000482
v 531.694946 4569.674805 43.972649 1.000000 1.000000 1.000000
vn 0.988660 -0.142711 -0.046737
v 531.902344 4571.949219 44.035820 1.000000 1.000000 1.000000
vn 0.998850 0.036335 0.031268
v 532.524780 4572.456055 43.859386 1.000000 1.000000 1.000000
vn 0.645137 0.696979 0.313078
v 532.139099 4572.708984 43.854881 1.000000 1.000000 1.000000
vn 0.977368 0.211170 0.012586
v 532.089661 4572.787598 43.841476 1.000000 1.000000 1.000000
vn 0.992177 -0.046742 -0.115759
v 532.092529 4572.865723 43.792526 1.000000 1.000000 1.000000
vn 0.959335 -0.195713 -0.203402
v 532.160156 4572.930176 43.921452 1.000000 1.000000 1.000000
vn 0.990128 0.022818 0.138299
v 532.033325 4573.700684 43.818661 1.000000 1.000000 1.000000
vn 0.619142 -0.619730 0.482284
v 532.464905 4575.248047 43.853603 1.000000 1.000000 1.000000
vn 0.965237 -0.097819 -0.242381
v 532.045166 4577.225098 43.718616 1.000000 1.000000 1.000000
vn 0.712990 -0.039035 -0.700087
v 532.131836 4577.433105 43.820496 1.000000 1.000000 1.000000
vn 0.843066 0.127221 -0.522547
v 532.114868 4577.666992 43.810238 1.000000 1.000000 1.000000
vn 0.964752 0.081154 -0.250336
v 532.103271 4577.951660 43.865761 1.000000 1.000000 1.000000
vn 0.864314 0.077767 -0.496903
v 531.852356 4585.602051 43.810932 1.000000 1.000000 1.000000
vn 1.000000 -0.000056 -0.000441
v 531.694946 4589.622070 43.778328 1.000000 1.000000 1.000000
vn 0.794202 0.552214 0.253581
v 532.511658 4572.524902 43.781757 1.000000 1.000000 1.000000
vn 0.916099 0.298297 -0.267921
v 532.513794 4575.243164 43.682220 1.000000 1.000000 1.000000
vn 0.582192 0.679608 -0.446302
v 532.446289 4575.474121 43.889286 1.000000 1.000000 1.000000
vn 0.500023 0.716264 -0.486768
v 532.188416 4575.573730 43.821362 1.000000 1.000000 1.000000
vn 0.969449 0.199853 -0.142222
v 532.036499 4575.722168 43.773754 1.000000 1.000000 1.000000
vn 0.882105 0.082405 -0.463789
v 531.868042 4585.157715 43.773659 1.000000 1.000000 1.000000
vn 0.840060 -0.495785 -0.220219
v 531.861572 4571.608398 43.809704 1.000000 1.000000 1.000000
vn 0.878035 -0.446606 -0.172039
v 532.510620 4572.406738 43.860912 1.000000 1.000000 1.000000
vn 0.493258 0.775436 0.394203
v 532.444946 4572.563477 43.818008 1.000000 1.000000 1.000000
vn 0.954699 0.170153 0.244127
v 532.160400 4573.281250 43.707958 1.000000 1.000000 1.000000
vn 0.920045 0.046931 0.388992
v 532.062683 4573.744141 43.702839 1.000000 1.000000 1.000000
vn 0.711413 -0.432983 0.553549
v 532.189026 4574.940918 43.784294 1.000000 1.000000 1.000000
vn 0.937421 0.011862 -0.347996
v 532.059143 4577.645020 43.687843 1.000000 1.000000 1.000000
vn 0.979848 -0.004814 -0.199687
v 532.067810 4578.461914 43.803558 1.000000 1.000000 1.000000
vn 0.871935 0.122661 -0.474008
v 531.879272 4584.959961 43.729145 1.000000 1.000000 1.000000
vn 0.992571 0.051210 -0.110361
v 531.697876 4586.025879 43.723003 1.000000 1.000000 1.000000
vn 0.878627 -0.431416 -0.204683
v 531.722412 4571.478027 43.722282 1.000000 1.000000 1.000000
vn 0.830469 -0.517650 -0.205815
v 531.928711 4572.140137 43.734222 1.000000 1.000000 1.000000
vn 0.484206 -0.798679 -0.357292
v 532.429443 4572.391602 43.745193 1.000000 1.000000 1.000000
vn 0.746828 0.548881 0.375471
v 532.112366 4572.812988 43.722500 1.000000 1.000000 1.000000
vn 0.901629 -0.198508 0.384266
v 532.151611 4574.571777 43.646252 1.000000 1.000000 1.000000
vn 0.987815 0.014350 -0.154971
v 532.035522 4578.829590 43.633198 1.000000 1.000000 1.000000
vn 0.979058 0.071821 -0.190494
v 532.021667 4579.575195 43.708134 1.000000 1.000000 1.000000
vn 0.964302 0.080053 -0.252413
v 531.894104 4584.742188 43.736073 1.000000 1.000000 1.000000
vn 0.984989 -0.160764 -0.062862
v 531.697144 4571.422852 43.659912 1.000000 1.000000 1.000000
vn 0.916295 -0.348793 -0.196845
v 532.519714 4572.530273 43.627281 1.000000 1.000000 1.000000
vn 0.970391 0.203697 0.129802
v 532.082703 4572.904297 43.680405 1.000000 1.000000 1.000000
vn 0.988858 0.011626 -0.148406
v 532.034119 4578.146484 43.601540 1.000000 1.000000 1.000000
vn 0.832877 0.139314 -0.535637
v 531.732849 4585.132813 43.606651 1.000000 1.000000 1.000000
vn 0.905863 0.048890 -0.420740
v 531.714722 4585.371582 43.591858 1.000000 1.000000 1.000000
vn 0.922185 0.118001 -0.368309
v 531.713135 4585.749512 43.642944 1.000000 1.000000 1.000000
vn 0.974747 0.188954 0.119015
v 532.523132 4572.546875 43.681114 1.000000 1.000000 1.000000
vn 0.960746 0.068864 0.268748
v 532.160706 4573.584961 43.553261 1.000000 1.000000 1.000000
vn 0.959462 -0.045755 0.278099
v 532.157776 4574.263184 43.535954 1.000000 1.000000 1.000000
vn 0.801163 -0.404695 0.440862
v 532.471985 4575.068848 43.631672 1.000000 1.000000 1.000000
vn 0.999907 -0.011997 -0.006480
v 532.507690 4575.105469 43.573170 1.000000 1.000000 1.000000
vn 0.587222 0.627209 -0.511643
v 532.466919 4575.253906 43.605434 1.000000 1.000000 1.000000
vn 0.998494 -0.006226 -0.054504
v 532.031860 4577.054199 43.535446 1.000000 1.000000 1.000000
vn 0.992959 -0.005411 -0.118331
v 532.035156 4577.604492 43.573898 1.000000 1.000000 1.000000
vn 0.959266 0.097567 -0.265121
v 531.911560 4579.643066 43.479027 1.000000 1.000000 1.000000
vn 0.947830 0.092054 -0.305195
v 531.919617 4580.173340 43.628906 1.000000 1.000000 1.000000
vn 0.994583 0.015888 -0.102723
v 531.898499 4583.820313 43.532898 1.000000 1.000000 1.000000
vn 0.850859 0.106042 -0.514581
v 531.870667 4584.577637 43.612068 1.000000 1.000000 1.000000
vn 0.951373 0.072704 -0.299339
v 531.706909 4585.004883 43.500412 1.000000 1.000000 1.000000
vn 0.998201 0.019837 -0.056584
v 531.695007 4585.804199 43.535069 1.000000 1.000000 1.000000
vn 0.980728 -0.170482 -0.095443
v 531.896606 4571.812500 43.427505 1.000000 1.000000 1.000000
vn 0.804465 -0.523522 -0.280644
v 531.938171 4572.252441 43.506386 1.000000 1.000000 1.000000
vn 0.621644 0.596896 0.507222
v 532.444946 4572.767090 43.507133 1.000000 1.000000 1.000000
vn 0.778440 0.421227 0.465402
v 532.105835 4572.964355 43.553925 1.000000 1.000000 1.000000
vn 0.986518 -0.113144 -0.118242
v 532.085205 4573.046387 43.601063 1.000000 1.000000 1.000000
vn 0.978495 -0.113999 -0.171906
v 532.159058 4573.273926 43.596046 1.000000 1.000000 1.000000
vn 0.782751 0.502961 -0.366513
v 532.066833 4575.533691 43.629692 1.000000 1.000000 1.000000
vn 0.984391 0.017553 -0.175118
v 532.023315 4576.154785 43.441776 1.000000 1.000000 1.000000
vn 0.985572 0.035780 -0.165429
v 531.895386 4582.848633 43.469273 1.000000 1.000000 1.000000
vn 1.000000 0.000007 -0.000003
v 531.694946 4589.506836 43.486866 1.000000 1.000000 1.000000
vn 0.959398 0.136696 0.246716
v 532.085876 4573.110352 43.491684 1.000000 1.000000 1.000000
vn 0.998676 -0.025637 -0.044606
v 532.168945 4573.746582 43.453976 1.000000 1.000000 1.000000
vn 0.907663 -0.224626 0.354529
v 532.508484 4574.966309 43.497616 1.000000 1.000000 1.000000
vn 0.670183 0.505924 -0.543043
v 532.466553 4575.046387 43.401871 1.000000 1.000000 1.000000
vn 0.561284 0.633902 -0.532098
v 532.130249 4575.348145 43.454002 1.000000 1.000000 1.000000
vn 0.997677 0.021022 -0.064803
v 531.901550 4580.072266 43.496239 1.000000 1.000000 1.000000
vn 0.893024 0.092508 -0.440398
v 531.882385 4584.067383 43.494488 1.000000 1.000000 1.000000
vn 1.000000 -0.000282 -0.000728
v 531.694946 4570.289551 43.389713 1.000000 1.000000 1.000000
vn 0.999998 0.001348 -0.001165
v 531.694946 4570.597168 43.389713 1.000000 1.000000 1.000000
vn 0.998405 -0.050690 -0.024847
v 532.096375 4573.291992 43.419014 1.000000 1.000000 1.000000
vn 0.988034 0.028419 -0.151593
v 531.898499 4582.356934 43.333241 1.000000 1.000000 1.000000
vn 0.877832 0.039234 -0.477359
v 531.877075 4583.669922 43.431042 1.000000 1.000000 1.000000
vn 0.895513 0.092423 -0.435333
v 531.718872 4584.802246 43.502262 1.000000 1.000000 1.000000
vn 0.998853 0.006441 -0.047451
v 531.694946 4584.933105 43.389713 1.000000 1.000000 1.000000
vn 0.996733 0.012252 -0.079829
v 531.695374 4585.338867 43.480068 1.000000 1.000000 1.000000
vn 0.999981 0.006024 -0.001586
v 531.694946 4588.007813 43.389713 1.000000 1.000000 1.000000
vn 0.975132 -0.201671 -0.091899
v 531.904541 4572.132324 43.549591 1.000000 1.000000 1.000000
vn 0.927398 0.273891 0.254789
v 532.513794 4572.787109 43.396263 1.000000 1.000000 1.000000
vn 0.517184 0.499203 0.695210
v 532.182617 4573.029785 43.432545 1.000000 1.000000 1.000000
vn 0.749730 0.313530 0.582756
v 532.120117 4573.212402 43.375622 1.000000 1.000000 1.000000
vn 0.841581 -0.255641 0.475804
v 532.191589 4574.393066 43.405399 1.000000 1.000000 1.000000
vn 0.702681 -0.375810 0.604157
v 532.236877 4574.550781 43.432419 1.000000 1.000000 1.000000
vn 0.675842 -0.446938 0.586075
v 532.460876 4574.751465 43.389103 1.000000 1.000000 1.000000
vn 0.971810 -0.138763 0.190606
v 532.520508 4574.822266 43.347279 1.000000 1.000000 1.000000
vn 0.989395 0.132746 -0.058950
v 532.520447 4574.992188 43.438488 1.000000 1.000000 1.000000
vn 0.965616 0.190421 -0.176992
v 532.035339 4575.446777 43.366009 1.000000 1.000000 1.000000
vn 0.921003 0.133713 -0.365889
v 532.005310 4579.167969 43.435513 1.000000 1.000000 1.000000
vn 0.862856 0.120799 -0.490803
v 531.859070 4582.890137 43.387196 1.000000 1.000000 1.000000
vn 0.933180 0.112609 -0.341312
v 531.713074 4584.609375 43.405289 1.000000 1.000000 1.000000
vn 0.994369 0.036556 -0.099467
v 531.694885 4584.794434 43.380650 1.000000 1.000000 1.000000
vn 0.998232 -0.052607 -0.027669
v 531.695068 4571.433105 43.332203 1.000000 1.000000 1.000000
vn 0.997957 -0.043810 -0.046502
v 531.694946 4571.480957 43.292561 1.000000 1.000000 1.000000
vn 0.917900 -0.362778 -0.160784
v 531.713440 4571.550293 43.388737 1.000000 1.000000 1.000000
vn 0.843292 -0.467044 -0.265947
v 531.871887 4571.706543 43.478645 1.000000 1.000000 1.000000
vn 0.561231 -0.677182 -0.475862
v 532.476135 4572.586914 43.455910 1.000000 1.000000 1.000000
vn 0.951043 -0.233809 -0.202115
v 532.521851 4572.750977 43.351849 1.000000 1.000000 1.000000
vn 0.846315 0.310450 0.432864
v 532.506958 4573.018555 43.220135 1.000000 1.000000 1.000000
vn 0.896459 0.119564 0.426693
v 532.100403 4573.397949 43.319271 1.000000 1.000000 1.000000
vn 0.993317 -0.107352 0.042399
v 532.105652 4573.604492 43.306248 1.000000 1.000000 1.000000
vn 0.989576 -0.123746 0.073662
v 532.142090 4573.805664 43.311871 1.000000 1.000000 1.000000
vn 0.952191 -0.126260 0.278191
v 532.165771 4574.120117 43.312881 1.000000 1.000000 1.000000
vn 0.814084 0.433964 -0.385931
v 532.059509 4575.379395 43.383137 1.000000 1.000000 1.000000
vn 0.930692 0.033856 -0.364235
v 532.016235 4576.055664 43.398720 1.000000 1.000000 1.000000
vn 0.954745 -0.055802 -0.292145
v 532.015381 4577.233887 43.413441 1.000000 1.000000 1.000000
vn 0.966814 0.034941 -0.253082
v 532.023621 4577.718262 43.394745 1.000000 1.000000 1.000000
vn 0.952293 0.030803 -0.303626
v 532.016296 4578.062988 43.420395 1.000000 1.000000 1.000000
vn 0.975119 0.022015 -0.220588
v 532.024597 4578.940918 43.447117 1.000000 1.000000 1.000000
vn 0.988268 0.069649 -0.135923
v 531.898010 4581.596191 43.099316 1.000000 1.000000 1.000000
vn 0.894420 0.081842 -0.439676
v 531.718140 4584.377930 43.402077 1.000000 1.000000 1.000000
vn 0.998658 0.018856 -0.048234
v 531.694946 4584.702637 43.292561 1.000000 1.000000 1.000000
vn 0.850433 -0.412439 -0.326586
v 531.721069 4571.702637 43.198193 1.000000 1.000000 1.000000
vn 0.948500 0.215954 0.231760
v 532.523132 4572.919434 43.253952 1.000000 1.000000 1.000000
vn 0.781669 -0.320522 0.535032
v 532.497009 4574.597168 43.248016 1.000000 1.000000 1.000000
vn 0.643148 0.519646 -0.562431
v 532.118652 4575.203613 43.293343 1.000000 1.000000 1.000000
vn 0.972331 0.061005 -0.225503
v 532.020569 4575.813965 43.415226 1.000000 1.000000 1.000000
vn 0.975538 -0.033210 -0.217309
v 532.020264 4577.429199 43.340698 1.000000 1.000000 1.000000
vn 0.972657 0.077507 -0.218932
v 531.909912 4579.286621 43.281002 1.000000 1.000000 1.000000
vn 0.976194 0.062529 -0.207690
v 531.892944 4581.957031 43.209576 1.000000 1.000000 1.000000
vn 0.950002 -0.183127 -0.252905
v 532.524231 4572.914551 43.192154 1.000000 1.000000 1.000000
vn 0.579501 0.254999 0.774051
v 532.170349 4573.381836 43.250572 1.000000 1.000000 1.000000
vn 0.952397 0.017395 -0.304364
v 531.919373 4578.108398 43.226192 1.000000 1.000000 1.000000
vn 0.941189 0.044928 -0.334879
v 531.919922 4578.977051 43.227390 1.000000 1.000000 1.000000
vn 0.881824 0.087835 -0.463326
v 531.860107 4582.288086 43.220909 1.000000 1.000000 1.000000
vn 0.849611 0.126196 -0.512090
v 531.730469 4582.905762 43.225719 1.000000 1.000000 1.000000
vn 0.896233 0.059120 -0.439626
v 531.716431 4583.878418 43.256588 1.000000 1.000000 1.000000
vn 0.932266 0.106578 -0.345718
v 531.711548 4584.076172 43.257332 1.000000 1.000000 1.000000
vn 0.584984 -0.640737 -0.497241
v 532.006348 4572.476074 43.266933 1.000000 1.000000 1.000000
vn 0.742101 -0.014440 0.670132
v 532.148376 4573.621094 43.222645 1.000000 1.000000 1.000000
vn 0.759567 -0.134009 0.636474
v 532.193970 4573.914063 43.219254 1.000000 1.000000 1.000000
vn 0.642196 -0.249864 0.724674
v 532.230652 4574.169434 43.250271 1.000000 1.000000 1.000000
vn 0.996823 0.034821 -0.071632
v 532.521606 4574.630859 43.195892 1.000000 1.000000 1.000000
vn 0.801591 0.341772 -0.490555
v 532.503174 4574.828613 43.265633 1.000000 1.000000 1.000000
vn 0.950704 0.045790 -0.306702
v 531.917786 4575.849121 43.191509 1.000000 1.000000 1.000000
vn 0.952990 0.020474 -0.302309
v 531.916321 4576.246094 43.218887 1.000000 1.000000 1.000000
vn 0.949631 -0.074415 -0.304406
v 531.919189 4577.188965 43.218967 1.000000 1.000000 1.000000
vn 0.925915 -0.049330 -0.374497
v 531.927368 4577.408691 43.144184 1.000000 1.000000 1.000000
vn 0.877427 0.128942 -0.462056
v 531.872498 4582.586426 43.258961 1.000000 1.000000 1.000000
vn 0.922547 0.034571 -0.384334
v 531.713928 4583.655273 43.206268 1.000000 1.000000 1.000000
vn 0.998184 0.017361 -0.057678
v 531.694946 4584.087891 43.146832 1.000000 1.000000 1.000000
vn 0.994927 0.025983 -0.097183
v 531.694702 4584.328613 43.270103 1.000000 1.000000 1.000000
vn 0.557964 -0.576340 -0.597083
v 532.440369 4572.767578 43.217770 1.000000 1.000000 1.000000
vn 0.574764 0.347883 0.740691
v 532.453613 4573.196777 43.166817 1.000000 1.000000 1.000000
vn 0.816812 -0.202487 0.540201
v 532.498901 4574.367676 43.134579 1.000000 1.000000 1.000000
vn 0.651213 0.364565 -0.665593
v 532.480591 4574.635254 43.124962 1.000000 1.000000 1.000000
vn 0.684718 0.412300 -0.600974
v 532.084167 4574.958008 43.065830 1.000000 1.000000 1.000000
vn 0.881893 0.269738 -0.386661
v 532.028381 4575.243164 43.189960 1.000000 1.000000 1.000000
vn 0.998283 0.005413 -0.058333
v 531.901123 4576.034180 43.084358 1.000000 1.000000 1.000000
vn 0.944481 0.042649 -0.325788
v 531.915894 4577.823242 43.170181 1.000000 1.000000 1.000000
vn 0.997308 0.010044 -0.072640
v 531.901489 4579.027344 43.130535 1.000000 1.000000 1.000000
vn 0.996847 0.008205 -0.078923
v 531.694885 4583.758301 43.117584 1.000000 1.000000 1.000000
vn 0.964791 -0.105209 -0.241059
v 532.522888 4573.117676 43.069313 1.000000 1.000000 1.000000
vn 0.929903 0.147367 0.336993
v 532.518921 4573.243164 43.067753 1.000000 1.000000 1.000000
vn 0.646616 0.115425 0.754032
v 532.460571 4573.562012 43.045982 1.000000 1.000000 1.000000
vn 0.647869 -0.108511 0.753984
v 532.459900 4573.939453 43.049126 1.000000 1.000000 1.000000
vn 0.987093 0.099294 -0.125648
v 532.521118 4574.371094 43.074936 1.000000 1.000000 1.000000
vn 0.993276 -0.007677 -0.115517
v 531.901611 4577.358887 43.064602 1.000000 1.000000 1.000000
vn 0.996200 0.001688 -0.087083
v 531.901855 4577.954102 43.103371 1.000000 1.000000 1.000000
vn 0.987157 0.033328 -0.156238
v 531.699524 4582.886230 43.133457 1.000000 1.000000 1.000000
vn 0.988002 -0.120886 -0.096113
v 531.697021 4571.660645 43.130085 1.000000 1.000000 1.000000
vn 0.950312 0.042346 0.308404
v 532.514160 4573.489746 42.997040 1.000000 1.000000 1.000000
vn 0.904376 -0.023581 0.426085
v 532.505798 4573.927734 42.997692 1.000000 1.000000 1.000000
vn 0.999383 -0.024991 0.024667
v 532.520996 4574.150391 43.012852 1.000000 1.000000 1.000000
vn 0.845714 0.139463 -0.515090
v 532.511230 4574.270508 43.001934 1.000000 1.000000 1.000000
vn 0.956672 0.137835 -0.256477
v 532.514954 4574.451172 43.075047 1.000000 1.000000 1.000000
vn 0.887369 0.258912 -0.381499
v 531.932983 4575.123047 42.924175 1.000000 1.000000 1.000000
vn 0.852348 0.200885 -0.482854
v 531.849182 4581.693359 43.030952 1.000000 1.000000 1.000000
vn 0.999899 -0.006214 -0.012770
v 531.695007 4582.804688 43.000523 1.000000 1.000000 1.000000
vn 0.937987 -0.258294 -0.231226
v 531.890625 4572.283203 42.923943 1.000000 1.000000 1.000000
vn 0.956480 -0.230356 -0.179117
v 531.909973 4572.414551 43.147354 1.000000 1.000000 1.000000
vn 0.581549 -0.421878 -0.695571
v 532.476379 4573.002441 43.063076 1.000000 1.000000 1.000000
vn 0.661021 -0.258989 -0.704256
v 532.479553 4573.205078 42.973331 1.000000 1.000000 1.000000
vn 0.939455 0.087993 -0.331181
v 532.514099 4574.084473 42.957767 1.000000 1.000000 1.000000
vn 0.994309 0.019372 -0.104760
v 531.898193 4579.809570 42.911957 1.000000 1.000000 1.000000
vn 0.861826 0.095198 -0.498190
v 531.723572 4582.244629 43.035107 1.000000 1.000000 1.000000
vn 0.941956 0.102424 -0.319733
v 531.712036 4582.595215 43.042969 1.000000 1.000000 1.000000
vn 0.997744 0.032973 -0.058481
v 531.695374 4582.672852 42.984722 1.000000 1.000000 1.000000
vn 0.999999 0.001593 -0.000070
v 531.694946 4586.739746 42.952522 1.000000 1.000000 1.000000
vn 0.936054 -0.243799 -0.253701
v 531.712280 4571.938477 42.902874 1.000000 1.000000 1.000000
vn 0.831725 -0.393229 -0.391924
v 531.864319 4572.027832 43.064846 1.000000 1.000000 1.000000
vn 0.496933 -0.547995 -0.672874
v 532.048340 4572.750977 43.003380 1.000000 1.000000 1.000000
vn 0.893622 -0.077278 -0.442117
v 532.512207 4573.437012 42.941700 1.000000 1.000000 1.000000
vn 0.947383 0.017313 -0.319634
v 532.520874 4573.813965 42.927101 1.000000 1.000000 1.000000
vn 0.995051 0.002311 -0.099343
v 531.899719 4580.397949 42.903828 1.000000 1.000000 1.000000
vn 0.993677 0.019165 -0.110629
v 531.900208 4580.959473 42.938873 1.000000 1.000000 1.000000
vn 0.888532 0.197342 -0.414207
v 531.877625 4581.510254 42.962360 1.000000 1.000000 1.000000
vn 0.998279 0.019745 -0.055226
v 531.694946 4582.550293 42.903946 1.000000 1.000000 1.000000
vn 0.999999 0.000460 -0.001094
v 531.694946 4586.624512 42.903946 1.000000 1.000000 1.000000
vn 0.781506 -0.373102 -0.500043
v 531.939087 4572.746582 42.888805 1.000000 1.000000 1.000000
vn 0.470535 -0.334371 -0.816574
v 532.361389 4573.161621 42.913120 1.000000 1.000000 1.000000
vn 0.693108 0.230107 -0.683120
v 532.459167 4574.291016 42.947525 1.000000 1.000000 1.000000
vn 0.618099 0.347700 -0.705024
v 532.084045 4574.665039 42.892860 1.000000 1.000000 1.000000
vn 0.981402 0.078000 -0.175406
v 531.907349 4575.550781 43.039368 1.000000 1.000000 1.000000
vn 0.993015 0.025661 -0.115160
v 531.696167 4582.112305 42.908569 1.000000 1.000000 1.000000
vn 0.999998 0.002090 -0.000525
v 531.694946 4586.508789 42.855343 1.000000 1.000000 1.000000
vn 0.998467 -0.033910 -0.043740
v 531.694946 4571.865723 42.806793 1.000000 1.000000 1.000000
vn 0.514670 -0.191298 -0.835775
v 532.422424 4573.384277 42.878105 1.000000 1.000000 1.000000
vn 0.968319 0.132594 -0.211606
v 531.905762 4574.958496 42.723419 1.000000 1.000000 1.000000
vn 0.494866 -0.355396 -0.792970
v 532.073486 4573.149414 42.773651 1.000000 1.000000 1.000000
vn 0.509229 -0.153213 -0.846884
v 532.124146 4573.444336 42.719517 1.000000 1.000000 1.000000
vn 0.562100 -0.028110 -0.826591
v 532.419128 4573.785156 42.830235 1.000000 1.000000 1.000000
vn 0.596068 0.130321 -0.792287
v 532.454468 4574.022461 42.879017 1.000000 1.000000 1.000000
vn 0.908580 -0.042021 -0.415593
v 531.881470 4580.229492 42.787796 1.000000 1.000000 1.000000
vn 0.889924 0.073158 -0.450203
v 531.877136 4581.074219 42.848946 1.000000 1.000000 1.000000
vn 0.930989 0.169179 -0.323478
v 531.714417 4581.735352 42.867306 1.000000 1.000000 1.000000
vn 0.996612 0.048152 -0.066677
v 531.694946 4581.743164 42.758217 1.000000 1.000000 1.000000
vn 0.997773 0.022050 -0.062946
v 531.695190 4581.907227 42.808979 1.000000 1.000000 1.000000
vn 0.995976 -0.055351 -0.070485
v 531.694702 4571.927734 42.777401 1.000000 1.000000 1.000000
vn 0.893000 -0.341258 -0.293417
v 531.712585 4572.131348 42.746914 1.000000 1.000000 1.000000
vn 0.931790 -0.281149 -0.229613
v 531.889221 4572.362305 42.775032 1.000000 1.000000 1.000000
vn 0.981936 -0.105464 -0.157093
v 531.906799 4572.693359 42.828663 1.000000 1.000000 1.000000
vn 0.523986 0.222726 -0.822090
v 532.192871 4574.234375 42.785637 1.000000 1.000000 1.000000
vn 0.767667 0.230837 -0.597831
v 532.066528 4574.452148 42.770603 1.000000 1.000000 1.000000
vn 0.861859 0.252432 -0.439861
v 531.966003 4574.715332 42.748817 1.000000 1.000000 1.000000
vn 0.953885 0.123040 -0.273798
v 531.708130 4581.585449 42.743015 1.000000 1.000000 1.000000
vn 1.000000 -0.000065 -0.000104
v 531.694946 4586.201660 42.709641 1.000000 1.000000 1.000000
vn 0.935468 -0.177546 -0.305577
v 531.916321 4572.980957 42.702732 1.000000 1.000000 1.000000
vn 0.732681 -0.262902 -0.627743
v 531.969971 4573.193359 42.680859 1.000000 1.000000 1.000000
vn 0.986387 0.094068 -0.134877
v 531.894287 4578.816895 42.448204 1.000000 1.000000 1.000000
vn 0.888992 0.090580 -0.448875
v 531.867188 4579.782227 42.803452 1.000000 1.000000 1.000000
vn 0.875193 0.089718 -0.475381
v 531.722595 4579.814941 42.615856 1.000000 1.000000 1.000000
vn 0.907789 0.037822 -0.417718
v 531.875366 4580.550781 42.770748 1.000000 1.000000 1.000000
vn 0.998336 0.017711 -0.054882
v 531.694946 4581.627930 42.661064 1.000000 1.000000 1.000000
vn 0.994805 0.058306 -0.083450
v 531.695251 4581.674316 42.680172 1.000000 1.000000 1.000000
vn 0.999995 -0.001371 -0.002860
v 531.694946 4588.007813 42.661064 1.000000 1.000000 1.000000
vn 1.000000 0.000000 0.000000
v 531.694946 4591.005859 42.661064 1.000000 1.000000 1.000000
vn 0.737868 -0.118166 -0.664521
v 531.997253 4573.492676 42.623833 1.000000 1.000000 1.000000
vn 0.613615 0.020080 -0.789350
v 532.029419 4573.796387 42.634407 1.000000 1.000000 1.000000
vn 0.672259 0.131304 -0.728579
v 532.053894 4574.195313 42.683613 1.000000 1.000000 1.000000
vn 0.931337 0.184191 -0.314144
v 531.892700 4579.400391 42.660957 1.000000 1.000000 1.000000
vn 0.859741 0.080257 -0.504384
v 531.732666 4580.839844 42.639179 1.000000 1.000000 1.000000
vn 0.999998 -0.000603 -0.001753
v 531.694946 4572.096191 42.563911 1.000000 1.000000 1.000000
vn 0.905200 -0.129818 -0.404673
v 531.886658 4572.667969 42.549049 1.000000 1.000000 1.000000
vn 0.991293 -0.053094 -0.120494
v 531.897400 4578.213379 42.507660 1.000000 1.000000 1.000000
vn 0.996165 0.027260 -0.083143
v 531.694946 4581.252441 42.564793 1.000000 1.000000 1.000000
vn 0.997399 0.007467 -0.071692
v 531.694946 4581.320313 42.563911 1.000000 1.000000 1.000000
vn 0.996158 0.026246 -0.083549
v 531.696045 4581.496582 42.633591 1.000000 1.000000 1.000000
vn 0.963483 -0.116290 -0.241200
v 531.907593 4573.175781 42.562607 1.000000 1.000000 1.000000
vn 0.845600 0.042657 -0.532110
v 531.953857 4574.167969 42.555130 1.000000 1.000000 1.000000
vn 0.973755 0.043502 -0.223401
v 531.894897 4576.722656 42.559860 1.000000 1.000000 1.000000
vn 0.999865 -0.001052 -0.016406
v 531.903076 4578.414551 42.524887 1.000000 1.000000 1.000000
vn 0.891755 0.275992 -0.358612
v 531.717224 4579.576172 42.498032 1.000000 1.000000 1.000000
vn 0.880343 -0.093061 -0.465119
v 531.755981 4580.229004 42.595688 1.000000 1.000000 1.000000
vn 0.778557 0.045394 -0.625930
v 531.714905 4580.496582 42.528934 1.000000 1.000000 1.000000
vn 0.944962 0.069014 -0.319819
v 531.710693 4581.179199 42.634224 1.000000 1.000000 1.000000
vn 0.999017 0.019870 -0.039628
v 531.694946 4581.205078 42.515335 1.000000 1.000000 1.000000
vn 0.992420 -0.090173 -0.083495
v 531.698059 4572.172363 42.537666 1.000000 1.000000 1.000000
vn 0.893250 -0.305175 -0.330110
v 531.725220 4572.255371 42.586151 1.000000 1.000000 1.000000
vn 0.935170 -0.187028 -0.300794
v 531.882446 4572.891602 42.541077 1.000000 1.000000 1.000000
vn 0.892298 -0.047006 -0.448993
v 531.927856 4573.505371 42.528790 1.000000 1.000000 1.000000
vn 0.944440 0.279561 -0.172855
v 531.816345 4579.038086 42.341862 1.000000 1.000000 1.000000
vn 0.852051 0.259554 -0.454577
v 531.869568 4579.344727 42.551903 1.000000 1.000000 1.000000
vn 0.965745 0.120409 -0.229867
v 531.894592 4576.455078 42.447506 1.000000 1.000000 1.000000
vn 0.855931 0.001215 -0.517090
v 531.850952 4576.825684 42.465252 1.000000 1.000000 1.000000
vn 0.993932 0.016803 -0.108703
v 531.696411 4580.626465 42.504074 1.000000 1.000000 1.000000
vn 0.999937 -0.002828 -0.010909
v 531.694946 4572.326660 42.369602 1.000000 1.000000 1.000000
vn 0.908572 -0.119252 -0.400344
v 531.716309 4572.636230 42.313816 1.000000 1.000000 1.000000
vn 0.836694 -0.196423 -0.511234
v 531.764587 4572.852539 42.378437 1.000000 1.000000 1.000000
vn 0.745417 -0.487950 -0.454156
v 531.855469 4572.963379 42.428368 1.000000 1.000000 1.000000
vn 0.997189 -0.013246 -0.073741
v 531.901550 4573.442383 42.406696 1.000000 1.000000 1.000000
vn 0.985856 0.003368 -0.167562
v 531.906494 4574.158691 42.432465 1.000000 1.000000 1.000000
vn 0.960458 0.101867 -0.259121
v 531.908386 4574.607910 42.496166 1.000000 1.000000 1.000000
vn 0.864125 0.197901 -0.462735
v 531.870483 4576.563965 42.449680 1.000000 1.000000 1.000000
vn 0.939851 -0.036369 -0.339643
v 531.893372 4577.498535 42.492237 1.000000 1.000000 1.000000
vn 0.960977 -0.078056 -0.265387
v 531.703003 4580.032715 42.553345 1.000000 1.000000 1.000000
vn 0.888375 -0.425355 -0.172809
v 531.889465 4573.075195 42.348972 1.000000 1.000000 1.000000
vn 0.918375 -0.066527 -0.390080
v 531.799927 4577.223633 42.335339 1.000000 1.000000 1.000000
vn 0.990596 -0.075523 -0.114087
v 531.751404 4577.484375 42.258018 1.000000 1.000000 1.000000
vn 0.936467 0.280551 -0.210524
v 531.718750 4579.244141 42.313313 1.000000 1.000000 1.000000
vn 0.887919 0.236538 -0.394525
v 531.725891 4579.435547 42.382584 1.000000 1.000000 1.000000
vn 0.999745 -0.017046 -0.014803
v 531.694946 4580.052246 42.321026 1.000000 1.000000 1.000000
vn 0.995413 -0.041620 -0.086149
v 531.700012 4580.172363 42.325977 1.000000 1.000000 1.000000
vn 0.942607 0.226392 -0.245438
v 531.888306 4576.204590 42.273933 1.000000 1.000000 1.000000
vn 0.853131 0.175656 -0.491236
v 531.735168 4576.632813 42.297386 1.000000 1.000000 1.000000
vn 0.938633 -0.129867 -0.319535
v 531.709473 4576.988770 42.258579 1.000000 1.000000 1.000000
vn 0.970396 -0.126290 -0.205871
v 531.828857 4577.677734 42.320759 1.000000 1.000000 1.000000
vn 0.995760 0.030133 -0.086912
v 531.694641 4579.732910 42.481266 1.000000 1.000000 1.000000
vn 0.839360 0.278786 -0.466640
v 531.862000 4576.381836 42.302387 1.000000 1.000000 1.000000
vn 0.993014 -0.112109 -0.036819
v 531.840576 4578.116211 42.320942 1.000000 1.000000 1.000000
vn 0.994242 -0.049485 -0.095046
v 531.696289 4572.616699 42.230495 1.000000 1.000000 1.000000
vn 0.982219 -0.183593 -0.039233
v 531.787903 4577.217285 42.260033 1.000000 1.000000 1.000000
vn 0.922843 -0.316537 -0.219465
v 531.708252 4572.879395 42.252335 1.000000 1.000000 1.000000
vn 0.988656 -0.091625 -0.119017
v 531.898376 4573.164551 42.142197 1.000000 1.000000 1.000000
vn 0.998834 -0.000605 -0.048281
v 531.900879 4574.133301 42.126720 1.000000 1.000000 1.000000
vn 0.997419 0.008588 -0.071290
v 531.900513 4574.970703 42.153080 1.000000 1.000000 1.000000
vn 0.938942 0.175324 -0.296057
v 531.710938 4576.481445 42.146393 1.000000 1.000000 1.000000
vn 0.990199 0.035992 -0.134944
v 531.696777 4576.681152 42.201633 1.000000 1.000000 1.000000
vn 0.984594 -0.110632 -0.135410
v 531.808167 4577.235352 42.128601 1.000000 1.000000 1.000000
vn 0.978581 -0.090722 -0.184794
v 531.894897 4578.353516 42.205860 1.000000 1.000000 1.000000
vn 0.945649 0.315982 -0.076840
v 531.838013 4579.050293 42.165310 1.000000 1.000000 1.000000
vn 0.986500 0.126614 -0.103857
v 531.695313 4579.423828 42.263603 1.000000 1.000000 1.000000
vn 1.000000 0.000012 -0.000004
v 531.694946 4588.892090 42.126720 1.000000 1.000000 1.000000
vn 1.000000 0.000000 0.000000
v 531.694946 4591.236328 42.126720 1.000000 1.000000 1.000000
vn 0.986079 -0.006973 -0.166134
v 531.898804 4573.469727 42.097019 1.000000 1.000000 1.000000
vn 0.981292 0.018100 -0.191672
v 531.893860 4574.947754 42.075912 1.000000 1.000000 1.000000
vn 0.985472 0.065523 -0.156687
v 531.897949 4576.010742 42.099667 1.000000 1.000000 1.000000
vn 0.968199 -0.040251 -0.246921
v 531.775391 4577.502930 42.083267 1.000000 1.000000 1.000000
vn 0.949042 -0.089705 -0.302113
v 531.854858 4578.143066 42.145370 1.000000 1.000000 1.000000
vn 0.926106 -0.041283 -0.374999
v 531.878418 4573.409668 42.027023 1.000000 1.000000 1.000000
vn 0.998946 0.022327 -0.040096
v 531.694946 4576.554688 42.029568 1.000000 1.000000 1.000000
vn 0.969638 -0.143586 -0.197952
v 531.848999 4577.711914 42.147430 1.000000 1.000000 1.000000
vn 0.962738 0.102771 -0.250147
v 531.891235 4578.753906 42.206329 1.000000 1.000000 1.000000
vn 0.875293 0.129027 -0.466062
v 531.824463 4578.996582 42.099953 1.000000 1.000000 1.000000
vn 0.948816 0.270119 -0.163660
v 531.725525 4579.264648 42.067162 1.000000 1.000000 1.000000
vn 0.994499 0.082379 -0.064696
v 531.697083 4579.346680 41.994560 1.000000 1.000000 1.000000
vn 0.882275 -0.218750 -0.416820
v 531.867249 4573.087402 42.067390 1.000000 1.000000 1.000000
vn 0.878989 0.037307 -0.475380
v 531.867126 4574.958496 41.999569 1.000000 1.000000 1.000000
vn 0.908377 0.039592 -0.416274
v 531.882202 4575.176758 42.069351 1.000000 1.000000 1.000000
vn 0.908043 -0.016513 -0.418551
v 531.776550 4577.326660 42.057667 1.000000 1.000000 1.000000
vn 1.000000 -0.000575 -0.000801
v 531.694946 4586.585938 41.980988 1.000000 1.000000 1.000000
vn 0.987547 -0.155666 -0.022776
v 531.696960 4572.793457 42.008827 1.000000 1.000000 1.000000
vn 0.898492 -0.414991 -0.143160
v 531.741455 4572.916504 41.963120 1.000000 1.000000 1.000000
vn 0.956782 -0.032958 -0.288932
v 531.893982 4575.502441 42.094421 1.000000 1.000000 1.000000
vn 0.881042 -0.007546 -0.472978
v 531.880249 4575.738281 42.017658 1.000000 1.000000 1.000000
vn 0.870143 0.226014 -0.437914
v 531.866882 4576.056152 42.021660 1.000000 1.000000 1.000000
vn 0.895137 0.254245 -0.366182
v 531.712158 4576.315918 42.064697 1.000000 1.000000 1.000000
vn 0.943147 -0.156243 -0.293363
v 531.707092 4577.145996 41.957481 1.000000 1.000000 1.000000
vn 0.911214 -0.029269 -0.410892
v 531.724915 4577.627441 41.959522 1.000000 1.000000 1.000000
vn 0.892607 0.045178 -0.448566
v 531.724243 4578.644043 41.956593 1.000000 1.000000 1.000000
vn 0.999997 0.002403 0.000402
v 531.694946 4581.128418 41.932411 1.000000 1.000000 1.000000
vn 1.000000 0.000000 0.000000
v 531.694946 4589.276367 41.932411 1.000000 1.000000 1.000000
vn 0.813752 -0.046550 -0.579345
v 531.840698 4573.415527 41.962288 1.000000 1.000000 1.000000
vn 0.994808 0.065451 -0.077927
v 531.694824 4576.376953 41.984753 1.000000 1.000000 1.000000
vn 0.975128 -0.205121 -0.083967
v 531.701782 4577.044434 42.066490 1.000000 1.000000 1.000000
vn 0.974045 -0.013484 -0.225954
v 531.699707 4578.015137 41.883835 1.000000 1.000000 1.000000
vn 0.930015 -0.050740 -0.364002
v 531.715881 4578.104004 41.942238 1.000000 1.000000 1.000000
vn 0.953638 0.120550 -0.275758
v 531.710022 4579.189453 41.965092 1.000000 1.000000 1.000000
vn 0.899500 -0.138848 -0.414273
v 531.726440 4572.978027 41.877850 1.000000 1.000000 1.000000
vn 0.852804 -0.065283 -0.518135
v 531.740173 4573.397461 41.840809 1.000000 1.000000 1.000000
vn 0.828920 0.033840 -0.558343
v 531.744080 4574.903809 41.842243 1.000000 1.000000 1.000000
vn 0.998120 -0.035082 -0.050256
v 531.694946 4577.169434 41.835258 1.000000 1.000000 1.000000
vn 0.974333 -0.009883 -0.224894
v 531.700562 4577.305664 41.896038 1.000000 1.000000 1.000000
vn 0.996676 -0.018945 -0.079232
v 531.694946 4578.091797 41.835258 1.000000 1.000000 1.000000
vn 0.964999 0.026036 -0.260957
v 531.705933 4579.011719 41.933067 1.000000 1.000000 1.000000
vn 0.998904 0.025261 -0.039399
v 531.694946 4579.245117 41.835258 1.000000 1.000000 1.000000
vn 0.896029 -0.071115 -0.438264
v 531.715942 4573.230469 41.840771 1.000000 1.000000 1.000000
vn 0.872826 0.062897 -0.483962
v 531.726624 4575.154785 41.854908 1.000000 1.000000 1.000000
vn 0.924972 -0.018154 -0.379600
v 531.712585 4575.478027 41.841969 1.000000 1.000000 1.000000
vn 0.879254 0.092541 -0.467279
v 531.726013 4576.042480 41.827557 1.000000 1.000000 1.000000
vn 0.935802 0.226304 -0.270299
v 531.713318 4576.155762 41.854618 1.000000 1.000000 1.000000
vn 0.931707 -0.011697 -0.363023
v 531.717773 4578.341309 41.871758 1.000000 1.000000 1.000000
vn 1.000000 0.000745 0.000190
v 531.694946 4583.242188 41.786682 1.000000 1.000000 1.000000
vn 0.985373 -0.082348 -0.149192
v 531.698181 4572.870117 41.816681 1.000000 1.000000 1.000000
vn 0.979754 -0.024336 -0.198720
v 531.699036 4573.360840 41.750370 1.000000 1.000000 1.000000
vn 0.950724 0.023034 -0.309183
v 531.704285 4574.894531 41.761143 1.000000 1.000000 1.000000
vn 0.997567 -0.004819 -0.069548
v 531.694946 4575.516602 41.738106 1.000000 1.000000 1.000000
vn 0.993381 -0.026654 -0.111732
v 531.695740 4575.605957 41.732956 1.000000 1.000000 1.000000
vn 0.923334 -0.048954 -0.380863
v 531.714966 4575.721680 41.797768 1.000000 1.000000 1.000000
vn 0.989122 0.035971 -0.142629
v 531.696411 4576.065918 41.724266 1.000000 1.000000 1.000000
vn 0.998086 0.009543 -0.061094
v 531.694946 4576.170410 41.738106 1.000000 1.000000 1.000000
vn 0.997449 0.034570 -0.062459
v 531.694946 4576.208496 41.738106 1.000000 1.000000 1.000000
vn 0.993030 -0.041858 -0.110181
v 531.696777 4578.218262 41.812023 1.000000 1.000000 1.000000
vn 0.997660 -0.005116 -0.068181
v 531.694946 4578.322754 41.738106 1.000000 1.000000 1.000000
vn 0.993434 0.019780 -0.112684
v 531.697754 4578.541016 41.831081 1.000000 1.000000 1.000000
vn 0.999249 0.024754 -0.029827
v 531.694946 4573.287598 41.689529 1.000000 1.000000 1.000000
vn 0.999228 0.002092 -0.039222
v 531.694946 4574.978516 41.689529 1.000000 1.000000 1.000000
vn 0.988922 0.012318 -0.147927
v 531.697693 4575.123047 41.761429 1.000000 1.000000 1.000000
vn 0.997338 -0.009634 -0.072273
v 531.694946 4575.708984 41.689529 1.000000 1.000000 1.000000
vn 1.000000 -0.000394 -0.000004
v 531.694946 4580.128906 41.640953 1.000000 1.000000 1.000000
vn 1.000000 -0.000070 -0.000019
v 531.694946 4587.662109 41.495224 1.000000 1.000000 1.000000
vn 1.000000 -0.000701 -0.000384
v 531.694946 4588.738281 41.446644 1.000000 1.000000 1.000000
vn 0.999994 0.003468 0.000632
v 531.694946 4579.744629 41.398067 1.000000 1.000000 1.000000
vn 1.000000 -0.000071 -0.000040
v 531.694946 4587.738770 41.349491 1.000000 1.000000 1.000000
vn 1.000000 0.000051 0.000024
v 531.694946 4583.895508 41.106609 1.000000 1.000000 1.000000
vn 1.000000 0.000000 0.000000
v 531.694946 4569.290527 41.058033 1.000000 1.000000 1.000000
vn 1.000000 0.000000 0.000000
v 531.694946 4569.520996 41.058033 1.000000 1.000000 1.000000
vn 1.000000 0.000000 0.000000
v 531.694946 4570.135742 41.058033 1.000000 1.000000 1.000000
vn 0.999999 -0.000955 -0.000542
v 531.694946 4582.588867 40.863724 1.000000 1.000000 1.000000
vn 0.999991 -0.004194 -0.001066
v 531.694946 4572.672852 40.815147 1.000000 1.000000 1.000000
vn 0.970143 -0.242536 0.000000
v 531.694946 4568.713867 40.766571 0.000000 0.000000 0.000000
vn 0.894427 0.000000 -0.447214
v 531.694946 4569.213379 40.766571 0.000000 0.000000 0.000000
vn 0.970143 0.000000 -0.242536
v 531.694946 4569.828613 40.766571 0.000000 0.000000 0.000000
vn 0.948683 0.000000 -0.316228
v 531.694946 4570.289551 40.766571 0.000000 0.000000 0.000000
vn 0.948683 0.000000 -0.316228
v 531.694946 4570.443359 40.766571 0.000000 0.000000 0.000000
vn 0.894427 0.000000 -0.447214
v 531.694946 4570.750977 40.766571 0.000000 0.000000 0.000000
vn 0.948683 0.000000 -0.316228
v 531.694946 4570.827637 40.766571 0.000000 0.000000 0.000000
vn 0.948683 0.000000 -0.316228
v 531.694946 4570.981445 40.766571 0.000000 0.000000 0.000000
vn 0.970141 0.000450 -0.242543
v 531.694946 4571.519531 40.766571 0.000000 0.000000 0.000000
vn 0.970026 -0.000814 -0.242998
v 531.694946 4571.827148 40.766571 0.000000 0.000000 0.000000
vn 0.948539 0.009525 -0.316516
v 531.694946 4572.057617 40.766571 0.000000 0.000000 0.000000
vn 0.969940 -0.005649 -0.243278
v 531.694946 4572.134766 40.766571 0.000000 0.000000 0.000000
vn 0.970041 -0.001080 -0.242940
v 531.694946 4572.595703 40.766571 0.000000 0.000000 0.000000
vn 0.948323 0.015681 -0.316919
v 531.694946 4573.364258 40.766571 0.000000 0.000000 0.000000
vn 0.968047 -0.006028 -0.250696
v 531.694946 4574.440430 40.766571 0.000000 0.000000 0.000000
vn 0.894427 0.000000 -0.447214
v 531.694946 4574.901855 40.766571 0.000000 0.000000 0.000000
vn 0.969733 -0.002283 -0.244157
v 531.694946 4575.286133 40.766571 0.000000 0.000000 0.000000
vn 0.970038 -0.000282 -0.242954
v 531.694946 4575.747559 40.766571 0.000000 0.000000 0.000000
vn 0.970137 0.002382 -0.242546
v 531.694946 4576.362305 40.766571 0.000000 0.000000 0.000000
vn 0.980584 -0.000054 -0.196097
v 531.694946 4576.823730 40.766571 0.000000 0.000000 0.000000
vn 0.980092 0.005124 -0.198480
v 531.694946 4577.130859 40.766571 0.000000 0.000000 0.000000
vn 0.969037 -0.006579 -0.246828
v 531.694946 4577.668945 40.766571 0.000000 0.000000 0.000000
vn 0.969935 0.000193 -0.243363
v 531.694946 4578.130371 40.766571 0.000000 0.000000 0.000000
vn 0.947976 -0.003429 -0.318324
v 531.694946 4578.745117 40.766571 0.000000 0.000000 0.000000
vn 0.969165 0.007640 -0.246293
v 531.694946 4579.206543 40.766571 0.000000 0.000000 0.000000
vn 0.969825 -0.002429 -0.243790
v 531.694946 4579.590820 40.766571 0.000000 0.000000 0.000000
vn 0.970165 0.000057 -0.242447
v 531.694946 4579.975098 40.766571 0.000000 0.000000 0.000000
vn 0.948683 0.000000 -0.316228
v 531.694946 4580.513184 40.766571 0.000000 0.000000 0.000000
vn 0.969163 -0.008049 -0.246287
v 531.694946 4580.590332 40.766571 0.000000 0.000000 0.000000
vn 0.000000 0.000000 -1.000000
v 531.694946 4580.666992 40.766571 0.000000 0.000000 0.000000
vn 0.894125 0.000000 -0.447817
v 531.694946 4580.743652 40.766571 0.000000 0.000000 0.000000
vn 0.970181 0.001133 -0.242377
v 531.694946 4581.512695 40.766571 0.000000 0.000000 0.000000
vn 0.970143 0.000000 -0.242536
v 531.694946 4581.666504 40.766571 0.000000 0.000000 0.000000
vn 0.970119 0.000636 -0.242629
v 531.694946 4582.050781 40.766571 0.000000 0.000000 0.000000
vn 0.970087 -0.000566 -0.242758
v 531.694946 4582.204590 40.766571 0.000000 0.000000 0.000000
vn 0.970111 -0.000232 -0.242663
v 531.694946 4582.588867 40.766571 0.000000 0.000000 0.000000
vn 0.970138 0.000638 -0.242555
v 531.694946 4582.973145 40.766571 0.000000 0.000000 0.000000
vn 0.970091 -0.000363 -0.242741
v 531.694946 4583.434082 40.766571 0.000000 0.000000 0.000000
vn 0.986013 -0.004870 -0.166598
v 531.694946 4583.665039 40.766571 0.000000 0.000000 0.000000
vn 0.948690 0.000061 -0.316208
v 531.694946 4583.972168 40.766571 0.000000 0.000000 0.000000
vn 0.000000 0.000000 -1.000000
v 531.694946 4584.279785 40.766571 0.000000 0.000000 0.000000
vn 0.948682 -0.000057 -0.316233
v 531.694946 4584.664063 40.766571 0.000000 0.000000 0.000000
vn 0.948723 0.000269 -0.316110
v 531.694946 4584.971680 40.766571 0.000000 0.000000 0.000000
vn 0.000000 0.000000 -1.000000
v 531.694946 4585.048340 40.766571 0.000000 0.000000 0.000000
vn 0.948675 -0.000203 -0.316253
v 531.694946 4585.433105 40.766571 0.000000 0.000000 0.000000
vn 0.970146 0.000011 -0.242521
v 531.694946 4585.740234 40.766571 0.000000 0.000000 0.000000
vn 0.948632 -0.000306 -0.316382
v 531.694946 4585.971191 40.766571 0.000000 0.000000 0.000000
vn 0.000000 0.000000 -1.000000
v 531.694946 4586.201660 40.766571 0.000000 0.000000 0.000000
vn 0.948672 0.000169 -0.316261
v 531.694946 4586.355469 40.766571 0.000000 0.000000 0.000000
vn 0.948683 0.000000 -0.316228
v 531.694946 4586.816406 40.766571 0.000000 0.000000 0.000000
vn 0.970143 0.000000 -0.242536
v 531.694946 4587.047363 40.766571 0.000000 0.000000 0.000000
vn 0.970143 0.000000 -0.242536
v 531.694946 4587.585449 40.766571 0.000000 0.000000 0.000000
vn 0.948683 0.000000 -0.316228
v 531.694946 4587.969727 40.766571 0.000000 0.000000 0.000000
vn 0.970161 0.000195 -0.242462
v 531.694946 4588.123535 40.766571 0.000000 0.000000 0.000000
vn 0.970094 -0.000411 -0.242729
v 531.694946 4588.200195 40.766571 0.000000 0.000000 0.000000
vn 0.894427 0.000000 -0.447214
v 531.694946 4588.507813 40.766571 0.000000 0.000000 0.000000
vn 0.970143 0.000000 -0.242536
v 531.694946 4588.814941 40.766571 0.000000 0.000000 0.000000
vn 0.948683 0.000000 -0.316228
v 531.694946 4589.276367 40.766571 0.000000 0.000000 0.000000
vn 0.948683 0.000000 -0.316228
v 531.694946 4589.506836 40.766571 0.000000 0.000000 0.000000
vn 0.948683 0.000000 -0.316228
v 531.694946 4589.737793 40.766571 0.000000 0.000000 0.000000
vn 0.894427 0.000000 -0.447214
v 531.694946 4590.122070 40.766571 0.000000 0.000000 0.000000
vn 0.894427 0.000000 -0.447214
v 531.694946 4590.275879 40.766571 0.000000 0.000000 0.000000
vn 0.948683 0.000000 -0.316228
v 531.694946 4590.660156 40.766571 0.000000 0.000000 0.000000
vn 0.000000 0.000000 -1.000000
v 531.694946 4590.890625 40.766571 0.000000 0.000000 0.000000
vn 0.948683 0.000000 -0.316228
v 531.694946 4591.044434 40.766571 0.000000 0.000000 0.000000
vn 0.948683 0.000000 -0.316228
v 531.694946 4591.198242 40.766571 0.000000 0.000000 0.000000
vn 0.894427 0.000000 -0.447214
v 531.694946 4591.313477 40.766571 0.000000 0.000000 0.000000
vn 0.000000 0.000000 1.000000
v 531.267822 4568.713867 53.202209 0.000000 0.000000 0.000000
vn 0.000000 1.000000 0.000000
v 531.267822 4591.313477 53.202209 0.000000 0.000000 0.000000
vn 0.000000 -1.000000 0.000000
v 531.267822 4568.713867 52.376404 0.000000 0.000000 0.000000
vn 0.000000 -1.000000 0.000000
v 531.267822 4568.713867 51.599178 0.000000 0.000000 0.000000
vn 0.000000 -1.000000 0.000000
v 531.267822 4568.713867 50.044724 0.000000 0.000000 0.000000
vn 0.000000 1.000000 0.000000
v 531.267822 4591.313477 48.490269 0.000000 0.000000 0.000000
vn 0.000000 -1.000000 0.000000
v 531.267822 4568.713867 47.324429 0.000000 0.000000 0.000000
vn -1.000000 0.000000 0.000000
v 531.267822 4568.713867 42.661064 0.000000 0.000000 0.000000
vn 0.000000 -1.000000 0.000000
v 531.267822 4568.713867 40.766571 0.000000 0.000000 0.000000
vn 0.000000 1.000000 0.000000
v 531.267822 4591.313477 40.766571 0.000000 0.000000 0.000000
vn 0.000000 0.000000 1.000000
v 531.267822 4571.404297 53.202209 0.000000 0.000000 0.000000
vn 0.000000 0.000000 -1.000000
v 531.267822 4571.519531 40.766571 0.000000 0.000000 0.000000
vn 0.000000 0.000000 -1.000000
v 531.267822 4572.134766 40.766571 0.000000 0.000000 0.000000
vn -1.000000 0.000000 0.000000
v 531.267822 4574.594238 40.766571 0.000000 0.000000 0.000000
vn 0.000000 0.000000 1.000000
v 531.267822 4575.094238 53.202209 0.000000 0.000000 0.000000
vn -1.000000 0.000000 0.000000
v 531.267822 4576.131836 40.766571 0.000000 0.000000 0.000000
vn 0.000000 0.000000 -1.000000
v 531.267822 4577.361816 40.766571 0.000000 0.000000 0.000000
vn 0.000000 0.000000 -1.000000
v 531.267822 4578.591797 40.766571 0.000000 0.000000 0.000000
vn -1.000000 0.000000 0.000000
v 531.267822 4579.821289 40.766571 0.000000 0.000000 0.000000
vn 0.000000 0.000000 1.000000
v 531.267822 4580.013672 53.202209 0.000000 0.000000 0.000000
vn 0.000000 0.000000 -1.000000
v 531.267822 4581.051270 40.766571 0.000000 0.000000 0.000000
vn -1.000000 0.000000 0.000000
v 531.267822 4581.666504 40.766571 0.000000 0.000000 0.000000
vn -1.000000 0.000000 0.000000
v 531.267822 4583.203613 40.766571 0.000000 0.000000 0.000000
vn 0.000000 0.000000 -1.000000
v 531.267822 4584.433594 40.766571 0.000000 0.000000 0.000000
vn -1.000000 0.000000 0.000000
v 531.267822 4585.663574 40.766571 0.000000 0.000000 0.000000
vn -1.000000 0.000000 0.000000
v 531.267822 4586.893555 40.766571 0.000000 0.000000 0.000000
vn -1.000000 0.000000 0.000000
v 531.267822 4588.123535 40.766571 0.000000 0.000000 0.000000
vn -1.000000 0.000000 0.000000
v 531.267822 4588.738281 40.766571 0.000000 0.000000 0.000000
vn 0.000000 0.000000 -1.000000
v 531.267822 4589.660645 40.766571 0.000000 0.000000 0.000000
vn 0.000000 0.000000 1.000000
v 531.267822 4591.083008 53.202209 0.000000 0.000000 0.000000
vn -1.000000 0.000000 0.000000
v 531.267822 4591.198242 40.766571 0.000000 0.000000 0.000000
vn -1.000000 0.000000 0.000000
v 531.267822 4591.274902 40.766571 0.000000 0.000000 0.000000
vn 0.000000 1.000000 0.000000
v 531.694946 4591.313477 52.424980 0.000000 0.000000 0.000000
vn 0.000000 1.000000 0.000000
v 531.267822 4591.313477 53.202209 0.000000 0.000000 0.000000
vn 0.000000 0.000000 1.000000
v 531.694946 4591.313477 53.202209 0.000000 0.000000 0.000000
vn 0.000000 0.000000 1.000000
v 531.267822 4591.313477 53.202209 0.000000 0.000000 0.000000
vn 0.000000 0.000000 1.000000
v 531.694946 4591.313477 53.202209 0.000000 0.000000 0.000000
vn 0.000000 0.000000 1.000000
v 531.267822 4591.083008 53.202209 0.000000 0.000000 0.000000
vn 0.000000 0.000000 1.000000
v 531.694946 4588.392578 53.202209 0.000000 0.000000 0.000000
vn 0.000000 0.000000 1.000000
v 531.267822 4591.083008 53.202209 0.000000 0.000000 0.000000
vn 0.000000 0.000000 1.000000
v 531.694946 4588.392578 53.202209 0.000000 0.000000 0.000000
vn 0.000000 0.000000 1.000000
v 531.267822 4580.013672 53.202209 0.000000 0.000000 0.000000
vn 0.000000 0.000000 1.000000
v 531.694946 4568.713867 53.202209 0.000000 0.000000 0.000000
vn 0.000000 0.000000 1.000000
v 531.267822 4580.013672 53.202209 0.000000 0.000000 0.000000
vn 0.000000 0.000000 1.000000
v 531.694946 4568.713867 53.202209 0.000000 0.000000 0.000000
vn 0.000000 0.000000 1.000000
v 531.267822 4575.094238 53.202209 0.000000 0.000000 0.000000
vn 0.000000 0.000000 1.000000
v 531.694946 4568.713867 53.202209 0.000000 0.000000 0.000000
vn 0.000000 0.000000 1.000000
v 531.267822 4571.404297 53.202209 0.000000 0.000000 0.000000
vn 0.000000 -1.000000 0.000000
v 531.694946 4568.713867 53.202209 0.000000 0.000000 0.000000
vn 0.000000 -1.000000 0.000000
v 531.267822 4568.713867 53.202209 0.000000 0.000000 0.000000
vn 0.000000 -1.000000 0.000000
v 531.694946 4568.713867 53.056480 0.000000 0.000000 0.000000
vn 0.000000 -1.000000 0.000000
v 531.267822 4568.713867 53.202209 0.000000 0.000000 0.000000
vn 0.000000 -1.000000 0.000000
v 531.694946 4568.713867 52.959324 0.000000 0.000000 0.000000
vn 0.000000 -1.000000 0.000000
v 531.267822 4568.713867 53.202209 0.000000 0.000000 0.000000
vn 0.000000 -1.000000 0.000000
v 531.694946 4568.713867 52.862171 0.000000 0.000000 0.000000
vn 0.000000 -1.000000 0.000000
v 531.267822 4568.713867 53.202209 0.000000 0.000000 0.000000
vn 0.000000 -1.000000 0.000000
v 531.694946 4568.713867 52.667866 0.000000 0.000000 0.000000
vn 0.000000 -1.000000 0.000000
v 531.267822 4568.713867 53.202209 0.000000 0.000000 0.000000
vn 0.000000 -1.000000 0.000000
v 531.694946 4568.713867 52.667866 0.000000 0.000000 0.000000
vn 0.000000 -1.000000 0.000000
v 531.267822 4568.713867 52.376404 0.000000 0.000000 0.000000
vn 0.000000 -1.000000 0.000000
v 531.694946 4568.713867 52.473557 0.000000 0.000000 0.000000
vn 0.000000 -1.000000 0.000000
v 531.267822 4568.713867 52.376404 0.000000 0.000000 0.000000
vn 0.000000 -1.000000 0.000000
v 531.694946 4568.713867 52.376404 0.000000 0.000000 0.000000
vn 0.000000 -1.000000 0.000000
v 531.267822 4568.713867 52.376404 0.000000 0.000000 0.000000
vn 0.000000 -1.000000 0.000000
v 531.694946 4568.713867 52.376404 0.000000 0.000000 0.000000
vn 0.000000 -1.000000 0.000000
v 531.267822 4568.713867 51.599178 0.000000 0.000000 0.000000
vn 0.000000 -1.000000 0.000000
v 531.694946 4568.713867 52.279251 0.000000 0.000000 0.000000
vn 0.000000 -1.000000 0.000000
v 531.267822 4568.713867 51.599178 0.000000 0.000000 0.000000
vn 0.000000 -1.000000 0.000000
v 531.694946 4568.713867 52.084946 0.000000 0.000000 0.000000
vn 0.000000 -1.000000 0.000000
v 531.267822 4568.713867 51.599178 0.000000 0.000000 0.000000
vn 0.000000 -1.000000 0.000000
v 531.694946 4568.713867 51.696331 0.000000 0.000000 0.000000
vn 0.000000 -1.000000 0.000000
v 531.267822 4568.713867 51.599178 0.000000 0.000000 0.000000
vn 0.000000 -1.000000 0.000000
v 531.694946 4568.713867 51.502022 0.000000 0.000000 0.000000
vn 0.000000 -1.000000 0.000000
v 531.267822 4568.713867 51.599178 0.000000 0.000000 0.000000
vn 0.000000 -1.000000 0.000000
v 531.694946 4568.713867 51.502022 0.000000 0.000000 0.000000
vn 0.000000 -1.000000 0.000000
v 531.267822 4568.713867 50.044724 0.000000 0.000000 0.000000
vn 0.000000 -1.000000 0.000000
v 531.694946 4568.713867 50.724796 0.000000 0.000000 0.000000
vn 0.000000 -1.000000 0.000000
v 531.267822 4568.713867 50.044724 0.000000 0.000000 0.000000
vn 0.000000 -1.000000 0.000000
v 531.694946 4568.713867 50.336182 0.000000 0.000000 0.000000
vn 0.000000 -1.000000 0.000000
v 531.267822 4568.713867 50.044724 0.000000 0.000000 0.000000
vn 0.000000 -1.000000 0.000000
v 531.694946 4568.713867 49.947571 0.000000 0.000000 0.000000
vn 0.000000 -1.000000 0.000000
v 531.267822 4568.713867 50.044724 0.000000 0.000000 0.000000
vn 0.000000 -1.000000 0.000000
v 531.694946 4568.713867 49.947571 0.000000 0.000000 0.000000
vn 0.000000 -1.000000 0.000000
v 531.267822 4568.713867 47.324429 0.000000 0.000000 0.000000
vn -1.000000 0.000000 0.000000
v 531.267822 4568.713867 50.044724 0.000000 0.000000 0.000000
vn -1.000000 0.000000 0.000000
v 531.267822 4568.713867 47.324429 0.000000 0.000000 0.000000
vn -1.000000 0.000000 0.000000
v 531.267822 4576.131836 40.766571 0.000000 0.000000 0.000000
vn -1.000000 0.000000 0.000000
v 531.267822 4568.713867 47.324429 0.000000 0.000000 0.000000
vn -1.000000 0.000000 0.000000
v 531.267822 4568.713867 47.324429 0.000000 0.000000 0.000000
vn -1.000000 0.000000 0.000000
v 531.267822 4574.594238 40.766571 0.000000 0.000000 0.000000
vn 0.000000 -1.000000 0.000000
v 531.267822 4568.713867 47.324429 0.000000 0.000000 0.000000
vn 0.000000 -1.000000 0.000000
v 531.267822 4568.713867 42.661064 0.000000 0.000000 0.000000
vn 0.000000 -1.000000 0.000000
v 531.694946 4568.713867 47.227272 0.000000 0.000000 0.000000
vn 0.000000 -1.000000 0.000000
v 531.267822 4568.713867 42.661064 0.000000 0.000000 0.000000
vn 0.000000 -1.000000 0.000000
v 531.694946 4568.713867 46.158585 0.000000 0.000000 0.000000
vn 0.000000 -1.000000 0.000000
v 531.267822 4568.713867 42.661064 0.000000 0.000000 0.000000
vn 0.000000 -1.000000 0.000000
v 531.694946 4568.713867 40.766571 0.000000 0.000000 0.000000
vn 0.000000 -1.000000 0.000000
v 531.267822 4568.713867 42.661064 0.000000 0.000000 0.000000
vn 0.000000 0.000000 -1.000000
v 531.694946 4568.713867 40.766571 0.000000 0.000000 0.000000
vn 0.000000 0.000000 -1.000000
v 531.267822 4568.713867 40.766571 0.000000 0.000000 0.000000
vn 0.000000 0.000000 -1.000000
v 531.694946 4569.213379 40.766571 0.000000 0.000000 0.000000
vn 0.000000 0.000000 -1.000000
v 531.267822 4568.713867 40.766571 0.000000 0.000000 0.000000
vn 0.000000 0.000000 -1.000000
v 531.694946 4569.828613 40.766571 0.000000 0.000000 0.000000
vn 0.000000 0.000000 -1.000000
v 531.267822 4568.713867 40.766571 0.000000 0.000000 0.000000
vn 0.000000 0.000000 -1.000000
v 531.694946 4570.289551 40.766571 0.000000 0.000000 0.000000
vn 0.000000 0.000000 -1.000000
v 531.267822 4568.713867 40.766571 0.000000 0.000000 0.000000
vn 0.000000 0.000000 -1.000000
v 531.694946 4570.289551 40.766571 0.000000 0.000000 0.000000
vn 0.000000 0.000000 -1.000000
v 531.267822 4571.519531 40.766571 0.000000 0.000000 0.000000
vn 0.000000 0.000000 -1.000000
v 531.694946 4570.443359 40.766571 0.000000 0.000000 0.000000
vn 0.000000 0.000000 -1.000000
v 531.267822 4571.519531 40.766571 0.000000 0.000000 0.000000
vn 0.000000 0.000000 -1.000000
v 531.694946 4570.750977 40.766571 0.000000 0.000000 0.000000
vn 0.000000 0.000000 -1.000000
v 531.267822 4571.519531 40.766571 0.000000 0.000000 0.000000
vn 0.000000 0.000000 -1.000000
v 531.694946 4570.827637 40.766571 0.000000 0.000000 0.000000
vn 0.000000 0.000000 -1.000000
v 531.267822 4571.519531 40.766571 0.000000 0.000000 0.000000
vn 0.000000 0.000000 -1.000000
v 531.694946 4570.981445 40.766571 0.000000 0.000000 0.000000
vn 0.000000 0.000000 -1.000000
v 531.267822 4571.519531 40.766571 0.000000 0.000000 0.000000
vn 0.000000 0.000000 -1.000000
v 531.694946 4571.519531 40.766571 0.000000 0.000000 0.000000
vn 0.000000 0.000000 -1.000000
v 531.267822 4571.519531 40.766571 0.000000 0.000000 0.000000
vn 0.000000 0.000000 -1.000000
v 531.694946 4571.519531 40.766571 0.000000 0.000000 0.000000
vn 0.000000 0.000000 -1.000000
v 531.267822 4572.134766 40.766571 0.000000 0.000000 0.000000
vn 0.000000 0.000000 -1.000000
v 531.694946 4571.827148 40.766571 0.000000 0.000000 0.000000
vn 0.000000 0.000000 -1.000000
v 531.267822 4572.134766 40.766571 0.000000 0.000000 0.000000
vn 0.000000 0.000000 -1.000000
v 531.694946 4572.057617 40.766571 0.000000 0.000000 0.000000
vn 0.000000 0.000000 -1.000000
v 531.267822 4572.134766 40.766571 0.000000 0.000000 0.000000
vn 0.000000 0.000000 -1.000000
v 531.694946 4572.134766 40.766571 0.000000 0.000000 0.000000
vn 0.000000 0.000000 -1.000000
v 531.267822 4572.134766 40.766571 0.000000 0.000000 0.000000
vn 0.000000 0.000000 -1.000000
v 531.267822 4574.594238 40.766571 0.000000 0.000000 0.000000
vn 0.000000 0.000000 -1.000000
v 531.694946 4572.134766 40.766571 0.000000 0.000000 0.000000
vn 0.000000 0.000000 -1.000000
v 531.267822 4574.594238 40.766571 0.000000 0.000000 0.000000
vn 0.000000 0.000000 -1.000000
v 531.694946 4572.595703 40.766571 0.000000 0.000000 0.000000
vn 0.000000 0.000000 -1.000000
v 531.267822 4574.594238 40.766571 0.000000 0.000000 0.000000
vn 0.000000 0.000000 -1.000000
v 531.694946 4573.364258 40.766571 0.000000 0.000000 0.000000
vn 0.000000 0.000000 -1.000000
v 531.267822 4574.594238 40.766571 0.000000 0.000000 0.000000
vn 0.000000 0.000000 -1.000000
v 531.694946 4574.440430 40.766571 0.000000 0.000000 0.000000
vn 0.000000 0.000000 -1.000000
v 531.267822 4574.594238 40.766571 0.000000 0.000000 0.000000
vn 0.000000 -1.000000 0.000000
v 531.267822 4568.713867 47.324429 0.000000 0.000000 0.000000
vn 0.000000 -1.000000 0.000000
v 531.694946 4568.713867 48.295963 0.000000 0.000000 0.000000
vn 0.000000 -1.000000 0.000000
v 531.267822 4568.713867 47.324429 0.000000 0.000000 0.000000
vn 0.000000 -1.000000 0.000000
v 531.694946 4568.713867 48.781731 0.000000 0.000000 0.000000
vn 0.000000 -1.000000 0.000000
v 531.267822 4568.713867 47.324429 0.000000 0.000000 0.000000
vn 0.000000 1.000000 0.000000
v 531.694946 4591.313477 51.161987 0.000000 0.000000 0.000000
vn 0.000000 1.000000 0.000000
v 531.267822 4591.313477 48.490269 0.000000 0.000000 0.000000
vn 0.000000 1.000000 0.000000
v 531.267822 4591.313477 53.202209 0.000000 0.000000 0.000000
vn 0.000000 1.000000 0.000000
v 531.694946 4591.313477 50.821949 0.000000 0.000000 0.000000
vn 0.000000 1.000000 0.000000
v 531.267822 4591.313477 48.490269 0.000000 0.000000 0.000000
vn 0.000000 1.000000 0.000000
v 531.694946 4591.313477 49.947571 0.000000 0.000000 0.000000
vn 0.000000 1.000000 0.000000
v 531.267822 4591.313477 48.490269 0.000000 0.000000 0.000000
vn 0.000000 1.000000 0.000000
v 531.694946 4591.313477 49.850418 0.000000 0.000000 0.000000
vn 0.000000 1.000000 0.000000
v 531.267822 4591.313477 48.490269 0.000000 0.000000 0.000000
vn 0.000000 1.000000 0.000000
v 531.694946 4591.313477 49.461803 0.000000 0.000000 0.000000
vn 0.000000 1.000000 0.000000
v 531.267822 4591.313477 48.490269 0.000000 0.000000 0.000000
vn 0.000000 1.000000 0.000000
v 531.694946 4591.313477 48.490269 0.000000 0.000000 0.000000
vn 0.000000 1.000000 0.000000
v 531.267822 4591.313477 48.490269 0.000000 0.000000 0.000000
vn 0.000000 1.000000 0.000000
v 531.694946 4591.313477 48.004501 0.000000 0.000000 0.000000
vn 0.000000 1.000000 0.000000
v 531.267822 4591.313477 48.490269 0.000000 0.000000 0.000000
vn -1.000000 0.000000 0.000000
v 531.267822 4591.313477 48.490269 0.000000 0.000000 0.000000
vn -1.000000 0.000000 0.000000
v 531.267822 4591.313477 40.766571 0.000000 0.000000 0.000000
vn -1.000000 0.000000 0.000000
v 531.267822 4591.083008 53.202209 0.000000 0.000000 0.000000
vn -1.000000 0.000000 0.000000
v 531.267822 4591.313477 40.766571 0.000000 0.000000 0.000000
vn -1.000000 0.000000 0.000000
v 531.267822 4591.083008 53.202209 0.000000 0.000000 0.000000
vn -1.000000 0.000000 0.000000
v 531.267822 4591.274902 40.766571 0.000000 0.000000 0.000000
vn -1.000000 0.000000 0.000000
v 531.267822 4591.083008 53.202209 0.000000 0.000000 0.000000
vn 0.000000 0.000000 -1.000000
v 531.267822 4591.198242 40.766571 0.000000 0.000000 0.000000
vn 0.000000 0.000000 -1.000000
v 531.267822 4591.274902 40.766571 0.000000 0.000000 0.000000
vn 0.000000 0.000000 -1.000000
v 531.694946 4591.198242 40.766571 0.000000 0.000000 0.000000
vn 0.000000 0.000000 -1.000000
v 531.267822 4591.274902 40.766571 0.000000 0.000000 0.000000
vn 0.000000 1.000000 0.000000
v 531.694946 4591.313477 40.766571 0.000000 0.000000 0.000000
vn 0.000000 1.000000 0.000000
v 531.267822 4591.313477 40.766571 0.000000 0.000000 0.000000
vn 0.000000 1.000000 0.000000
v 531.694946 4591.313477 43.972633 0.000000 0.000000 0.000000
vn 0.000000 1.000000 0.000000
v 531.267822 4591.313477 40.766571 0.000000 0.000000 0.000000
vn 0.000000 1.000000 0.000000
v 531.694946 4591.313477 44.604130 0.000000 0.000000 0.000000
vn 0.000000 1.000000 0.000000
v 531.267822 4591.313477 40.766571 0.000000 0.000000 0.000000
vn 0.000000 1.000000 0.000000
v 531.694946 4591.313477 45.672821 0.000000 0.000000 0.000000
vn 0.000000 1.000000 0.000000
v 531.267822 4591.313477 40.766571 0.000000 0.000000 0.000000
vn 0.000000 0.000000 -1.000000
v 531.267822 4591.198242 40.766571 0.000000 0.000000 0.000000
vn 0.000000 0.000000 -1.000000
v 531.694946 4590.890625 40.766571 0.000000 0.000000 0.000000
vn 0.000000 0.000000 -1.000000
v 531.267822 4591.198242 40.766571 0.000000 0.000000 0.000000
vn 0.000000 0.000000 -1.000000
v 531.694946 4590.660156 40.766571 0.000000 0.000000 0.000000
vn 0.000000 0.000000 -1.000000
v 531.267822 4591.198242 40.766571 0.000000 0.000000 0.000000
vn 0.000000 0.000000 -1.000000
v 531.694946 4590.275879 40.766571 0.000000 0.000000 0.000000
vn 0.000000 0.000000 -1.000000
v 531.267822 4591.198242 40.766571 0.000000 0.000000 0.000000
vn 0.000000 0.000000 -1.000000
v 531.694946 4590.122070 40.766571 0.000000 0.000000 0.000000
vn 0.000000 0.000000 -1.000000
v 531.267822 4591.198242 40.766571 0.000000 0.000000 0.000000
vn 0.000000 0.000000 -1.000000
v 531.694946 4589.737793 40.766571 0.000000 0.000000 0.000000
vn 0.000000 0.000000 -1.000000
v 531.267822 4591.198242 40.766571 0.000000 0.000000 0.000000
vn -1.000000 0.000000 0.000000
v 531.267822 4591.198242 40.766571 0.000000 0.000000 0.000000
vn -1.000000 0.000000 0.000000
v 531.267822 4589.660645 40.766571 0.000000 0.000000 0.000000
vn -1.000000 0.000000 0.000000
v 531.267822 4580.013672 53.202209 0.000000 0.000000 0.000000
vn -1.000000 0.000000 0.000000
v 531.267822 4589.660645 40.766571 0.000000 0.000000 0.000000
vn -1.000000 0.000000 0.000000
v 531.267822 4580.013672 53.202209 0.000000 0.000000 0.000000
vn -1.000000 0.000000 0.000000
v 531.267822 4588.738281 40.766571 0.000000 0.000000 0.000000
vn -1.000000 0.000000 0.000000
v 531.267822 4580.013672 53.202209 0.000000 0.000000 0.000000
vn -1.000000 0.000000 0.000000
v 531.267822 4588.123535 40.766571 0.000000 0.000000 0.000000
vn -1.000000 0.000000 0.000000
v 531.267822 4580.013672 53.202209 0.000000 0.000000 0.000000
vn -1.000000 0.000000 0.000000
v 531.267822 4586.893555 40.766571 0.000000 0.000000 0.000000
vn -1.000000 0.000000 0.000000
v 531.267822 4580.013672 53.202209 0.000000 0.000000 0.000000
vn 0.000000 0.000000 -1.000000
v 531.267822 4585.663574 40.766571 0.000000 0.000000 0.000000
vn 0.000000 0.000000 -1.000000
v 531.267822 4586.893555 40.766571 0.000000 0.000000 0.000000
vn 0.000000 0.000000 -1.000000
v 531.694946 4585.740234 40.766571 0.000000 0.000000 0.000000
vn 0.000000 0.000000 -1.000000
v 531.267822 4586.893555 40.766571 0.000000 0.000000 0.000000
vn 0.000000 0.000000 -1.000000
v 531.694946 4585.971191 40.766571 0.000000 0.000000 0.000000
vn 0.000000 0.000000 -1.000000
v 531.267822 4586.893555 40.766571 0.000000 0.000000 0.000000
vn 0.000000 0.000000 -1.000000
v 531.694946 4586.201660 40.766571 0.000000 0.000000 0.000000
vn 0.000000 0.000000 -1.000000
v 531.267822 4586.893555 40.766571 0.000000 0.000000 0.000000
vn 0.000000 0.000000 -1.000000
v 531.694946 4586.355469 40.766571 0.000000 0.000000 0.000000
vn 0.000000 0.000000 -1.000000
v 531.267822 4586.893555 40.766571 0.000000 0.000000 0.000000
vn 0.000000 0.000000 -1.000000
v 531.694946 4586.816406 40.766571 0.000000 0.000000 0.000000
vn 0.000000 0.000000 -1.000000
v 531.267822 4586.893555 40.766571 0.000000 0.000000 0.000000
vn 0.000000 0.000000 -1.000000
v 531.267822 4585.663574 40.766571 0.000000 0.000000 0.000000
vn 0.000000 0.000000 -1.000000
v 531.694946 4585.048340 40.766571 0.000000 0.000000 0.000000
vn 0.000000 0.000000 -1.000000
v 531.267822 4585.663574 40.766571 0.000000 0.000000 0.000000
vn 0.000000 0.000000 -1.000000
v 531.694946 4584.971680 40.766571 0.000000 0.000000 0.000000
vn 0.000000 0.000000 -1.000000
v 531.267822 4585.663574 40.766571 0.000000 0.000000 0.000000
vn 0.000000 0.000000 -1.000000
v 531.694946 4584.664063 40.766571 0.000000 0.000000 0.000000
vn 0.000000 0.000000 -1.000000
v 531.267822 4585.663574 40.766571 0.000000 0.000000 0.000000
vn -1.000000 0.000000 0.000000
v 531.267822 4585.663574 40.766571 0.000000 0.000000 0.000000
vn -1.000000 0.000000 0.000000
v 531.267822 4584.433594 40.766571 0.000000 0.000000 0.000000
vn -1.000000 0.000000 0.000000
v 531.267822 4575.094238 53.202209 0.000000 0.000000 0.000000
vn -1.000000 0.000000 0.000000
v 531.267822 4584.433594 40.766571 0.000000 0.000000 0.000000
vn -1.000000 0.000000 0.000000
v 531.267822 4575.094238 53.202209 0.000000 0.000000 0.000000
vn -1.000000 0.000000 0.000000
v 531.267822 4583.203613 40.766571 0.000000 0.000000 0.000000
vn -1.000000 0.000000 0.000000
v 531.267822 4575.094238 53.202209 0.000000 0.000000 0.000000
vn 0.000000 0.000000 -1.000000
v 531.267822 4581.666504 40.766571 0.000000 0.000000 0.000000
vn 0.000000 0.000000 -1.000000
v 531.267822 4583.203613 40.766571 0.000000 0.000000 0.000000
vn 0.000000 0.000000 -1.000000
v 531.694946 4581.666504 40.766571 0.000000 0.000000 0.000000
vn 0.000000 0.000000 -1.000000
v 531.267822 4583.203613 40.766571 0.000000 0.000000 0.000000
vn 0.000000 0.000000 -1.000000
v 531.694946 4582.050781 40.766571 0.000000 0.000000 0.000000
vn 0.000000 0.000000 -1.000000
v 531.267822 4583.203613 40.766571 0.000000 0.000000 0.000000
vn 0.000000 0.000000 -1.000000
v 531.694946 4582.204590 40.766571 0.000000 0.000000 0.000000
vn 0.000000 0.000000 -1.000000
v 531.267822 4583.203613 40.766571 0.000000 0.000000 0.000000
vn 0.000000 0.000000 -1.000000
v 531.694946 4582.588867 40.766571 0.000000 0.000000 0.000000
vn 0.000000 0.000000 -1.000000
v 531.267822 4583.203613 40.766571 0.000000 0.000000 0.000000
vn 0.000000 0.000000 -1.000000
v 531.694946 4582.973145 40.766571 0.000000 0.000000 0.000000
vn 0.000000 0.000000 -1.000000
v 531.267822 4583.203613 40.766571 0.000000 0.000000 0.000000
vn 0.000000 0.000000 -1.000000
v 531.267822 4584.433594 40.766571 0.000000 0.000000 0.000000
vn 0.000000 0.000000 -1.000000
v 531.694946 4583.972168 40.766571 0.000000 0.000000 0.000000
vn 0.000000 0.000000 -1.000000
v 531.267822 4584.433594 40.766571 0.000000 0.000000 0.000000
vn 0.000000 0.000000 -1.000000
v 531.694946 4583.665039 40.766571 0.000000 0.000000 0.000000
vn 0.000000 0.000000 -1.000000
v 531.694946 4583.434082 40.766571 0.000000 0.000000 0.000000
vn 0.000000 0.000000 -1.000000
v 531.267822 4584.433594 40.766571 0.000000 0.000000 0.000000
vn 0.000000 0.000000 -1.000000
v 531.694946 4581.512695 40.766571 0.000000 0.000000 0.000000
vn 0.000000 0.000000 -1.000000
v 531.267822 4581.051270 40.766571 0.000000 0.000000 0.000000
vn 0.000000 0.000000 -1.000000
v 531.267822 4581.666504 40.766571 0.000000 0.000000 0.000000
vn -1.000000 0.000000 0.000000
v 531.267822 4581.666504 40.766571 0.000000 0.000000 0.000000
vn -1.000000 0.000000 0.000000
v 531.267822 4581.051270 40.766571 0.000000 0.000000 0.000000
vn -1.000000 0.000000 0.000000
v 531.267822 4571.404297 53.202209 0.000000 0.000000 0.000000
vn -1.000000 0.000000 0.000000
v 531.267822 4581.051270 40.766571 0.000000 0.000000 0.000000
vn -1.000000 0.000000 0.000000
v 531.267822 4571.404297 53.202209 0.000000 0.000000 0.000000
vn 0.000000 0.000000 -1.000000
v 531.267822 4579.821289 40.766571 0.000000 0.000000 0.000000
vn 0.000000 0.000000 -1.000000
v 531.267822 4581.051270 40.766571 0.000000 0.000000 0.000000
vn 0.000000 0.000000 -1.000000
v 531.694946 4579.975098 40.766571 0.000000 0.000000 0.000000
vn 0.000000 0.000000 -1.000000
v 531.267822 4581.051270 40.766571 0.000000 0.000000 0.000000
vn 0.000000 0.000000 -1.000000
v 531.694946 4580.513184 40.766571 0.000000 0.000000 0.000000
vn 0.000000 0.000000 -1.000000
v 531.267822 4581.051270 40.766571 0.000000 0.000000 0.000000
vn 0.000000 0.000000 -1.000000
v 531.694946 4580.590332 40.766571 0.000000 0.000000 0.000000
vn 0.000000 0.000000 -1.000000
v 531.267822 4581.051270 40.766571 0.000000 0.000000 0.000000
vn 0.000000 0.000000 -1.000000
v 531.267822 4579.821289 40.766571 0.000000 0.000000 0.000000
vn 0.000000 0.000000 -1.000000
v 531.694946 4579.206543 40.766571 0.000000 0.000000 0.000000
vn 0.000000 0.000000 -1.000000
v 531.267822 4579.821289 40.766571 0.000000 0.000000 0.000000
vn 0.000000 0.000000 -1.000000
v 531.694946 4578.745117 40.766571 0.000000 0.000000 0.000000
vn 0.000000 0.000000 -1.000000
v 531.267822 4579.821289 40.766571 0.000000 0.000000 0.000000
vn -1.000000 0.000000 0.000000
v 531.267822 4579.821289 40.766571 0.000000 0.000000 0.000000
vn -1.000000 0.000000 0.000000
v 531.267822 4578.591797 40.766571 0.000000 0.000000 0.000000
vn -1.000000 0.000000 0.000000
v 531.267822 4568.713867 53.202209 0.000000 0.000000 0.000000
vn 0.000000 0.000000 -1.000000
v 531.694946 4578.745117 40.766571 0.000000 0.000000 0.000000
vn 0.000000 0.000000 -1.000000
v 531.267822 4578.591797 40.766571 0.000000 0.000000 0.000000
vn 0.000000 0.000000 -1.000000
v 531.694946 4578.130371 40.766571 0.000000 0.000000 0.000000
vn 0.000000 0.000000 -1.000000
v 531.267822 4578.591797 40.766571 0.000000 0.000000 0.000000
vn 0.000000 0.000000 -1.000000
v 531.694946 4577.668945 40.766571 0.000000 0.000000 0.000000
vn 0.000000 0.000000 -1.000000
v 531.267822 4578.591797 40.766571 0.000000 0.000000 0.000000
vn -1.000000 0.000000 0.000000
v 531.267822 4578.591797 40.766571 0.000000 0.000000 0.000000
vn -1.000000 0.000000 0.000000
v 531.267822 4577.361816 40.766571 0.000000 0.000000 0.000000
vn -1.000000 0.000000 0.000000
v 531.267822 4568.713867 51.599178 0.000000 0.000000 0.000000
vn 0.000000 0.000000 -1.000000
v 531.694946 4577.668945 40.766571 0.000000 0.000000 0.000000
vn 0.000000 0.000000 -1.000000
v 531.267822 4577.361816 40.766571 0.000000 0.000000 0.000000
vn 0.000000 0.000000 -1.000000
v 531.694946 4577.130859 40.766571 0.000000 0.000000 0.000000
vn 0.000000 0.000000 -1.000000
v 531.267822 4577.361816 40.766571 0.000000 0.000000 0.000000
vn 0.000000 0.000000 -1.000000
v 531.694946 4576.823730 40.766571 0.000000 0.000000 0.000000
vn 0.000000 0.000000 -1.000000
v 531.267822 4577.361816 40.766571 0.000000 0.000000 0.000000
vn 0.000000 0.000000 -1.000000
v 531.694946 4576.362305 40.766571 0.000000 0.000000 0.000000
vn 0.000000 0.000000 -1.000000
v 531.267822 4576.131836 40.766571 0.000000 0.000000 0.000000
vn 0.000000 0.000000 -1.000000
v 531.267822 4577.361816 40.766571 0.000000 0.000000 0.000000
vn 0.000000 0.000000 -1.000000
v 531.694946 4576.362305 40.766571 0.000000 0.000000 0.000000
vn 0.000000 0.000000 -1.000000
v 531.267822 4576.131836 40.766571 0.000000 0.000000 0.000000
vn 0.000000 0.000000 -1.000000
v 531.694946 4575.747559 40.766571 0.000000 0.000000 0.000000
vn 0.000000 0.000000 -1.000000
v 531.267822 4576.131836 40.766571 0.000000 0.000000 0.000000
vn 0.000000 0.000000 -1.000000
v 531.694946 4579.975098 40.766571 0.000000 0.000000 0.000000
vn 0.000000 0.000000 -1.000000
v 531.694946 4579.590820 40.766571 0.000000 0.000000 0.000000
vn 0.000000 0.000000 -1.000000
v 531.267822 4579.821289 40.766571 0.000000 0.000000 0.000000
vn 0.000000 0.000000 -1.000000
v 531.694946 4580.743652 40.766571 0.000000 0.000000 0.000000
vn 0.000000 0.000000 -1.000000
v 531.694946 4580.666992 40.766571 0.000000 0.000000 0.000000
vn 0.000000 0.000000 -1.000000
v 531.267822 4581.051270 40.766571 0.000000 0.000000 0.000000
vn 0.000000 0.000000 -1.000000
v 531.694946 4581.666504 40.766571 0.000000 0.000000 0.000000
vn 0.000000 0.000000 -1.000000
v 531.694946 4581.512695 40.766571 0.000000 0.000000 0.000000
vn 0.000000 0.000000 -1.000000
v 531.267822 4581.666504 40.766571 0.000000 0.000000 0.000000
vn 0.000000 0.000000 -1.000000
v 531.694946 4583.434082 40.766571 0.000000 0.000000 0.000000
vn 0.000000 0.000000 -1.000000
v 531.267822 4583.203613 40.766571 0.000000 0.000000 0.000000
vn 0.000000 0.000000 -1.000000
v 531.267822 4584.433594 40.766571 0.000000 0.000000 0.000000
vn 0.000000 0.000000 -1.000000
v 531.694946 4584.664063 40.766571 0.000000 0.000000 0.000000
vn 0.000000 0.000000 -1.000000
v 531.694946 4584.279785 40.766571 0.000000 0.000000 0.000000
vn 0.000000 0.000000 -1.000000
v 531.267822 4584.433594 40.766571 0.000000 0.000000 0.000000
vn 0.000000 0.000000 -1.000000
v 531.267822 4589.660645 40.766571 0.000000 0.000000 0.000000
vn 0.000000 0.000000 -1.000000
v 531.694946 4589.276367 40.766571 0.000000 0.000000 0.000000
vn 0.000000 0.000000 -1.000000
v 531.267822 4589.660645 40.766571 0.000000 0.000000 0.000000
vn 0.000000 0.000000 -1.000000
v 531.267822 4588.123535 40.766571 0.000000 0.000000 0.000000
vn 0.000000 0.000000 -1.000000
v 531.694946 4587.969727 40.766571 0.000000 0.000000 0.000000
vn 0.000000 0.000000 -1.000000
v 531.267822 4588.123535 40.766571 0.000000 0.000000 0.000000
vn 0.000000 0.000000 -1.000000
v 531.694946 4587.585449 40.766571 0.000000 0.000000 0.000000
vn 0.000000 0.000000 -1.000000
v 531.694946 4587.047363 40.766571 0.000000 0.000000 0.000000
vn 0.000000 0.000000 -1.000000
v 531.267822 4588.123535 40.766571 0.000000 0.000000 0.000000
vn 0.000000 0.000000 -1.000000
v 531.694946 4588.123535 40.766571 0.000000 0.000000 0.000000
vn 0.000000 0.000000 -1.000000
v 531.267822 4588.738281 40.766571 0.000000 0.000000 0.000000
vn 0.000000 0.000000 -1.000000
v 531.694946 4588.200195 40.766571 0.000000 0.000000 0.000000
vn 0.000000 0.000000 -1.000000
v 531.267822 4588.738281 40.766571 0.000000 0.000000 0.000000
vn 0.000000 0.000000 -1.000000
v 531.694946 4588.814941 40.766571 0.000000 0.000000 0.000000
vn 0.000000 0.000000 -1.000000
v 531.694946 4588.507813 40.766571 0.000000 0.000000 0.000000
vn 0.000000 0.000000 -1.000000
v 531.267822 4588.738281 40.766571 0.000000 0.000000 0.000000
vn 0.000000 0.000000 -1.000000
v 531.694946 4585.740234 40.766571 0.000000 0.000000 0.000000
vn 0.000000 0.000000 -1.000000
v 531.694946 4585.433105 40.766571 0.000000 0.000000 0.000000
vn 0.000000 0.000000 -1.000000
v 531.267822 4585.663574 40.766571 0.000000 0.000000 0.000000
vn 0.000000 0.000000 -1.000000
v 531.694946 4587.047363 40.766571 0.000000 0.000000 0.000000
vn 0.000000 0.000000 -1.000000
v 531.267822 4586.893555 40.766571 0.000000 0.000000 0.000000
vn 0.000000 0.000000 -1.000000
v 531.267822 4588.123535 40.766571 0.000000 0.000000 0.000000
vn 0.000000 0.000000 -1.000000
v 531.694946 4588.123535 40.766571 0.000000 0.000000 0.000000
vn 0.000000 0.000000 -1.000000
v 531.267822 4588.123535 40.766571 0.000000 0.000000 0.000000
vn 0.000000 0.000000 -1.000000
v 531.267822 4588.738281 40.766571 0.000000 0.000000 0.000000
vn 0.000000 0.000000 -1.000000
v 531.694946 4588.814941 40.766571 0.000000 0.000000 0.000000
vn 0.000000 0.000000 -1.000000
v 531.267822 4588.738281 40.766571 0.000000 0.000000 0.000000
vn 0.000000 0.000000 -1.000000
v 531.267822 4589.660645 40.766571 0.000000 0.000000 0.000000
vn 0.000000 0.000000 -1.000000
v 531.694946 4589.737793 40.766571 0.000000 0.000000 0.000000
vn 0.000000 0.000000 -1.000000
v 531.694946 4589.506836 40.766571 0.000000 0.000000 0.000000
vn 0.000000 0.000000 -1.000000
v 531.267822 4589.660645 40.766571 0.000000 0.000000 0.000000
vn 0.000000 0.000000 -1.000000
v 531.694946 4591.198242 40.766571 0.000000 0.000000 0.000000
vn 0.000000 0.000000 -1.000000
v 531.694946 4591.044434 40.766571 0.000000 0.000000 0.000000
vn 0.000000 0.000000 -1.000000
v 531.267822 4591.198242 40.766571 0.000000 0.000000 0.000000
vn 0.000000 0.000000 -1.000000
v 531.694946 4591.313477 40.766571 0.000000 0.000000 0.000000
vn 0.000000 0.000000 -1.000000
v 531.267822 4591.274902 40.766571 0.000000 0.000000 0.000000
vn 0.000000 0.000000 -1.000000
v 531.267822 4591.313477 40.766571 0.000000 0.000000 0.000000
vn 0.000000 1.000000 0.000000
v 531.694946 4591.313477 48.004501 0.000000 0.000000 0.000000
vn 0.000000 1.000000 0.000000
v 531.694946 4591.313477 47.615887 0.000000 0.000000 0.000000
vn 0.000000 1.000000 0.000000
v 531.267822 4591.313477 40.766571 0.000000 0.000000 0.000000
vn 0.000000 0.000000 -1.000000
v 531.694946 4575.286133 40.766571 0.000000 0.000000 0.000000
vn 0.000000 0.000000 -1.000000
v 531.694946 4574.901855 40.766571 0.000000 0.000000 0.000000
vn 0.000000 0.000000 -1.000000
v 531.267822 4576.131836 40.766571 0.000000 0.000000 0.000000
vn -1.000000 0.000000 0.000000
v 531.267822 4572.134766 40.766571 0.000000 0.000000 0.000000
vn -1.000000 0.000000 0.000000
v 531.267822 4571.519531 40.766571 0.000000 0.000000 0.000000
vn -1.000000 0.000000 0.000000
v 531.267822 4568.713867 42.661064 0.000000 0.000000 0.000000
vn -1.000000 0.000000 0.000000
v 531.267822 4571.519531 40.766571 0.000000 0.000000 0.000000
vn -1.000000 0.000000 0.000000
v 531.267822 4568.713867 40.766571 0.000000 0.000000 0.000000
vn -1.000000 0.000000 0.000000
v 531.267822 4568.713867 42.661064 0.000000 0.000000 0.000000
vn 0.000000 -1.000000 0.000000
v 531.694946 4568.713867 47.227272 0.000000 0.000000 0.000000
vn 0.000000 -1.000000 0.000000
v 531.694946 4568.713867 47.713039 0.000000 0.000000 0.000000
vn 0.000000 -1.000000 0.000000
v 531.267822 4568.713867 47.324429 0.000000 0.000000 0.000000
vn -1.000000 0.000000 0.000000
v 531.267822 4574.594238 40.766571 0.000000 0.000000 0.000000
vn -1.000000 0.000000 0.000000
v 531.267822 4572.134766 40.766571 0.000000 0.000000 0.000000
vn -1.000000 0.000000 0.000000
v 531.267822 4568.713867 42.661064 0.000000 0.000000 0.000000
vn 0.000000 0.000000 -1.000000
v 531.694946 4574.901855 40.766571 0.000000 0.000000 0.000000
vn 0.000000 0.000000 -1.000000
v 531.267822 4574.594238 40.766571 0.000000 0.000000 0.000000
vn 0.000000 0.000000 -1.000000
v 531.267822 4576.131836 40.766571 0.000000 0.000000 0.000000
vn -1.000000 0.000000 0.000000
v 531.267822 4577.361816 40.766571 0.000000 0.000000 0.000000
vn -1.000000 0.000000 0.000000
v 531.267822 4576.131836 40.766571 0.000000 0.000000 0.000000
vn -1.000000 0.000000 0.000000
v 531.267822 4568.713867 50.044724 0.000000 0.000000 0.000000
vn -1.000000 0.000000 0.000000
v 531.267822 4568.713867 51.599178 0.000000 0.000000 0.000000
vn -1.000000 0.000000 0.000000
v 531.267822 4577.361816 40.766571 0.000000 0.000000 0.000000
vn -1.000000 0.000000 0.000000
v 531.267822 4568.713867 50.044724 0.000000 0.000000 0.000000
vn -1.000000 0.000000 0.000000
v 531.267822 4568.713867 52.376404 0.000000 0.000000 0.000000
vn -1.000000 0.000000 0.000000
v 531.267822 4578.591797 40.766571 0.000000 0.000000 0.000000
vn -1.000000 0.000000 0.000000
v 531.267822 4568.713867 51.599178 0.000000 0.000000 0.000000
vn -1.000000 0.000000 0.000000
v 531.267822 4568.713867 53.202209 0.000000 0.000000 0.000000
vn -1.000000 0.000000 0.000000
v 531.267822 4578.591797 40.766571 0.000000 0.000000 0.000000
vn -1.000000 0.000000 0.000000
v 531.267822 4568.713867 52.376404 0.000000 0.000000 0.000000
vn -1.000000 0.000000 0.000000
v 531.267822 4571.404297 53.202209 0.000000 0.000000 0.000000
vn -1.000000 0.000000 0.000000
v 531.267822 4579.821289 40.766571 0.000000 0.000000 0.000000
vn -1.000000 0.000000 0.000000
v 531.267822 4568.713867 53.202209 0.000000 0.000000 0.000000
vn -1.000000 0.000000 0.000000
v 531.267822 4575.094238 53.202209 0.000000 0.000000 0.000000
vn -1.000000 0.000000 0.000000
v 531.267822 4581.666504 40.766571 0.000000 0.000000 0.000000
vn -1.000000 0.000000 0.000000
v 531.267822 4571.404297 53.202209 0.000000 0.000000 0.000000
vn -1.000000 0.000000 0.000000
v 531.267822 4580.013672 53.202209 0.000000 0.000000 0.000000
vn -1.000000 0.000000 0.000000
v 531.267822 4585.663574 40.766571 0.000000 0.000000 0.000000
vn -1.000000 0.000000 0.000000
v 531.267822 4575.094238 53.202209 0.000000 0.000000 0.000000
vn -1.000000 0.000000 0.000000
v 531.267822 4591.083008 53.202209 0.000000 0.000000 0.000000
vn -1.000000 0.000000 0.000000
v 531.267822 4591.198242 40.766571 0.000000 0.000000 0.000000
vn -1.000000 0.000000 0.000000
v 531.267822 4580.013672 53.202209 0.000000 0.000000 0.000000
vn -1.000000 0.000000 0.000000
v 531.267822 4591.313477 53.202209 0.000000 0.000000 0.000000
vn -1.000000 0.000000 0.000000
v 531.267822 4591.313477 48.490269 0.000000 0.000000 0.000000
vn -1.000000 0.000000 0.000000
v 531.267822 4591.083008 53.202209 0.000000 0.000000 0.000000
vn 0.000000 1.000000 0.000000
v 531.694946 4591.313477 52.036369 0.000000 0.000000 0.000000
vn 0.000000 1.000000 0.000000
v 531.694946 4591.313477 51.161987 0.000000 0.000000 0.000000
vn 0.000000 1.000000 0.000000
v 531.267822 4591.313477 53.202209 0.000000 0.000000 0.000000
vn 0.000000 -1.000000 0.000000
v 531.694946 4568.713867 49.267494 0.000000 0.000000 0.000000
vn 0.000000 -1.000000 0.000000
v 531.694946 4568.713867 49.656109 0.000000 0.000000 0.000000
vn 0.000000 -1.000000 0.000000
v 531.267822 4568.713867 47.324429 0.000000 0.000000 0.000000
# 4143 vertices, 0 vertices normals


usemtl material_0
vt 0.199677 0.435782
f 334/1/334 431/1/431 335/1/335
f 487/1/487 488/1/488 422/1/422

usemtl material_1
vt 0.999998 0.000000
vt 0.500197 0.024463
vt 0.999998 0.025441
f 276/2/276 353/3/353 350/4/350
vt 0.999998 0.000979
f 276/2/276 350/4/350 265/5/265
vt 0.899961 0.000000
vt 0.787514 0.000000
f 276/2/276 269/6/269 270/7/270
vt 0.500197 0.000000
f 276/2/276 270/7/270 279/8/279
vt 0.537415 0.000000
f 270/7/270 282/9/282 279/8/279
vt 0.281113 0.000000
f 285/10/285 279/8/279 282/9/282
vt 0.575027 0.000000
f 285/10/285 282/9/282 49/11/49
vt 0.550218 0.000000
f 49/11/49 283/12/283 285/10/285
vt 0.474990 0.000000
f 283/12/283 47/13/47 285/10/285
vt 0.231092 0.000000
f 274/14/274 285/10/285 47/13/47
vt 0.449777 0.000000
f 47/13/47 281/15/281 274/14/274
vt 0.212486 0.000000
f 284/16/284 274/14/274 281/15/281
vt 0.318528 0.000000
f 281/15/281 272/17/272 284/16/284
vt 0.106040 0.000000
f 271/18/271 284/16/284 272/17/272
vt 0.424969 0.000000
f 271/18/271 272/17/272 67/19/67
vt -0.000002 0.001060
f 144/20/144 271/18/271 67/19/67
f 67/19/67 289/19/289 144/20/144
vt -0.000002 0.025442
f 289/19/289 358/21/358 144/20/144
vt -0.000002 0.000000
f 275/22/275 273/18/273 284/16/284
f 274/14/274 273/18/273 275/22/275
vt -0.000002 0.025441
f 275/22/275 144/20/144 348/23/348
f 348/23/348 353/3/353 275/22/275
f 279/8/279 275/22/275 353/3/353
vt 0.493796 0.025441
f 353/3/353 348/23/348 347/24/347
vt 0.975189 0.025441
f 347/24/347 351/25/351 353/3/353
f 350/4/350 353/3/353 351/25/351
vt 0.976075 0.025441
f 350/4/350 351/25/351 355/26/355
vt 0.999998 0.025441
f 350/4/350 355/26/355 356/27/356
vt 0.975189 0.051293
f 351/25/351 264/28/264 355/26/355
vt 0.974155 0.076734
f 300/29/300 355/26/355 264/28/264
vt 0.625047 0.076734
vt 0.949981 0.076734
f 78/30/78 300/29/300 293/31/293
vt 0.600239 0.076734
f 293/31/293 302/32/302 78/30/78
f 63/32/63 78/30/78 302/32/302
vt 0.600239 0.435782
vt 0.625047 0.435782
f 61/33/61 110/33/110 111/34/111
f 111/34/111 62/34/62 61/33/61
f 61/33/61 62/34/62 78/30/78
vt 0.625047 0.025441
f 78/30/78 62/34/62 141/35/141
f 357/35/357 78/30/78 141/35/141
f 141/35/141 355/26/355 357/35/357
f 141/35/141 356/27/356 355/26/355
f 141/35/141 265/5/265 356/27/356
vt 0.600239 0.000000
f 265/5/265 141/35/141 143/36/143
vt 0.699877 0.000000
f 143/36/143 278/37/278 265/5/265
f 278/37/278 277/6/277 265/5/265
f 276/2/276 265/5/265 277/6/277
vt 0.800318 0.000000
f 276/2/276 277/6/277 268/38/268
f 278/37/278 268/38/268 277/6/277
f 268/38/268 278/37/278 267/36/267
f 267/36/267 266/37/266 268/38/268
f 268/38/268 266/37/266 49/11/49
f 49/11/49 270/7/270 268/38/268
f 266/37/266 267/36/267 49/11/49
f 280/11/280 49/11/49 267/36/267
vt 0.575027 0.051293
f 267/36/267 64/39/64 280/11/280
f 64/39/64 218/39/218 280/11/280
vt 0.550218 0.051293
f 218/39/218 64/39/64 290/40/290
f 290/40/290 42/40/42 218/39/218
f 42/40/42 49/11/49 218/39/218
f 290/40/290 242/12/242 42/40/42
f 283/12/283 42/40/42 242/12/242
vt 0.525010 0.000000
f 283/12/283 242/12/242 287/41/287
f 242/12/242 290/40/290 287/41/287
vt 0.525010 0.076734
f 201/42/201 287/41/287 290/40/290
f 287/41/287 201/42/201 202/41/202
f 287/41/287 202/41/202 286/8/286
f 286/8/286 288/8/288 287/41/287
f 287/41/287 288/8/288 47/13/47
f 198/13/198 47/13/47 288/8/288
vt 0.474990 0.051293
f 288/8/288 68/43/68 198/13/198
f 68/43/68 197/43/197 198/13/198
vt 0.449777 0.051293
f 197/43/197 68/43/68 291/44/291
f 291/44/291 292/44/292 197/43/197
f 292/44/292 47/13/47 197/43/197
f 291/44/291 66/15/66 292/44/292
f 281/15/281 292/44/292 66/15/66
f 281/15/281 66/15/66 67/19/67
f 66/15/66 291/44/291 67/19/67
vt 0.424969 0.076734
f 65/45/65 67/19/67 291/44/291
f 68/43/68 65/45/65 291/44/291
vt 0.500197 0.076734
f 65/45/65 68/43/68 304/46/304
f 142/45/142 65/45/65 304/46/304
f 304/46/304 137/46/137 142/45/142
vt 0.424969 0.102585
f 137/46/137 138/47/138 142/45/142
vt 0.399761 0.025441
f 138/47/138 130/48/130 142/45/142
f 289/19/289 142/45/142 130/48/130
vt 0.424969 0.153468
f 305/49/305 130/48/130 138/47/138
f 305/49/305 138/47/138 76/49/76
vt 0.600239 0.153468
f 305/49/305 76/49/76 234/50/234
f 234/50/234 135/50/135 305/49/305
vt 0.424969 0.179319
f 135/50/135 170/51/170 305/49/305
vt 0.474990 0.179319
f 170/51/170 135/50/135 134/52/134
f 195/52/195 170/51/170 134/52/134
vt 0.474990 0.281904
f 195/52/195 134/52/134 196/53/196
vt 0.424969 0.281904
f 319/54/319 73/54/73 196/53/196
f 196/53/196 126/53/126 319/54/319
vt 0.424969 0.307756
f 126/53/126 127/55/127 319/54/319
f 127/55/127 130/48/130 319/54/319
f 319/54/319 130/48/130 170/51/170
vt 0.424969 0.409930
f 125/56/125 130/48/130 127/55/127
f 125/56/125 127/55/127 72/56/72
vt 0.600239 0.409930
f 125/56/125 72/56/72 82/57/82
f 82/57/82 227/57/227 125/56/125
vt 0.399756 0.461223
f 227/57/227 123/58/123 125/56/125
vt 0.625047 0.461223
f 123/58/123 227/57/227 124/59/124
vt 0.600239 0.461223
f 123/58/123 124/59/124 60/60/60
vt 0.424969 0.461223
f 123/58/123 60/60/60 413/61/413
f 108/61/108 123/58/123 413/61/413
vt 0.424969 0.487074
f 108/61/108 413/61/413 338/62/338
vt 0.350139 0.487074
f 107/63/107 108/61/108 338/62/338
f 335/63/335 107/63/107 338/62/338
f 338/62/338 337/62/337 335/63/335
vt 0.600239 0.487074
f 335/63/335 337/62/337 336/64/336
vt 0.649861 0.487074
f 335/63/335 336/64/336 334/65/334
vt 0.350139 0.538367
f 431/66/431 434/66/434 335/63/335
vt 0.374948 0.538367
f 431/66/431 433/67/433 434/66/434
vt 0.274911 0.538367
f 433/67/433 160/68/160 434/66/434
vt 0.250097 0.538367
f 48/69/48 434/66/434 160/68/160
f 432/68/432 48/69/48 160/68/160
vt 0.274911 0.589659
f 432/68/432 160/68/160 10/70/10
vt 0.725089 0.538367
f 11/71/11 432/68/432 10/70/10
vt 0.725089 0.589659
f 10/70/10 247/72/247 11/71/11
f 11/71/11 247/72/247 103/71/103
vt 0.750297 0.538367
f 103/71/103 248/73/248 11/71/11
f 248/73/248 9/69/9 11/71/11
vt 0.750297 0.487074
f 9/69/9 248/73/248 331/74/331
vt 0.250097 0.487074
f 331/74/331 329/75/329 9/69/9
f 329/75/329 158/75/158 9/69/9
f 48/69/48 9/69/9 158/75/158
f 161/63/161 48/69/48 158/75/158
vt 0.224890 0.487074
f 156/76/156 161/63/161 158/75/158
vt 0.225845 0.487074
f 156/76/156 158/75/158 330/77/330
vt 0.224890 0.461223
f 157/78/157 156/76/156 330/77/330
vt 0.224890 0.435782
f 321/79/321 157/78/157 330/77/330
vt 0.500197 0.437903
f 330/77/330 320/80/320 321/79/321
vt 0.775996 0.435782
vt 0.775110 0.487074
f 323/81/323 320/80/320 328/82/328
vt 0.775110 0.461223
f 323/81/323 328/82/328 250/83/250
vt 0.775110 0.435782
f 250/83/250 327/84/327 323/81/323
vt 0.800318 0.435782
vt 0.800318 0.435782
f 252/85/252 323/81/323 325/86/325
vt 0.800318 0.409930
f 325/86/325 251/87/251 252/85/252
vt 0.800318 0.384489
f 409/88/409 252/85/252 251/87/251
f 251/87/251 412/88/412 409/88/409
vt 0.824097 0.384489
f 412/88/412 411/89/411 409/88/409
vt 0.825131 0.384489
f 406/90/406 409/88/409 411/89/411
vt 0.825131 0.359048
f 411/89/411 253/91/253 406/90/406
vt 0.825131 0.333197
f 254/92/254 406/90/406 253/91/253
vt 0.850339 0.333197
vt 0.826017 0.333197
f 389/93/389 254/92/254 400/94/400
vt 0.850339 0.333197
f 389/93/389 400/94/400 396/95/396
vt 0.850339 0.307756
f 396/95/396 255/96/255 389/93/389
vt 0.850339 0.281904
f 306/97/306 389/93/389 255/96/255
f 255/96/255 310/97/310 306/97/306
vt 0.874113 0.281904
f 310/97/310 314/98/314 306/97/306
vt 0.875147 0.281904
f 256/99/256 306/97/306 314/98/314
vt 0.875147 0.256052
f 314/98/314 257/100/257 256/99/256
vt 0.875147 0.230611
f 380/101/380 256/99/256 257/100/257
f 257/100/257 386/101/386 380/101/380
vt 0.898927 0.230612
f 386/101/386 384/102/384 380/101/380
vt 0.899961 0.230611
f 258/103/258 380/101/380 384/102/384
vt 0.899961 0.204760
f 384/102/384 259/104/259 258/103/258
vt 0.899961 0.179319
f 368/105/368 258/103/258 259/104/259
f 259/104/259 373/105/373 368/105/368
vt 0.924134 0.179319
f 373/105/373 372/106/372 368/105/368
vt 0.925168 0.179319
f 261/107/261 368/105/368 372/106/372
vt 0.925168 0.153467
f 372/106/372 260/108/260 261/107/261
vt 0.925168 0.128026
f 262/109/262 261/107/261 260/108/260
f 260/108/260 362/109/362 262/109/262
vt 0.948947 0.128026
f 362/109/362 366/110/366 262/109/262
vt 0.949981 0.128026
f 2/111/2 262/109/262 366/110/366
vt 0.949981 0.102585
f 366/110/366 263/112/263 2/111/2
f 295/31/295 2/111/2 263/112/263
f 263/112/263 293/31/293 295/31/295
f 293/31/293 300/29/300 295/31/295
vt 0.975189 0.076734
f 301/113/301 295/31/295 300/29/300
vt 0.493795 0.076734
f 301/113/301 299/114/299 295/31/295
vt 0.024806 0.076734
vt 0.050019 0.076734
f 299/114/299 294/115/294 296/116/296
f 296/116/296 298/46/298 299/114/299
vt 0.500197 0.102585
f 298/46/298 296/116/296 3/117/3
f 295/31/295 298/46/298 3/117/3
vt 0.050019 0.128027
f 364/118/364 3/117/3 296/116/296
vt 0.050019 0.102586
f 296/116/296 146/119/146 364/118/364
f 146/119/146 367/118/367 364/118/364
vt 0.073793 0.128027
f 367/118/367 361/120/361 364/118/364
vt 0.074827 0.128027
f 365/121/365 364/118/364 361/120/361
vt 0.074827 0.153468
f 148/122/148 365/121/365 361/120/361
vt 0.074827 0.179319
f 379/123/379 148/122/148 361/120/361
vt 0.424969 0.128027
f 363/124/363 379/123/379 361/120/361
f 367/118/367 363/124/363 361/120/361
f 363/124/363 367/118/367 122/124/122
vt 0.399756 0.435782
vt 0.424969 0.435782
f 75/125/75 71/126/71 72/56/72
f 75/125/75 72/56/72 486/55/486
f 75/125/75 486/55/486 73/54/73
f 75/125/75 73/54/73 74/51/74
f 75/125/75 74/51/74 76/49/76
f 75/125/75 76/49/76 77/47/77
f 75/125/75 77/47/77 65/45/65
vt 0.399761 0.076734
f 65/45/65 303/127/303 75/125/75
f 303/127/303 130/48/130 75/125/75
f 123/58/123 75/125/75 130/48/130
f 123/58/123 414/58/414 75/125/75
f 75/125/75 414/58/414 168/125/168
f 75/125/75 168/125/168 112/126/112
vt 0.424969 0.384489
f 168/125/168 407/128/407 112/126/112
vt 0.124848 0.281904
vt 0.424969 0.230612
f 312/129/312 119/130/119 117/54/117
f 115/54/115 312/129/312 117/54/117
vt 0.148622 0.281904
f 312/129/312 115/54/115 316/131/316
f 312/129/312 316/131/316 311/129/311
vt 0.124848 0.256053
f 150/132/150 312/129/312 311/129/311
vt 0.124848 0.230612
f 383/133/383 150/132/150 311/129/311
vt 0.500197 0.256053
f 311/129/311 7/134/7 383/133/383
vt 0.500197 0.230612
f 382/135/382 383/133/383 7/134/7
f 380/101/380 382/135/382 7/134/7
vt 0.493795 0.230612
f 380/101/380 381/136/381 382/135/382
vt 0.100039 0.230612
f 381/136/381 385/137/385 383/133/383
vt 0.100039 0.204760
vt 0.100039 0.230612
f 149/138/149 387/139/387 385/137/385
vt 0.123814 0.230612
f 387/139/387 388/140/388 385/137/385
f 383/133/383 388/140/388 150/132/150
f 387/139/387 119/130/119 388/140/388
vt 0.100039 0.179319
f 387/139/387 149/138/149 370/141/370
f 378/51/378 387/139/387 370/141/370
f 379/123/379 378/51/378 370/141/370
vt 0.075781 0.179319
f 379/123/379 370/141/370 377/142/377
f 6/141/6 377/142/377 370/141/370
f 149/138/149 6/141/6 370/141/370
vt 0.493796 0.179319
f 369/143/369 377/142/377 6/141/6
vt 0.500197 0.179319
f 6/141/6 371/144/371 369/143/369
f 368/105/368 369/143/369 371/144/371
vt 0.500197 0.204760
f 368/105/368 371/144/371 5/145/5
f 371/144/371 6/141/6 5/145/5
f 385/137/385 5/145/5 6/141/6
vt 0.500197 0.153468
f 377/142/377 369/143/369 4/146/4
f 377/142/377 4/146/4 365/121/365
vt 0.500197 0.128026
f 360/147/360 365/121/365 4/146/4
f 262/109/262 360/147/360 4/146/4
vt 0.493796 0.128026
f 262/109/262 359/148/359 360/147/360
f 359/148/359 364/118/364 365/121/365
f 365/121/365 360/147/360 359/148/359
f 369/143/369 261/107/261 4/146/4
f 378/51/378 379/123/379 58/51/58
f 387/139/387 378/51/378 52/130/52
f 6/141/6 149/138/149 385/137/385
f 383/133/383 385/137/385 388/140/388
f 385/137/385 381/136/381 5/145/5
f 381/136/381 258/103/258 5/145/5
f 383/133/383 382/135/382 381/136/381
vt 0.493795 0.281904
f 311/129/311 307/149/307 7/134/7
f 307/149/307 256/99/256 7/134/7
vt 0.500197 0.281904
f 306/97/306 307/149/307 309/150/309
vt 0.500197 0.307756
f 306/97/306 309/150/309 8/151/8
vt 0.149656 0.281904
f 309/150/309 308/152/308 8/151/8
vt 0.149656 0.333197
f 391/153/391 8/151/8 308/152/308
vt 0.149656 0.307756
f 308/152/308 151/154/151 391/153/391
vt 0.149656 0.333197
f 394/155/394 391/153/391 151/154/151
vt 0.174869 0.333197
vt 0.173747 0.333197
f 393/156/393 394/155/394 395/157/395
vt 0.174869 0.359048
f 152/158/152 393/156/393 395/157/395
vt 0.174869 0.384489
f 404/159/404 152/158/152 395/157/395
vt 0.424969 0.333197
f 401/160/401 404/159/404 395/157/395
f 394/155/394 401/160/401 395/157/395
f 401/160/401 394/155/394 392/160/392
f 394/155/394 115/54/115 392/160/392
f 404/159/404 401/160/401 114/128/114
f 152/158/152 404/159/404 153/159/153
vt 0.496996 0.382671
vt 0.199677 0.384489
f 403/161/403 153/159/153 408/162/408
vt 0.500197 0.386609
f 408/162/408 402/163/402 403/161/403
f 409/88/409 403/161/403 402/163/402
vt 0.199677 0.435782
f 324/164/324 402/163/402 408/162/408
vt 0.199677 0.409930
f 408/162/408 154/165/154 324/164/324
f 154/165/154 155/1/155 324/164/324
vt 0.223936 0.435782
f 155/1/155 322/166/322 324/164/324
f 321/79/321 324/164/324 322/166/322
f 321/79/321 322/166/322 157/78/157
f 155/1/155 109/125/109 322/166/322
f 109/125/109 414/58/414 322/166/322
f 156/76/156 322/166/322 414/58/414
f 108/61/108 156/76/156 414/58/414
f 109/125/109 155/1/155 168/125/168
vt 0.198643 0.384489
f 155/1/155 154/165/154 405/167/405
f 407/128/407 155/1/155 405/167/405
f 404/159/404 407/128/407 405/167/405
f 408/162/408 405/167/405 154/165/154
vt 0.493796 0.435782
f 326/168/326 324/164/324 321/79/321
f 324/164/324 326/168/326 402/163/402
f 326/168/326 252/85/252 402/163/402
f 153/159/153 403/161/403 393/156/393
vt 0.500197 0.333197
f 390/169/390 393/156/393 403/161/403
f 254/92/254 390/169/390 403/161/403
vt 0.493796 0.333197
f 254/92/254 397/170/397 390/169/390
f 397/170/397 391/153/391 393/156/393
f 393/156/393 390/169/390 397/170/397
f 408/162/408 153/159/153 405/167/405
f 404/159/404 405/167/405 153/159/153
f 393/156/393 152/158/152 153/159/153
f 394/155/394 151/154/151 316/131/316
f 308/152/308 316/131/316 151/154/151
f 394/155/394 393/156/393 391/153/391
f 391/153/391 397/170/397 8/151/8
f 397/170/397 389/93/389 8/151/8
f 308/152/308 309/150/309 307/149/307
f 307/149/307 311/129/311 308/152/308
f 312/129/312 150/132/150 388/140/388
f 308/152/308 311/129/311 316/131/316
f 115/54/115 394/155/394 316/131/316
f 119/130/119 312/129/312 388/140/388
f 119/130/119 387/139/387 52/130/52
f 407/128/407 404/159/404 114/128/114
f 155/1/155 407/128/407 168/125/168
f 109/125/109 168/125/168 414/58/414
f 352/48/352 130/48/130 303/127/303
vt 0.025761 0.076734
f 297/171/297 352/48/352 303/127/303
f 297/171/297 303/127/303 147/116/147
vt 0.024811 0.051293
f 297/171/297 294/115/294 145/172/145
vt 0.024811 0.025441
f 349/173/349 145/172/145 294/115/294
vt 0.500197 0.051293
f 294/115/294 1/174/1 349/173/349
f 347/24/347 349/173/349 1/174/1
f 351/25/351 347/24/347 1/174/1
f 351/25/351 1/174/1 301/113/301
f 351/25/351 301/113/301 264/28/264
vt 0.023777 0.025442
f 145/172/145 349/173/349 354/175/354
f 358/21/358 354/175/354 348/23/348
f 349/173/349 348/23/348 354/175/354
f 358/21/358 352/48/352 354/175/354
f 297/171/297 145/172/145 354/175/354
f 296/116/296 297/171/297 147/116/147
f 121/45/121 147/116/147 303/127/303
f 121/45/121 367/118/367 147/116/147
f 352/48/352 297/171/297 354/175/354
f 352/48/352 358/21/358 130/48/130
f 121/45/121 303/127/303 65/45/65
f 112/126/112 71/126/71 75/125/75
f 367/118/367 121/45/121 122/124/122
f 379/123/379 363/124/363 58/51/58
f 148/122/148 379/123/379 377/142/377
f 365/121/365 148/122/148 377/142/377
f 367/118/367 146/119/146 147/116/147
f 146/119/146 296/116/296 147/116/147
f 364/118/364 359/148/359 3/117/3
f 359/148/359 2/111/2 3/117/3
f 297/171/297 296/116/296 294/115/294
f 294/115/294 299/114/299 1/174/1
f 295/31/295 299/114/299 298/46/298
f 299/114/299 301/113/301 1/174/1
f 366/110/366 293/31/293 263/112/263
vt 0.600239 0.128026
f 120/176/120 293/31/293 366/110/366
f 120/176/120 366/110/366 362/109/362
f 120/176/120 362/109/362 59/176/59
vt 0.600239 0.179319
f 362/109/362 374/177/374 59/176/59
f 374/177/374 362/109/362 372/106/372
f 374/177/374 372/106/372 373/105/373
f 374/177/374 373/105/373 54/177/54
vt 0.600239 0.230612
f 373/105/373 53/178/53 54/177/54
f 53/178/53 373/105/373 384/102/384
f 53/178/53 384/102/384 386/101/386
f 53/178/53 386/101/386 118/178/118
vt 0.600239 0.281904
f 386/101/386 313/179/313 118/178/118
f 313/179/313 386/101/386 314/98/314
f 313/179/313 314/98/314 310/97/310
f 313/179/313 310/97/310 116/179/116
vt 0.600239 0.333197
f 310/97/310 399/180/399 116/179/116
f 399/180/399 310/97/310 396/95/396
f 399/180/399 396/95/396 400/94/400
f 399/180/399 400/94/400 398/180/398
vt 0.600239 0.384489
f 400/94/400 410/181/410 398/180/398
f 410/181/410 400/94/400 411/89/411
f 410/181/410 411/89/411 412/88/412
f 410/181/410 412/88/412 113/181/113
f 412/88/412 110/33/110 113/181/113
f 411/89/411 400/94/400 253/91/253
f 396/95/396 310/97/310 255/96/255
f 314/98/314 386/101/386 257/100/257
f 384/102/384 373/105/373 259/104/259
f 372/106/372 362/109/362 260/108/260
f 295/31/295 3/117/3 2/111/2
f 2/111/2 359/148/359 262/109/262
f 262/109/262 4/146/4 261/107/261
f 261/107/261 369/143/369 368/105/368
f 368/105/368 5/145/5 258/103/258
f 258/103/258 381/136/381 380/101/380
f 380/101/380 7/134/7 256/99/256
f 256/99/256 307/149/307 306/97/306
f 306/97/306 8/151/8 389/93/389
f 389/93/389 397/170/397 254/92/254
f 254/92/254 253/91/253 400/94/400
f 254/92/254 403/161/403 406/90/406
f 406/90/406 403/161/403 409/88/409
f 325/86/325 412/88/412 251/87/251
f 111/34/111 412/88/412 325/86/325
f 111/34/111 325/86/325 327/84/327
f 111/34/111 327/84/327 239/34/239
f 239/34/239 240/59/240 111/34/111
f 327/84/327 240/59/240 239/34/239
f 327/84/327 106/65/106 240/59/240
f 229/64/229 240/59/240 106/65/106
f 336/64/336 229/64/229 106/65/106
f 336/64/336 60/60/60 229/64/229
f 228/60/228 229/64/229 60/60/60
f 60/60/60 240/59/240 228/60/228
f 240/59/240 229/64/229 228/60/228
vt 0.774076 0.487074
f 106/65/106 327/84/327 332/182/332
f 106/65/106 332/182/332 249/74/249
f 106/65/106 249/74/249 243/65/243
vt 0.649861 0.538367
f 243/65/243 244/183/244 106/65/106
f 334/65/334 106/65/106 244/183/244
f 422/183/422 334/65/334 244/183/244
vt 0.625047 0.538367
f 244/183/244 237/184/237 422/183/422
f 431/66/431 422/183/422 237/184/237
vt 0.600239 0.538367
f 431/66/431 237/184/237 424/185/424
vt 0.399756 0.538367
f 431/66/431 424/185/424 425/186/425
f 431/66/431 425/186/425 429/67/429
vt 0.399756 0.512516
f 429/67/429 425/186/425 165/187/165
vt 0.374948 0.512516
f 165/187/165 421/188/421 429/67/429
f 429/67/429 421/188/421 433/67/433
f 420/188/420 433/67/433 421/188/421
f 421/188/421 166/187/166 420/188/420
f 166/187/166 433/67/433 420/188/420
f 433/67/433 166/187/166 430/186/430
f 166/187/166 165/187/165 430/186/430
f 166/187/166 421/188/421 165/187/165
f 425/186/425 430/186/430 165/187/165
vt 0.424969 0.538367
f 425/186/425 175/189/175 430/186/430
f 175/189/175 160/68/160 430/186/430
vt 0.449777 0.538367
f 428/190/428 160/68/160 175/189/175
f 428/190/428 175/189/175 44/190/44
vt 0.274911 0.589660
vt 0.449777 0.589659
f 159/191/159 428/190/428 105/192/105
f 39/192/39 159/191/159 105/192/105
vt 0.300118 0.640952
vt 0.449777 0.640952
f 442/193/442 39/192/39 38/194/38
f 444/194/444 442/193/442 38/194/38
vt 0.324927 0.692245
vt 0.449777 0.692245
f 448/195/448 444/194/444 97/196/97
f 447/196/447 448/195/448 97/196/97
vt 0.350139 0.743537
vt 0.449777 0.743537
f 34/197/34 447/196/447 455/198/455
f 95/198/95 34/197/34 455/198/455
vt 0.374948 0.794830
vt 0.449777 0.794830
f 163/199/163 95/198/95 94/200/94
f 461/200/461 163/199/163 94/200/94
vt 0.399756 0.846122
vt 0.449777 0.846122
f 27/201/27 461/200/461 28/202/28
f 465/202/465 27/201/27 28/202/28
vt 0.424969 0.897415
vt 0.449777 0.897415
f 89/203/89 465/202/465 90/204/90
f 19/204/19 89/203/89 90/204/90
vt 0.424969 0.974148
vt 0.449777 0.974148
f 177/205/177 19/204/19 20/206/20
vt 0.424969 0.974149
f 179/207/179 177/205/177 20/206/20
vt 0.449777 0.974149
f 20/206/20 55/208/55 179/207/179
vt 0.449777 0.512516
f 179/207/179 55/208/55 57/209/57
f 57/209/57 427/189/427 179/207/179
f 427/189/427 178/189/178 179/207/179
vt 0.424969 1.000000
f 480/210/480 179/207/179 178/189/178
vt 0.474990 0.538367
f 425/186/425 183/211/183 178/189/178
vt 0.525010 0.538367
f 425/186/425 204/212/204 183/211/183
vt 0.525010 0.512516
f 183/211/183 204/212/204 419/213/419
vt 0.474990 0.512516
f 419/213/419 418/214/418 183/211/183
vt 0.474990 1.000000
f 183/211/183 418/214/418 481/215/481
f 182/215/182 183/211/183 481/215/481
f 481/215/481 480/210/480 182/215/182
f 479/215/479 480/210/480 481/215/481
vt 0.525010 1.000000
f 481/215/481 50/216/50 479/215/479
vt 0.525010 0.974149
f 479/215/479 50/216/50 51/217/51
vt 0.474990 0.974149
f 51/217/51 185/218/185 479/215/479
f 479/215/479 185/218/185 184/215/184
f 104/218/104 184/215/184 185/218/185
f 185/218/185 339/217/339 104/218/104
f 339/217/339 184/215/184 104/218/104
f 184/215/184 339/217/339 207/216/207
f 208/216/208 184/215/184 207/216/207
vt 0.575027 1.000000
f 207/216/207 475/219/475 208/216/208
f 208/216/208 475/219/475 478/216/478
f 208/216/208 478/216/478 209/217/209
f 477/215/477 208/216/208 209/217/209
f 209/217/209 188/218/188 477/215/477
f 477/215/477 188/218/188 187/215/187
f 187/215/187 480/210/480 477/215/477
f 477/215/477 480/210/480 184/215/184
f 36/215/36 480/210/480 187/215/187
f 187/215/187 476/216/476 36/215/36
f 36/215/36 476/216/476 210/217/210
f 210/217/210 190/218/190 36/215/36
f 36/215/36 190/218/190 189/215/189
f 341/218/341 189/215/189 190/218/190
f 190/218/190 93/217/93 341/218/341
f 93/217/93 189/215/189 341/218/341
f 189/215/189 93/217/93 482/216/482
f 211/216/211 189/215/189 482/216/482
f 482/216/482 475/219/475 211/216/211
f 211/216/211 475/219/475 85/216/85
f 211/216/211 85/216/85 31/217/31
f 30/215/30 211/216/211 31/217/31
f 31/217/31 342/218/342 30/215/30
f 30/215/30 342/218/342 84/215/84
f 84/215/84 480/210/480 30/215/30
f 30/215/30 480/210/480 189/215/189
f 485/215/485 480/210/480 84/215/84
f 84/215/84 483/216/483 485/215/485
f 485/215/485 483/216/483 25/217/25
f 25/217/25 343/218/343 485/215/485
f 485/215/485 343/218/343 192/215/192
f 191/218/191 192/215/192 343/218/343
f 343/218/343 83/217/83 191/218/191
f 83/217/83 192/215/192 191/218/191
f 192/215/192 83/217/83 472/216/472
f 24/216/24 192/215/192 472/216/472
f 472/216/472 475/219/475 24/216/24
f 24/216/24 475/219/475 474/216/474
f 24/216/24 474/216/474 213/217/213
f 194/215/194 24/216/24 213/217/213
f 213/217/213 193/218/193 194/215/194
f 194/215/194 193/218/193 484/215/484
f 484/215/484 480/210/480 194/215/194
f 194/215/194 480/210/480 192/215/192
f 480/210/480 484/215/484 473/210/473
f 474/216/474 473/210/473 484/215/484
vt 0.525010 0.974148
f 484/215/484 344/220/344 474/216/474
vt 0.474990 0.974148
f 344/220/344 484/215/484 22/221/22
f 193/218/193 344/220/344 22/221/22
f 22/221/22 484/215/484 193/218/193
f 344/220/344 193/218/193 213/217/213
f 344/220/344 213/217/213 474/216/474
f 475/219/475 473/210/473 474/216/474
f 473/210/473 475/219/475 215/220/215
f 215/220/215 18/221/18 473/210/473
f 473/210/473 18/221/18 180/203/180
f 180/203/180 471/203/471 473/210/473
f 177/205/177 473/210/473 471/203/471
vt 0.424969 0.846122
f 464/222/464 471/203/471 180/203/180
f 464/222/464 180/203/180 470/203/470
vt 0.575027 0.846122
f 17/223/17 464/222/464 470/203/470
vt 0.575027 0.897415
f 470/203/470 16/224/16 17/223/17
f 17/223/17 16/224/16 467/224/467
f 17/223/17 467/224/467 223/224/223
f 17/223/17 223/224/223 87/223/87
vt 0.600239 0.846122
f 87/223/87 462/225/462 17/223/17
f 462/225/462 463/201/463 17/223/17
vt 0.600239 0.794830
f 463/201/463 462/225/462 457/226/457
vt 0.399756 0.794830
f 457/226/457 460/227/460 463/201/463
f 460/227/460 167/227/167 463/201/463
f 27/201/27 463/201/463 167/227/167
f 27/201/27 464/222/464 463/201/463
f 464/222/464 27/201/27 176/222/176
f 460/227/460 163/199/163 167/227/167
f 163/199/163 460/227/460 164/199/164
vt 0.374948 0.743537
f 163/199/163 164/199/164 456/228/456
f 452/228/452 456/228/456 164/199/164
vt 0.625047 0.743537
f 15/229/15 452/228/452 164/199/164
vt 0.625047 0.794830
f 164/199/164 14/230/14 15/229/15
f 15/229/15 14/230/14 451/229/451
vt 0.649861 0.743537
f 451/229/451 449/231/449 15/229/15
f 449/231/449 453/197/453 15/229/15
vt 0.649861 0.692244
f 453/197/453 449/231/449 13/232/13
vt 0.350139 0.692245
f 13/232/13 446/233/446 453/197/453
f 446/233/446 162/233/162 453/197/453
f 34/197/34 453/197/453 162/233/162
f 34/197/34 452/228/452 453/197/453
f 446/233/446 448/195/448 162/233/162
f 448/195/448 446/233/446 445/195/445
vt 0.324927 0.640952
f 448/195/448 445/195/445 101/234/101
f 12/234/12 101/234/101 445/195/445
vt 0.675068 0.640952
f 443/235/443 12/234/12 445/195/445
vt 0.675068 0.692244
f 445/195/445 245/236/245 443/235/443
f 443/235/443 245/236/245 98/235/98
vt 0.699877 0.640952
f 98/235/98 246/237/246 443/235/443
f 246/237/246 441/193/441 443/235/443
vt 0.699877 0.589659
f 441/193/441 246/237/246 435/238/435
vt 0.300118 0.589659
f 435/238/435 439/239/439 441/193/441
vt 0.300118 0.589660
f 439/239/439 40/240/40 441/193/441
f 442/193/442 441/193/441 40/240/40
f 442/193/442 12/234/12 441/193/441
f 439/239/439 159/191/159 40/240/40
f 159/191/159 439/239/439 10/70/10
f 435/238/435 10/70/10 439/239/439
f 435/238/435 246/237/246 437/238/437
f 437/238/437 247/72/247 435/238/435
f 247/72/247 437/238/437 436/72/436
vt 0.550218 0.589659
f 102/241/102 436/72/436 437/238/437
f 102/241/102 437/238/437 438/241/438
vt 0.550218 0.974149
vt 0.550218 0.974148
vt 0.575027 0.974148
f 346/242/346 21/243/21 222/244/222
vt 0.575027 0.974149
f 222/244/222 220/245/220 346/242/346
vt 0.575027 0.538367
f 346/242/346 220/245/220 219/246/219
vt 0.550218 0.512515
f 346/242/346 219/246/219 56/247/56
vt 0.575027 0.512515
f 56/247/56 416/248/416 45/247/45
f 416/248/416 56/247/56 225/248/225
f 416/248/416 225/248/225 224/246/224
vt 0.550218 0.538367
f 43/249/43 416/248/416 224/246/224
f 43/249/43 224/246/224 423/249/423
f 103/71/103 102/241/102 423/249/423
f 103/71/103 423/249/423 244/183/244
f 244/183/244 41/73/41 103/71/103
f 244/183/244 249/74/249 41/73/41
f 41/73/41 249/74/249 248/73/248
f 244/183/244 423/249/423 238/184/238
f 238/184/238 423/249/423 426/185/426
vt 0.625047 0.512515
f 426/185/426 415/250/415 238/184/238
vt 0.625047 0.512516
f 415/250/415 69/251/69 238/184/238
f 237/184/237 238/184/238 69/251/69
vt 0.600239 0.512516
f 415/250/415 70/252/70 69/251/69
f 69/251/69 70/252/70 424/185/424
f 424/185/424 70/252/70 426/185/426
f 426/185/426 216/246/216 424/185/424
f 216/246/216 426/185/426 219/246/219
f 219/246/219 426/185/426 224/246/224
vt 0.600239 0.512515
f 226/253/226 426/185/426 70/252/70
f 70/252/70 415/250/415 226/253/226
f 415/250/415 426/185/426 226/253/226
f 426/185/426 423/249/423 224/246/224
f 219/246/219 224/246/224 225/248/225
f 416/248/416 43/249/43 45/247/45
f 225/248/225 56/247/56 219/246/219
f 219/246/219 220/245/220 216/246/216
f 221/219/221 216/246/216 220/245/220
f 221/219/221 220/245/220 475/219/475
f 475/219/475 203/216/203 221/219/221
f 203/216/203 475/219/475 206/216/206
f 203/216/203 206/216/206 204/212/204
f 206/216/206 475/219/475 50/216/50
f 220/245/220 222/244/222 475/219/475
f 222/244/222 223/224/223 475/219/475
f 21/243/21 223/224/223 222/244/222
vt 0.550218 0.897415
f 223/224/223 21/243/21 23/254/23
f 86/254/86 223/224/223 23/254/23
f 223/224/223 86/254/86 217/224/217
f 86/254/86 87/223/87 217/224/217
vt 0.550218 0.846122
f 87/223/87 86/254/86 91/255/91
f 26/255/26 87/223/87 91/255/91
f 26/255/26 231/225/231 87/223/87
f 26/255/26 458/226/458 231/225/231
f 231/225/231 458/226/458 462/225/462
vt 0.550218 0.794830
f 458/226/458 26/255/26 29/256/29
f 92/256/92 458/226/458 29/256/29
f 92/256/92 459/230/459 458/226/458
f 14/230/14 458/226/458 459/230/459
f 458/226/458 14/230/14 457/226/457
f 92/256/92 451/229/451 459/230/459
vt 0.550218 0.743537
f 451/229/451 92/256/92 454/257/454
f 32/257/32 451/229/451 454/257/454
f 32/257/32 450/231/450 451/229/451
vt 0.649861 0.692245
f 32/257/32 33/258/33 450/231/450
f 450/231/450 33/258/33 449/231/449
vt 0.550218 0.692245
f 33/258/33 32/257/32 35/259/35
f 99/259/99 33/258/33 35/259/35
vt 0.675068 0.692245
f 99/259/99 96/260/96 33/258/33
f 245/236/245 33/258/33 96/260/96
f 33/258/33 245/236/245 13/232/13
f 99/259/99 98/235/98 96/260/96
vt 0.550218 0.640952
f 98/235/98 99/259/99 100/261/100
f 37/261/37 98/235/98 100/261/100
f 37/261/37 440/237/440 98/235/98
f 37/261/37 437/238/437 440/237/440
f 437/238/437 37/261/37 438/241/438
f 102/241/102 103/71/103 436/72/436
f 440/237/440 437/238/437 246/237/246
f 246/237/246 98/235/98 440/237/440
f 96/260/96 98/235/98 245/236/245
f 245/236/245 445/195/445 13/232/13
f 443/235/443 441/193/441 12/234/12
f 12/234/12 442/193/442 101/234/101
f 13/232/13 445/195/445 446/233/446
f 13/232/13 449/231/449 33/258/33
f 449/231/449 451/229/451 450/231/450
f 459/230/459 451/229/451 14/230/14
f 14/230/14 164/199/164 457/226/457
f 15/229/15 453/197/453 452/228/452
f 452/228/452 34/197/34 456/228/456
f 457/226/457 164/199/164 460/227/460
f 457/226/457 462/225/462 458/226/458
f 462/225/462 87/223/87 231/225/231
f 217/224/217 87/223/87 223/224/223
f 467/224/467 475/219/475 223/224/223
vt 0.525010 0.897415
f 16/224/16 468/262/468 467/224/467
f 467/224/467 468/262/468 215/220/215
f 468/262/468 214/262/214 215/220/215
f 344/220/344 215/220/215 214/262/214
vt 0.499798 0.974148
f 345/263/345 344/220/344 214/262/214
f 22/221/22 345/263/345 214/262/214
vt 0.474990 0.897415
f 214/262/214 466/264/466 22/221/22
f 22/221/22 466/264/466 18/221/18
f 469/264/469 18/221/18 466/264/466
f 466/264/466 468/262/468 469/264/469
f 468/262/468 470/203/470 469/264/469
f 345/263/345 22/221/22 215/220/215
f 344/220/344 345/263/345 215/220/215
f 468/262/468 466/264/466 214/262/214
f 16/224/16 470/203/470 468/262/468
f 17/223/17 463/201/463 464/222/464
f 180/203/180 469/264/469 470/203/470
f 464/222/464 176/222/176 471/203/471
f 89/203/89 471/203/471 176/222/176
f 469/264/469 180/203/180 18/221/18
f 22/221/22 18/221/18 215/220/215
f 467/224/467 215/220/215 475/219/475
f 483/216/483 475/219/475 472/216/472
f 192/215/192 24/216/24 194/215/194
f 83/217/83 25/217/25 472/216/472
f 83/217/83 343/218/343 25/217/25
f 483/216/483 472/216/472 25/217/25
f 483/216/483 84/215/84 85/216/85
f 84/215/84 212/217/212 85/216/85
f 212/217/212 84/215/84 88/218/88
f 342/218/342 212/217/212 88/218/88
f 192/215/192 480/210/480 485/215/485
f 88/218/88 84/215/84 342/218/342
f 212/217/212 342/218/342 31/217/31
f 212/217/212 31/217/31 85/216/85
f 85/216/85 475/219/475 483/216/483
f 476/216/476 475/219/475 482/216/482
f 189/215/189 211/216/211 30/215/30
f 93/217/93 210/217/210 482/216/482
f 93/217/93 190/218/190 210/217/210
f 476/216/476 482/216/482 210/217/210
f 476/216/476 187/215/187 478/216/478
f 187/215/187 340/217/340 478/216/478
f 340/217/340 187/215/187 186/218/186
f 188/218/188 340/217/340 186/218/186
f 189/215/189 480/210/480 36/215/36
f 186/218/186 187/215/187 188/218/188
f 340/217/340 188/218/188 209/217/209
f 340/217/340 209/217/209 478/216/478
f 478/216/478 475/219/475 476/216/476
f 50/216/50 475/219/475 207/216/207
f 184/215/184 208/216/208 477/215/477
f 339/217/339 51/217/51 207/216/207
f 339/217/339 185/218/185 51/217/51
f 50/216/50 207/216/207 51/217/51
f 50/216/50 481/215/481 206/216/206
f 481/215/481 417/213/417 206/216/206
f 417/213/417 419/213/419 206/216/206
f 417/213/417 481/215/481 181/214/181
f 418/214/418 417/213/417 181/214/181
f 184/215/184 480/210/480 479/215/479
f 181/214/181 481/215/481 418/214/418
f 417/213/417 418/214/418 419/213/419
f 204/212/204 206/216/206 419/213/419
f 425/186/425 216/246/216 204/212/204
f 480/210/480 473/210/473 179/207/179
f 427/189/427 425/186/425 178/189/178
vt 0.424969 0.512516
f 57/209/57 174/265/174 427/189/427
f 427/189/427 174/265/174 175/189/175
f 173/265/173 175/189/175 174/265/174
f 174/265/174 46/209/46 173/265/173
f 46/209/46 175/189/175 173/265/173
f 46/209/46 174/265/174 57/209/57
f 179/207/179 473/210/473 177/205/177
f 19/204/19 177/205/177 471/203/471
f 89/203/89 19/204/19 471/203/471
f 465/202/465 89/203/89 176/222/176
f 27/201/27 465/202/465 176/222/176
f 461/200/461 27/201/27 167/227/167
f 163/199/163 461/200/461 167/227/167
f 95/198/95 163/199/163 456/228/456
f 34/197/34 95/198/95 456/228/456
f 447/196/447 34/197/34 162/233/162
f 448/195/448 447/196/447 162/233/162
f 444/194/444 448/195/448 101/234/101
f 442/193/442 444/194/444 101/234/101
f 39/192/39 442/193/442 40/240/40
f 159/191/159 39/192/39 40/240/40
f 175/189/175 46/209/46 44/190/44
f 428/190/428 159/191/159 160/68/160
f 175/189/175 425/186/425 427/189/427
f 425/186/425 424/185/424 216/246/216
f 424/185/424 237/184/237 69/251/69
f 237/184/237 244/183/244 238/184/238
f 249/74/249 244/183/244 243/65/243
f 249/74/249 332/182/332 331/74/331
f 328/82/328 331/74/331 332/182/332
vt 0.493795 0.487074
f 328/82/328 333/266/333 331/74/331
f 333/266/333 330/77/330 329/75/329
f 332/182/332 327/84/327 250/83/250
f 409/88/409 402/163/402 252/85/252
f 327/84/327 325/86/325 323/81/323
f 252/85/252 326/168/326 323/81/323
f 332/182/332 250/83/250 328/82/328
f 333/266/333 328/82/328 320/80/320
f 323/81/323 326/168/326 320/80/320
f 321/79/321 320/80/320 326/168/326
f 330/77/330 333/266/333 320/80/320
f 156/76/156 157/78/157 322/166/322
f 161/63/161 156/76/156 107/63/107
f 161/63/161 107/63/107 434/66/434
f 329/75/329 330/77/330 158/75/158
f 329/75/329 331/74/331 333/266/333
f 331/74/331 248/73/248 249/74/249
f 248/73/248 103/71/103 41/73/41
f 436/72/436 103/71/103 247/72/247
f 247/72/247 10/70/10 435/238/435
f 11/71/11 9/69/9 432/68/432
f 159/191/159 10/70/10 160/68/160
f 48/69/48 432/68/432 9/69/9
f 48/69/48 161/63/161 434/66/434
f 430/186/430 160/68/160 433/67/433
f 433/67/433 431/66/431 429/67/429
f 106/65/106 334/65/334 336/64/336
f 337/62/337 60/60/60 336/64/336
f 335/63/335 434/66/434 107/63/107
f 156/76/156 108/61/108 107/63/107
f 337/62/337 338/62/338 413/61/413
f 123/58/123 108/61/108 414/58/414
f 60/60/60 337/62/337 413/61/413
f 240/59/240 60/60/60 124/59/124
f 124/59/124 62/34/62 240/59/240
f 141/35/141 124/59/124 227/57/227
vt 0.600239 0.307756
f 141/35/141 227/57/227 129/267/129
f 141/35/141 129/267/129 128/179/128
f 141/35/141 128/179/128 232/177/232
f 141/35/141 232/177/232 135/50/135
vt 0.600239 0.102585
f 141/35/141 135/50/135 139/268/139
f 141/35/141 139/268/139 236/32/236
f 138/47/138 236/32/236 139/268/139
f 79/268/79 138/47/138 139/268/139
f 235/176/235 79/268/79 139/268/139
f 234/50/234 235/176/235 139/268/139
f 77/47/77 172/124/172 138/47/138
f 138/47/138 79/268/79 77/47/77
f 236/32/236 138/47/138 140/42/140
f 63/32/63 236/32/236 140/42/140
f 140/42/140 201/42/201 63/32/63
f 201/42/201 64/39/64 63/32/63
f 236/32/236 63/32/63 143/36/143
f 267/36/267 143/36/143 63/32/63
vt 0.550218 0.179319
f 376/269/376 135/50/135 232/177/232
f 80/177/80 376/269/376 232/177/232
f 233/178/233 80/177/80 232/177/232
f 315/179/315 233/178/233 232/177/232
vt 0.550218 0.281904
f 317/270/317 241/270/241 315/179/315
f 315/179/315 128/179/128 317/270/317
f 128/179/128 127/55/127 317/270/317
vt 0.525010 0.281904
f 317/270/317 127/55/127 133/271/133
f 133/271/133 376/269/376 317/270/317
vt 0.525010 0.179319
f 376/269/376 133/271/133 131/272/131
f 133/271/133 318/271/318 131/272/131
f 205/272/205 131/272/131 318/271/318
f 132/150/132 200/150/200 318/271/318
f 132/150/132 136/144/136 200/150/200
f 199/144/199 200/150/200 136/144/136
f 136/144/136 205/272/205 199/144/199
f 126/53/126 136/144/136 132/150/132
f 136/144/136 126/53/126 134/52/134
f 205/272/205 136/144/136 131/272/131
f 136/144/136 135/50/135 131/272/131
f 318/271/318 133/271/133 132/150/132
f 133/271/133 127/55/127 132/150/132
f 317/270/317 376/269/376 241/270/241
f 375/269/375 241/270/241 376/269/376
f 376/269/376 80/177/80 375/269/375
f 131/272/131 135/50/135 376/269/376
f 128/179/128 315/179/315 232/177/232
f 127/55/127 128/179/128 129/267/129
f 81/267/81 127/55/127 129/267/129
vt 0.600239 0.359048
f 230/273/230 81/267/81 129/267/129
f 82/57/82 230/273/230 129/267/129
vt 0.424969 0.359048
f 486/55/486 169/274/169 127/55/127
f 127/55/127 81/267/81 486/55/486
f 227/57/227 82/57/82 129/267/129
f 169/274/169 72/56/72 127/55/127
f 123/58/123 130/48/130 125/56/125
f 132/150/132 127/55/127 126/53/126
f 319/54/319 170/51/170 73/54/73
f 171/130/171 73/54/73 170/51/170
f 74/51/74 171/130/171 170/51/170
f 126/53/126 196/53/196 134/52/134
f 170/51/170 195/52/195 74/51/74
f 134/52/134 135/50/135 136/144/136
f 135/50/135 234/50/234 139/268/139
f 172/124/172 76/49/76 138/47/138
f 170/51/170 130/48/130 305/49/305
f 140/42/140 138/47/138 137/46/137
f 137/46/137 202/41/202 140/42/140
f 137/46/137 304/46/304 286/8/286
f 142/45/142 289/19/289 65/45/65
f 288/8/288 304/46/304 68/43/68
f 47/13/47 198/13/198 197/43/197
f 288/8/288 286/8/286 304/46/304
f 202/41/202 137/46/137 286/8/286
f 140/42/140 202/41/202 201/42/201
f 64/39/64 201/42/201 290/40/290
f 267/36/267 63/32/63 64/39/64
f 49/11/49 280/11/280 218/39/218
f 143/36/143 267/36/267 278/37/278
f 236/32/236 143/36/143 141/35/141
f 355/26/355 78/30/78 357/35/357
f 124/59/124 141/35/141 62/34/62
f 62/34/62 111/34/111 240/59/240
f 110/33/110 412/88/412 111/34/111
f 78/30/78 82/57/82 61/33/61
f 78/30/78 81/267/81 82/57/82
f 78/30/78 315/179/315 81/267/81
f 78/30/78 80/177/80 315/179/315
f 78/30/78 234/50/234 80/177/80
f 78/30/78 79/268/79 234/50/234
f 78/30/78 63/32/63 79/268/79
f 293/31/293 120/176/120 302/32/302
f 300/29/300 264/28/264 301/113/301
f 78/30/78 355/26/355 300/29/300
f 347/24/347 348/23/348 349/173/349
f 144/20/144 358/21/358 348/23/348
f 358/21/358 289/19/289 130/48/130
f 67/19/67 65/45/65 289/19/289
f 144/20/144 275/22/275 271/18/271
f 284/16/284 271/18/271 275/22/275
f 281/15/281 67/19/67 272/17/272
f 274/14/274 284/16/284 273/18/273
f 47/13/47 292/44/292 281/15/281
f 285/10/285 274/14/274 275/22/275
f 283/12/283 287/41/287 47/13/47
f 49/11/49 42/40/42 283/12/283
f 279/8/279 285/10/285 275/22/275
f 270/7/270 49/11/49 282/9/282
f 269/6/269 268/38/268 270/7/270
f 268/38/268 269/6/269 276/2/276
f 356/27/356 265/5/265 350/4/350
f 276/2/276 279/8/279 353/3/353

usemtl material_2
vt 0.999986 -0.000000
vt 0.999986 0.502007
vt -0.000014 1.000000
f 81/275/81 230/276/230 72/277/72
vt -0.000014 0.502008
f 72/277/72 169/278/169 81/275/81
vt -0.000014 0.000001
f 169/278/169 486/279/486 81/275/81
vt 0.999986 0.999999
f 230/276/230 82/280/82 72/277/72
vt 0.000000 1.000000
vt 1.000000 0.000000
vt 1.000000 1.000000
f 73/281/73 195/282/195 196/283/196
vt 0.000000 0.500000
vt 0.000000 0.000000
f 171/284/171 74/285/74 195/282/195
f 73/281/73 171/284/171 195/282/195
vt -0.000097 1.000000
vt 0.999903 0.000000
vt 0.999903 1.000000
f 200/286/200 205/287/205 318/288/318
vt -0.000097 0.000000
f 205/287/205 200/286/200 199/289/199
vt 1.000000 0.500000
f 233/290/233 315/283/315 241/281/241
f 80/282/80 241/281/241 375/285/375
f 80/282/80 233/290/233 241/281/241
vt 0.999986 0.499999
f 79/275/79 235/291/235 76/277/76
vt -0.000014 0.500001
f 76/277/76 172/292/172 79/275/79
vt -0.000014 0.000002
f 172/292/172 77/293/77 79/275/79
vt 0.999986 0.999998
f 235/291/235 234/294/234 76/277/76

usemtl material_3
f 183/282/183 480/281/480 178/285/178
f 480/281/480 183/282/183 182/283/182
vt 0.999952 0.000000
vt -0.000048 1.000000
vt -0.000048 0.000000
f 216/295/216 203/296/203 204/297/204
vt 0.999952 1.000000
f 203/296/203 216/295/216 221/298/221
vt 0.470810 0.167111
vt 0.470810 0.278222
vt 0.411489 0.167111
f 438/299/438 37/300/37 102/301/102
f 346/281/346 102/301/102 37/300/37
vt 0.529191 0.389333
f 346/281/346 37/300/37 99/302/99
vt 0.588513 0.500445
f 346/281/346 99/302/99 32/303/32
vt 0.646893 0.611556
f 346/281/346 32/303/32 92/304/92
vt 0.705274 0.722667
f 346/281/346 92/304/92 26/305/26
vt 0.764596 0.833778
f 346/281/346 26/305/26 86/306/86
f 346/281/346 86/306/86 21/283/21
vt 0.353108 0.056000
f 346/281/346 56/285/56 43/307/43
vt 0.353108 0.000000
f 45/308/45 43/307/43 56/285/56
vt 0.411489 0.056000
f 423/309/423 102/301/102 43/307/43
vt 1.000000 0.833778
f 23/310/23 21/283/21 86/306/86
vt 0.764596 0.722667
f 91/311/91 86/306/86 26/305/26
vt 0.705274 0.611556
f 29/312/29 26/305/26 92/304/92
vt 0.646893 0.500445
f 454/313/454 92/304/92 32/303/32
vt 0.588513 0.389333
f 35/314/35 32/303/32 99/302/99
vt 0.529191 0.278222
f 100/315/100 99/302/99 37/300/37
f 346/281/346 43/307/43 102/301/102
vt 0.588511 0.056000
vt 0.646892 0.056000
vt 0.588511 0.167111
f 428/316/428 44/317/44 105/318/105
vt 0.529190 0.167111
vt 0.529190 0.278222
f 39/319/39 105/318/105 38/320/38
vt 0.470809 0.278222
vt 0.470809 0.389333
f 444/321/444 38/320/38 97/322/97
vt 0.411487 0.389333
vt 0.411487 0.500445
f 447/323/447 97/322/97 455/324/455
vt 0.353107 0.500445
vt 0.353107 0.611555
f 95/325/95 455/324/455 94/326/94
vt 0.294726 0.611555
vt 0.294726 0.722667
f 461/327/461 94/326/94 28/328/28
vt 0.235405 0.722667
vt 0.235405 0.833778
f 465/329/465 28/328/28 90/330/90
vt -0.000000 0.833778
f 19/331/19 90/330/90 20/281/20
vt 0.646892 -0.000000
f 46/332/46 57/282/57 44/317/44
f 55/283/55 44/317/44 57/282/57
f 55/283/55 20/281/20 90/330/90
f 55/283/55 90/330/90 28/328/28
f 55/283/55 28/328/28 94/326/94
f 55/283/55 94/326/94 455/324/455
f 55/283/55 455/324/455 97/322/97
f 55/283/55 97/322/97 38/320/38
f 55/283/55 38/320/38 105/318/105
f 55/283/55 105/318/105 44/317/44
vt 0.713960 0.142857
vt 0.855835 0.142857
vt 0.713960 0.285714
f 363/333/363 122/334/122 58/335/58
vt 1.000002 1.000000
f 71/336/71 58/335/58 122/334/122
vt 1.000002 0.928000
f 71/336/71 122/334/122 72/337/72
vt 0.000002 0.857143
vt 0.141880 0.857143
vt 0.000002 1.000000
f 407/338/407 114/339/114 112/340/112
f 71/336/71 112/340/112 114/339/114
vt 0.286043 0.714286
f 71/336/71 114/339/114 392/341/392
vt 0.427918 0.571429
f 71/336/71 392/341/392 117/342/117
vt 0.569796 0.428571
f 71/336/71 117/342/117 52/343/52
vt 0.427918 0.428571
f 119/344/119 52/343/52 117/342/117
vt 0.569796 0.285714
f 378/345/378 58/335/58 52/343/52
vt 0.286043 0.571429
f 115/346/115 117/342/117 392/341/392
vt 0.141880 0.714286
f 401/347/401 392/341/392 114/339/114
vt 0.855835 0.000000
vt 1.000002 0.000000
f 121/348/121 65/349/65 122/334/122
vt 1.000002 0.072000
f 77/350/77 122/334/122 65/349/65
vt 1.000002 0.213714
f 76/351/76 122/334/122 77/350/77
vt 1.000002 0.285714
f 74/352/74 122/334/122 76/351/76
vt 1.000002 0.571429
f 73/353/73 122/334/122 74/352/74
vt 1.000002 0.643429
f 486/354/486 122/334/122 73/353/73
f 72/337/72 122/334/122 486/354/486
f 71/336/71 52/343/52 58/335/58
vt 0.144165 0.000000
vt 0.144165 0.142857
vt -0.000002 0.000000
f 302/355/302 120/356/120 63/357/63
vt -0.000002 0.072000
f 79/358/79 63/357/63 120/356/120
vt -0.000002 0.213714
f 234/359/234 79/358/79 120/356/120
vt -0.000002 0.285714
f 80/360/80 234/359/234 120/356/120
vt -0.000002 0.571429
f 315/361/315 80/360/80 120/356/120
vt -0.000002 0.643429
f 81/362/81 315/361/315 120/356/120
vt -0.000002 0.928000
f 82/363/82 81/362/81 120/356/120
vt -0.000002 1.000000
f 61/364/61 82/363/82 120/356/120
vt 0.286040 0.285714
f 61/364/61 120/356/120 374/365/374
vt 0.430204 0.428571
f 61/364/61 374/365/374 53/366/53
vt 0.572082 0.571429
f 61/364/61 53/366/53 313/367/313
vt 0.713957 0.714286
f 61/364/61 313/367/313 399/368/399
vt 0.858120 0.857143
f 61/364/61 399/368/399 410/369/410
vt 0.999998 1.000000
f 61/364/61 410/369/410 110/370/110
vt 0.999998 0.857143
f 113/371/113 110/370/110 410/369/410
vt 0.858120 0.714286
f 398/372/398 410/369/410 399/368/399
vt 0.713957 0.571429
f 116/373/116 399/368/399 313/367/313
vt 0.572082 0.428571
f 118/374/118 313/367/313 53/366/53
vt 0.430204 0.285714
f 54/375/54 53/366/53 374/365/374
vt 0.286040 0.142857
f 59/376/59 374/365/374 120/356/120
f 509/1/509 526/1/526 3753/1/3753
f 491/1/491 3784/1/3784 3785/1/3785
f 3786/1/3786 3787/1/3787 3781/1/3781
f 490/1/490 3788/1/3788 3789/1/3789
f 3790/1/3790 3791/1/3791 3771/1/3771
f 489/1/489 3792/1/3792 3793/1/3793
f 3794/1/3794 3795/1/3795 3766/1/3766
f 3796/1/3796 3797/1/3797 3762/1/3762
f 3798/1/3798 3799/1/3799 3752/1/3752
f 492/1/492 3800/1/3800 3801/1/3801
f 495/1/495 3802/1/3802 3803/1/3803
f 497/1/497 3804/1/3804 3805/1/3805
f 502/1/502 3806/1/3806 3807/1/3807
f 3808/1/3808 3809/1/3809 3754/1/3754
f 507/1/507 3810/1/3810 3811/1/3811
f 510/1/510 3812/1/3812 3813/1/3813
f 3814/1/3814 3815/1/3815 3755/1/3755
f 512/1/512 3816/1/3816 3817/1/3817
f 519/1/519 3818/1/3818 3819/1/3819
f 546/1/546 3820/1/3820 3821/1/3821
f 567/1/567 3822/1/3822 3823/1/3823
f 3824/1/3824 3825/1/3825 3756/1/3756
f 673/1/673 3826/1/3826 3827/1/3827
f 805/1/805 3828/1/3828 3829/1/3829
f 943/1/943 3830/1/3830 3831/1/3831
f 3832/1/3832 3833/1/3833 3758/1/3758
f 1037/1/1037 3834/1/3834 3835/1/3835
f 3836/1/3836 3767/1/3767 3837/1/3837
f 3838/1/3838 3765/1/3765 3839/1/3839
f 3840/1/3840 3841/1/3841 3759/1/3759
f 2066/1/2066 3842/1/3842 3843/1/3843
f 2547/1/2547 3844/1/3844 3845/1/3845
f 3685/1/3685 3846/1/3846 3847/1/3847
f 3848/1/3848 3849/1/3849 3760/1/3760
f 3686/1/3686 3850/1/3850 3851/1/3851
f 3687/1/3687 3852/1/3852 3853/1/3853
f 3688/1/3688 3854/1/3854 3855/1/3855
f 3856/1/3856 3857/1/3857 3763/1/3763
f 3689/1/3689 3858/1/3858 3859/1/3859
f 3690/1/3690 3860/1/3860 3861/1/3861
f 3691/1/3691 3862/1/3862 3863/1/3863
f 3692/1/3692 3864/1/3864 3865/1/3865
f 3693/1/3693 3866/1/3866 3867/1/3867
f 3868/1/3868 3869/1/3869 3764/1/3764
f 3694/1/3694 3870/1/3870 3871/1/3871
f 3695/1/3695 3872/1/3872 3873/1/3873
f 3696/1/3696 3874/1/3874 3875/1/3875
f 3876/1/3876 3877/1/3877 3878/1/3878
f 3697/1/3697 3879/1/3879 3880/1/3880
f 3698/1/3698 3881/1/3881 3882/1/3882
f 3699/1/3699 3883/1/3883 3884/1/3884
f 3700/1/3700 3885/1/3885 3886/1/3886
f 1838/1/1838 1606/1/1606 3887/1/3887
f 3888/1/3888 1383/1/1383 3889/1/3889
f 3890/1/3890 1169/1/1169 3891/1/3891
f 608/1/608 666/1/666 3757/1/3757
f 3892/1/3892 3893/1/3893 3894/1/3894
f 3895/1/3895 958/1/958 3896/1/3896
f 3897/1/3897 987/1/987 3898/1/3898
f 3899/1/3899 1117/1/1117 3900/1/3900
f 3901/1/3901 1522/1/1522 3902/1/3902
f 3903/1/3903 1741/1/1741 3904/1/3904
f 3905/1/3905 3761/1/3761 3906/1/3906
f 3907/1/3907 3908/1/3908 3909/1/3909
f 3910/1/3910 3783/1/3783 3911/1/3911
f 3912/1/3912 3782/1/3782 3913/1/3913
f 3750/1/3750 3914/1/3914 3915/1/3915
f 3751/1/3751 3916/1/3916 3917/1/3917
f 3270/1/3270 3918/1/3918 3919/1/3919
f 3086/1/3086 3920/1/3920 3921/1/3921
f 2746/1/2746 3922/1/3922 3923/1/3923
f 1902/1/1902 3924/1/3924 3925/1/3925
f 3749/1/3749 3748/1/3748 3926/1/3926
f 3927/1/3927 3747/1/3747 3928/1/3928
f 3929/1/3929 3746/1/3746 3930/1/3930
f 3931/1/3931 3745/1/3745 3932/1/3932
f 3933/1/3933 3744/1/3744 3934/1/3934
f 3935/1/3935 3780/1/3780 3936/1/3936
f 3937/1/3937 3938/1/3938 3939/1/3939
f 3940/1/3940 3779/1/3779 3941/1/3941
f 3942/1/3942 3778/1/3778 3943/1/3943
f 3944/1/3944 3777/1/3777 3945/1/3945
f 3946/1/3946 3776/1/3776 3947/1/3947
f 3730/1/3730 3948/1/3948 3949/1/3949
f 3731/1/3731 3950/1/3950 3951/1/3951
f 3732/1/3732 3952/1/3952 3953/1/3953
f 3733/1/3733 3954/1/3954 3955/1/3955
f 3734/1/3734 3956/1/3956 3957/1/3957
f 3735/1/3735 3958/1/3958 3959/1/3959
f 3729/1/3729 3728/1/3728 3960/1/3960
f 3961/1/3961 3727/1/3727 3962/1/3962
f 3963/1/3963 3726/1/3726 3964/1/3964
f 3965/1/3965 3775/1/3775 3966/1/3966
f 3967/1/3967 3968/1/3968 3969/1/3969
f 3970/1/3970 3774/1/3774 3971/1/3971
f 3972/1/3972 3773/1/3773 3973/1/3973
f 3717/1/3717 3974/1/3974 3975/1/3975
f 3718/1/3718 3976/1/3976 3977/1/3977
f 3719/1/3719 3978/1/3978 3979/1/3979
f 3720/1/3720 3980/1/3980 3981/1/3981
f 3721/1/3721 3982/1/3982 3983/1/3983
f 3722/1/3722 3984/1/3984 3985/1/3985
f 3725/1/3725 3724/1/3724 3986/1/3986
f 3987/1/3987 3723/1/3723 3988/1/3988
f 3989/1/3989 3990/1/3990 3991/1/3991
f 3716/1/3716 3715/1/3715 3772/1/3772
f 3992/1/3992 3993/1/3993 3994/1/3994
f 3995/1/3995 3996/1/3996 3997/1/3997
f 3998/1/3998 3770/1/3770 3999/1/3999
f 3711/1/3711 4000/1/4000 4001/1/4001
f 3712/1/3712 4002/1/4002 4003/1/4003
f 3713/1/3713 4004/1/4004 4005/1/4005
f 3714/1/3714 4006/1/4006 4007/1/4007
f 3709/1/3709 3708/1/3708 4008/1/4008
f 3710/1/3710 4009/1/4009 4010/1/4010
f 4011/1/4011 3769/1/3769 4012/1/4012
f 4013/1/4013 4014/1/4014 4015/1/4015
f 4016/1/4016 3707/1/3707 4017/1/4017
f 4018/1/4018 3706/1/3706 4019/1/4019
f 4020/1/4020 3768/1/3768 4021/1/4021
f 4022/1/4022 4023/1/4023 4024/1/4024
f 4025/1/4025 3705/1/3705 4026/1/4026
f 4027/1/4027 3704/1/3704 4028/1/4028
f 4029/1/4029 3703/1/3703 4030/1/4030
f 4031/1/4031 4032/1/4032 4033/1/4033
f 4034/1/4034 3702/1/3702 4035/1/4035
f 4036/1/4036 3701/1/3701 4037/1/4037
f 4038/1/4038 4039/1/4039 4040/1/4040
f 4041/1/4041 4042/1/4042 4043/1/4043
f 4044/1/4044 4045/1/4045 4046/1/4046
f 4047/1/4047 4048/1/4048 4049/1/4049
f 4050/1/4050 4051/1/4051 4052/1/4052
f 3743/1/3743 3742/1/3742 4053/1/4053
f 4054/1/4054 3741/1/3741 4055/1/4055
f 3738/1/3738 3737/1/3737 4056/1/4056
f 4057/1/4057 3736/1/3736 4058/1/4058
f 4059/1/4059 4060/1/4060 4061/1/4061
f 3739/1/3739 4062/1/4062 4063/1/4063
f 3740/1/3740 4064/1/4064 4065/1/4065
f 4066/1/4066 4067/1/4067 4068/1/4068
f 4069/1/4069 4070/1/4070 4071/1/4071
f 4072/1/4072 4073/1/4073 4074/1/4074
f 4075/1/4075 4076/1/4076 4077/1/4077
f 4078/1/4078 4079/1/4079 4080/1/4080
f 4081/1/4081 4082/1/4082 4083/1/4083
f 4084/1/4084 4085/1/4085 4086/1/4086
f 4087/1/4087 4088/1/4088 4089/1/4089
f 4090/1/4090 4091/1/4091 4092/1/4092
f 4093/1/4093 4094/1/4094 4095/1/4095
f 4096/1/4096 4097/1/4097 4098/1/4098
f 4099/1/4099 4100/1/4100 4101/1/4101
f 4102/1/4102 4103/1/4103 4104/1/4104
f 4105/1/4105 4106/1/4106 4107/1/4107
f 4108/1/4108 4109/1/4109 4110/1/4110
f 4111/1/4111 4112/1/4112 4113/1/4113
f 4114/1/4114 4115/1/4115 4116/1/4116
f 4117/1/4117 4118/1/4118 4119/1/4119
f 4120/1/4120 4121/1/4121 4122/1/4122
f 4123/1/4123 4124/1/4124 4125/1/4125
f 4126/1/4126 4127/1/4127 4128/1/4128
f 4129/1/4129 4130/1/4130 4131/1/4131
f 4132/1/4132 4133/1/4133 4134/1/4134
f 4135/1/4135 4136/1/4136 4137/1/4137
f 4138/1/4138 4139/1/4139 4140/1/4140
f 4141/1/4141 4142/1/4142 4143/1/4143

usemtl material_4
vt 0.422160 0.448382
vt 0.430266 0.450240
vt 0.423074 0.468633
f 2495/377/2495 2515/378/2515 2409/379/2409
vt 0.432918 0.487722
vt 0.420966 0.476908
f 2409/379/2409 2266/380/2266 2313/381/2313
vt 0.401657 0.460003
vt 0.415336 0.485288
vt 0.413336 0.486991
f 2475/382/2475 2337/383/2337 2336/384/2336
vt 0.392197 0.457335
vt 0.404711 0.483513
vt 0.391612 0.475091
f 2531/385/2531 2287/386/2287 2286/387/2286
vt 0.387710 0.493835
vt 0.386226 0.530043
vt 0.376617 0.488327
f 2311/388/2311 2002/389/2002 2285/390/2285
vt 0.331039 0.568629
vt 0.320919 0.535179
vt 0.372136 0.517493
f 1846/391/1846 1984/392/1984 1985/393/1985
vt 0.383821 0.553802
f 1846/391/1846 1985/393/1985 1910/394/1910
vt 0.367597 0.573896
f 1846/391/1846 1910/394/1910 1710/395/1710
vt 0.327148 0.587140
f 1669/396/1669 1846/391/1846 1710/395/1710
vt 0.360028 0.587119
f 1669/396/1669 1710/395/1710 1726/397/1726
vt 0.365991 0.601554
f 1669/396/1669 1726/397/1726 1670/398/1670
vt 0.335956 0.605435
f 1633/399/1633 1669/396/1669 1670/398/1670
vt 0.366487 0.608936
f 1633/399/1633 1670/398/1670 1581/400/1581
vt 0.337861 0.618677
f 1633/399/1633 1581/400/1581 1510/401/1510
vt 0.335346 0.632838
f 1481/402/1481 1633/399/1633 1510/401/1510
vt 0.324564 0.608099
vt 0.336371 0.647138
vt 0.327536 0.636415
f 1580/403/1580 1448/404/1448 1468/405/1468
vt 0.314500 0.609786
f 1615/406/1615 1580/403/1580 1468/405/1468
vt 0.317423 0.626906
f 1615/406/1615 1468/405/1468 1467/407/1467
vt 0.291093 0.613343
vt 0.303806 0.635698
vt 0.306611 0.647664
f 1578/408/1578 1466/409/1466 1465/410/1465
vt 0.294521 0.644051
f 1578/408/1578 1465/410/1465 1464/411/1464
vt 0.285256 0.625818
f 1528/412/1528 1578/408/1578 1464/411/1464
vt 0.252662 0.661612
vt 0.237754 0.629039
vt 0.275332 0.624853
f 1255/413/1255 1527/414/1527 1480/415/1480
vt 0.267758 0.671398
f 1255/413/1255 1480/415/1480 1321/416/1321
vt 0.277126 0.699409
vt 0.260119 0.686388
f 1321/416/1321 1121/417/1121 1174/418/1174
vt 0.250580 0.673638
vt 0.260612 0.696668
f 1281/419/1281 1174/418/1174 1120/420/1120
vt 0.243562 0.673782
f 1281/419/1281 1120/420/1120 1193/421/1193
vt 0.235151 0.675356
vt 0.245265 0.689388
vt 0.244433 0.695644
f 1280/422/1280 1173/423/1173 1139/424/1139
vt 0.232683 0.679958
f 1280/422/1280 1139/424/1139 1254/425/1254
vt 0.197213 0.690153
vt 0.094839 0.660326
vt 0.189216 0.659641
f 1154/426/1154 1251/427/1251 1320/428/1320
vt 0.084182 0.663012
vt 0.094043 0.670514
vt 0.091463 0.680515
f 1300/429/1300 1250/430/1250 1230/431/1230
vt 0.044143 0.651662
vt 0.053697 0.661807
vt 0.053396 0.677126
f 1318/432/1318 1319/433/1319 1213/434/1213
vt 0.040747 0.684825
vt 0.000000 0.642023
vt 0.036202 0.667990
f 1151/435/1151 1383/436/1383 1297/437/1297
vt 0.048399 0.688523
f 1297/437/1297 1170/438/1170 1151/435/1151
vt 0.048345 0.701368
f 1151/435/1151 1170/438/1170 1118/439/1118
vt 0.000000 0.680934
f 1118/439/1118 1169/440/1169 1151/435/1151
vt 0.045840 0.696498
f 1169/440/1169 1118/439/1118 1099/441/1099
vt 0.000000 0.712062
f 1037/442/1037 1169/440/1169 1099/441/1099
f 1037/442/1037 1099/441/1099 1118/439/1118
vt 0.059423 0.739300
vt 0.061451 0.723397
f 924/443/924 1037/442/1037 1008/444/1008
vt 0.063138 0.746702
f 924/443/924 1008/444/1008 925/445/925
vt 0.000000 0.735409
f 925/445/925 943/446/943 924/443/924
vt 0.071307 0.766537
vt 0.072903 0.754918
vt 0.074520 0.776509
f 806/447/806 863/448/863 739/449/739
vt 0.000000 0.766537
f 805/450/805 806/447/806 739/449/739
vt 0.079796 0.789883
f 709/451/709 805/450/805 739/449/739
vt 0.078709 0.776134
f 709/451/709 739/449/739 821/452/821
vt 0.104691 0.820666
vt 0.000000 0.797665
vt 0.093236 0.799738
f 620/453/620 673/454/673 674/455/674
f 674/455/674 673/454/673 709/451/709
vt 0.119567 0.841265
f 673/454/673 620/453/620 589/456/589
vt 0.125637 0.852140
vt 0.125538 0.841376
f 579/457/579 589/456/589 602/458/602
vt 0.137282 0.851598
f 602/458/602 583/459/583 579/457/579
vt 0.159593 0.863813
vt 0.135157 0.859814
f 560/460/560 568/461/568 583/459/583
vt 0.157207 0.852404
f 560/460/560 583/459/583 571/462/571
vt 0.162988 0.867704
f 554/463/554 560/460/560 571/462/571
vt 0.166119 0.859299
f 571/462/571 561/464/561 554/463/554
vt 0.185786 0.866898
f 554/463/554 561/464/561 562/465/562
vt 0.197695 0.881955
f 544/466/544 554/463/554 562/465/562
vt 0.000000 0.875486
vt 0.204843 0.892119
f 546/467/546 544/466/544 532/468/532
vt 0.219015 0.898833
f 546/467/546 532/468/532 527/469/527
vt 0.242784 0.902724
f 523/470/523 546/467/546 527/469/527
vt 0.242493 0.898020
f 523/470/523 527/469/527 528/471/528
vt 0.250145 0.907948
f 520/472/520 523/470/523 528/471/528
vt 0.254819 0.906017
vt 0.254669 0.914397
f 520/472/520 529/473/529 515/474/515
vt 0.256367 0.914397
f 529/473/529 516/475/516 515/474/515
vt 0.701189 0.918288
f 514/476/514 515/474/515 516/475/516
vt 0.261460 0.914397
f 514/476/514 516/475/516 517/477/517
vt 0.263158 0.914397
f 514/476/514 517/477/517 518/478/518
vt 0.996604 0.906615
f 514/476/514 518/478/518 522/479/522
vt 0.993209 0.922179
f 513/480/513 514/476/514 522/479/522
vt 0.998302 0.902724
f 513/480/513 522/479/522 526/481/526
vt 0.998302 0.933852
f 509/482/509 513/480/513 526/481/526
vt 0.276740 0.073930
vt 0.252971 0.000000
vt 0.273345 0.000000
f 3671/483/3671 3699/484/3699 3700/485/3700
vt 0.290323 0.000000
f 3671/483/3671 3700/485/3700 3701/486/3701
vt 0.282972 0.079445
f 3671/483/3671 3701/486/3701 3672/487/3672
vt 0.273068 0.079672
f 3660/488/3660 3671/483/3671 3672/487/3672
vt 0.284169 0.087312
f 3660/488/3660 3672/487/3672 3652/489/3652
vt 0.206976 0.086100
vt 0.205199 0.078799
f 3644/490/3644 3659/491/3659 3660/488/3660
vt 0.273425 0.086513
f 3644/490/3644 3660/488/3660 3645/492/3645
vt 0.207923 0.095348
f 3637/493/3637 3644/490/3644 3645/492/3645
vt 0.275824 0.098762
f 3645/492/3645 3652/489/3652 3622/494/3622
f 3622/494/3622 3637/493/3637 3645/492/3645
vt 0.207452 0.100992
f 3614/495/3614 3637/493/3637 3622/494/3622
vt 0.210130 0.106646
f 3609/496/3609 3614/495/3614 3622/494/3622
vt 0.275335 0.104906
f 3609/496/3609 3622/494/3622 3610/497/3610
vt 0.239389 0.108949
f 3609/496/3609 3610/497/3610 3599/498/3599
vt 0.208886 0.131364
f 3575/499/3575 3609/496/3609 3599/498/3599
vt 0.208255 0.174363
vt 0.211036 0.178708
vt 0.200036 0.184414
f 3497/500/3497 3476/501/3476 3468/502/3468
vt 0.190202 0.196636
vt 0.198005 0.192751
f 3413/503/3413 3468/502/3468 3458/504/3458
vt 0.194309 0.218223
vt 0.198618 0.209088
vt 0.202312 0.212394
f 3377/505/3377 3396/506/3396 3386/507/3386
vt 0.191617 0.227058
f 3377/505/3377 3386/507/3386 3371/508/3371
vt 0.182397 0.282633
vt 0.192585 0.276016
vt 0.190445 0.294909
f 3217/509/3217 3177/510/3177 3154/511/3154
vt 0.156241 0.401709
vt 0.158871 0.391172
vt 0.158245 0.408325
f 2747/512/2747 2811/513/2811 2731/514/2731
vt 0.145460 0.386129
vt 0.152999 0.401587
vt 0.147156 0.410132
f 2800/515/2800 2670/516/2670 2718/517/2718
vt 0.143521 0.411032
f 2700/518/2700 2800/515/2800 2718/517/2718
vt 0.139898 0.427453
vt 0.148366 0.438907
f 2587/519/2587 2700/518/2700 2574/520/2574
vt 0.145824 0.445747
f 2587/519/2587 2574/520/2574 2508/521/2508
vt 0.117893 0.479938
vt 0.130228 0.474732
vt 0.141244 0.480990
f 2304/522/2304 2331/523/2331 2305/524/2305
vt 0.097580 0.557671
vt 0.135622 0.533880
vt 0.150298 0.567309
f 1929/525/1929 2046/526/2046 1906/527/1906
vt 0.091675 0.594015
f 1703/528/1703 1929/525/1929 1906/527/1906
vt 0.161994 0.593847
f 1703/528/1703 1906/527/1906 1663/529/1663
vt 0.087741 0.609013
vt 0.090253 0.576057
f 1610/530/1610 1782/531/1782 1703/528/1703
vt 0.074539 0.633454
vt 0.081985 0.647408
vt 0.080097 0.652409
f 1462/532/1462 1342/533/1342 1367/534/1367
vt 0.072569 0.658985
f 1462/532/1462 1367/534/1367 1341/535/1341
vt 0.068856 0.649143
f 1385/536/1385 1462/532/1462 1341/535/1341
vt 0.059550 0.635461
vt 0.063153 0.636619
vt 0.065260 0.651337
f 1443/537/1443 1403/538/1403 1366/539/1366
vt 0.027115 0.629826
vt 0.033660 0.644209
f 1574/540/1574 1423/541/1423 1297/437/1297
vt 0.027165 0.642023
f 1384/542/1384 1574/540/1574 1297/437/1297
f 1297/437/1297 1383/436/1383 1384/542/1384
vt 0.000000 0.603113
f 1383/436/1383 1606/543/1606 1384/542/1384
f 1384/542/1384 1606/543/1606 1574/540/1574
vt 0.036680 0.623986
f 1423/541/1423 1552/544/1552 1318/432/1318
vt 0.045570 0.612413
vt 0.049918 0.644091
f 1506/545/1506 1338/546/1338 1318/432/1318
vt 0.048536 0.619833
vt 0.050098 0.612609
vt 0.054897 0.651764
f 1575/547/1575 1607/548/1607 1339/549/1339
vt 0.059894 0.620137
f 1553/550/1553 1403/538/1403 1443/537/1443
vt 0.066298 0.632989
f 1403/538/1403 1461/551/1461 1385/536/1385
vt 0.077672 0.627220
f 1462/532/1462 1507/552/1507 1342/533/1342
vt 0.088100 0.625173
f 1507/552/1507 1479/553/1479 1342/533/1342
vt 0.119683 0.529857
f 1929/525/1929 1999/554/1999 2046/526/2046
vt 0.121484 0.510853
f 2137/555/2137 2046/526/2046 1999/554/1999
vt 0.115268 0.497252
vt 0.138002 0.500801
f 2233/556/2233 2180/557/2180 2137/555/2137
vt 0.108415 0.532747
f 1929/525/1929 1998/558/1998 1999/554/1999
vt 0.136563 0.492849
f 2234/559/2234 2180/557/2180 2233/556/2233
f 2304/522/2304 2234/559/2234 2233/556/2233
vt 0.108287 0.502308
f 2137/555/2137 2136/560/2136 2233/556/2233
vt 0.094967 0.551402
vt 0.101793 0.519664
f 1980/561/1980 2045/562/2045 1998/558/1998
f 2045/562/2045 2137/555/2137 1998/558/1998
f 2045/562/2045 2136/560/2136 2137/555/2137
vt 0.105782 0.485807
f 2283/563/2283 2304/522/2304 2233/556/2233
f 2234/559/2234 2304/522/2304 2305/524/2305
vt 0.138201 0.449926
vt 0.131806 0.441322
f 2451/564/2451 2529/565/2529 2508/521/2508
f 2529/565/2529 2587/519/2587 2508/521/2508
vt 0.141821 0.391352
f 2587/519/2587 2699/566/2699 2700/518/2700
vt 0.111378 0.476053
f 2330/567/2330 2331/523/2331 2304/522/2304
vt 0.111180 0.468544
vt 0.120439 0.453139
vt 0.135960 0.464573
f 2388/568/2388 2450/569/2450 2405/570/2405
vt 0.124437 0.417448
f 2698/571/2698 2587/519/2587 2529/565/2529
f 2587/519/2587 2698/571/2698 2699/566/2699
vt 0.141513 0.362663
f 2847/572/2847 2800/515/2800 2699/566/2699
vt 0.145136 0.359317
f 2847/572/2847 2857/573/2857 2800/515/2800
vt 0.154488 0.393712
vt 0.156179 0.371112
f 2801/574/2801 2875/575/2875 2747/512/2747
vt 0.164739 0.401288
vt 0.166637 0.366797
vt 0.168291 0.406107
f 2781/576/2781 2891/577/2891 2686/578/2686
vt 0.172025 0.358370
vt 0.179450 0.347346
vt 0.179420 0.367537
f 2911/579/2911 2946/580/2946 2858/581/2858
vt 0.154426 0.359599
vt 0.155540 0.333335
f 2910/582/2910 3004/583/3004 2875/575/2875
vt 0.158272 0.359554
f 2875/575/2875 3004/583/3004 2889/584/2889
vt 0.158615 0.329181
vt 0.164108 0.360153
f 2889/584/2889 3005/585/3005 2890/586/2890
vt 0.165469 0.322823
vt 0.166018 0.342524
f 3005/585/3005 3040/587/3040 2961/588/2961
vt 0.172656 0.335994
f 2961/588/2961 2972/589/2972 2911/579/2911
f 2972/589/2972 2946/580/2946 2911/579/2911
vt 0.168351 0.321917
f 3040/587/3040 3059/590/3059 2961/588/2961
vt 0.175328 0.307128
vt 0.181492 0.319859
f 3071/591/3071 3025/592/3025 2972/589/2972
f 3025/592/3025 3071/591/3071 3154/511/3154
f 3071/591/3071 3217/509/3217 3154/511/3154
vt 0.188067 0.259418
f 3217/509/3217 3275/593/3275 3177/510/3177
vt 0.179028 0.280078
vt 0.186174 0.252831
f 3226/594/3226 3313/595/3313 3275/593/3275
f 3226/594/3226 3275/593/3275 3217/509/3217
vt 0.167136 0.298392
f 3040/587/3040 3110/596/3110 3059/590/3059
vt 0.170815 0.294977
f 3059/590/3059 3176/597/3176 3071/591/3071
f 3071/591/3071 3176/597/3176 3226/594/3226
vt 0.174878 0.268854
f 3176/597/3176 3259/598/3259 3226/594/3226
vt 0.179824 0.246750
f 3259/598/3259 3311/599/3311 3313/595/3313
vt 0.201123 0.227035
f 3313/595/3313 3371/508/3371 3372/600/3372
vt 0.187790 0.223086
vt 0.185380 0.233075
f 3370/601/3370 3371/508/3371 3348/602/3348
vt 0.190611 0.213364
f 3370/601/3370 3395/603/3395 3396/506/3396
f 3370/601/3370 3396/506/3396 3377/505/3377
f 3395/603/3395 3458/504/3458 3396/506/3396
vt 0.206088 0.198972
f 3396/506/3396 3458/504/3458 3436/604/3436
vt 0.194460 0.184519
f 3467/605/3467 3468/502/3468 3413/503/3413
vt 0.185477 0.194329
f 3435/606/3435 3467/605/3467 3413/503/3413
vt 0.181040 0.236571
vt 0.183413 0.242542
f 3341/607/3341 3348/602/3348 3312/608/3312
f 3341/607/3341 3312/608/3312 3311/599/3311
vt 0.171619 0.266588
f 3181/609/3181 3311/599/3311 3259/598/3259
vt 0.170365 0.284393
f 3200/610/3200 3181/609/3181 3259/598/3259
f 3110/596/3110 3200/610/3200 3176/597/3176
vt 0.159861 0.314295
f 3070/611/3070 3110/596/3110 3040/587/3040
f 3005/585/3005 3070/611/3070 3040/587/3040
vt 0.157749 0.308719
f 3109/612/3109 3070/611/3070 3005/585/3005
f 3110/596/3110 3181/609/3181 3200/610/3200
vt 0.176340 0.247343
f 3181/609/3181 3310/613/3310 3311/599/3311
f 3310/613/3310 3341/607/3341 3311/599/3311
vt 0.179091 0.219928
f 3369/614/3369 3413/503/3413 3395/603/3395
f 3395/603/3395 3413/503/3413 3458/504/3458
vt 0.185629 0.199494
f 3435/606/3435 3413/503/3413 3428/615/3428
vt 0.178433 0.207197
f 3412/616/3412 3435/606/3435 3428/615/3428
vt 0.179783 0.211142
f 3394/617/3394 3412/616/3412 3428/615/3428
f 3394/617/3394 3428/615/3428 3369/614/3369
vt 0.170222 0.244479
f 3181/609/3181 3330/618/3330 3310/613/3310
vt 0.165585 0.264051
f 3250/619/3250 3330/618/3330 3181/609/3181
vt 0.162547 0.287869
f 3216/620/3216 3250/619/3250 3181/609/3181
f 3110/596/3110 3216/620/3216 3181/609/3181
vt 0.152766 0.315489
vt 0.152171 0.360451
f 2857/573/2857 3126/621/3126 2945/622/2945
vt 0.159784 0.289513
f 3109/612/3109 3175/623/3175 3070/611/3070
vt 0.160622 0.275854
f 3175/623/3175 3215/624/3215 3216/620/3216
vt 0.163428 0.261738
f 3225/625/3225 3250/619/3250 3216/620/3216
f 3330/618/3330 3369/614/3369 3341/607/3341
vt 0.168799 0.228632
f 3347/626/3347 3412/616/3412 3394/617/3394
vt 0.169392 0.233277
f 3353/627/3353 3347/626/3347 3394/617/3394
f 3369/614/3369 3353/627/3353 3394/617/3394
vt 0.168306 0.241851
f 3322/628/3322 3369/614/3369 3330/618/3330
vt 0.165339 0.247358
f 3225/625/3225 3309/629/3309 3322/628/3322
f 3225/625/3225 3322/628/3322 3250/619/3250
vt 0.157896 0.283797
vt 0.160029 0.266962
f 3199/630/3199 3249/631/3249 3215/624/3215
f 3199/630/3199 3215/624/3215 3175/623/3175
vt 0.155774 0.308871
vt 0.155096 0.288808
f 3127/632/3127 3180/633/3180 3199/630/3199
f 3127/632/3127 3199/630/3199 3109/612/3109
f 3109/612/3109 3199/630/3199 3175/623/3175
vt 0.146957 0.315483
f 2857/573/2857 3108/634/3108 3126/621/3126
vt 0.134295 0.361966
vt 0.142837 0.334103
f 2888/635/2888 3003/636/3003 2847/572/2847
vt 0.157061 0.267109
f 3180/633/3180 3258/637/3258 3199/630/3199
vt 0.163151 0.247574
f 3258/637/3258 3329/638/3329 3249/631/3249
f 3249/631/3249 3329/638/3329 3225/625/3225
f 3309/629/3309 3329/638/3329 3353/627/3353
f 3309/629/3309 3353/627/3353 3322/628/3322
vt 0.179159 0.196022
f 3412/616/3412 3457/639/3457 3435/606/3435
vt 0.189371 0.183611
vt 0.198486 0.176655
f 3467/605/3467 3486/640/3486 3487/641/3487
f 3467/605/3467 3487/641/3487 3497/500/3497
f 3467/605/3467 3497/500/3497 3468/502/3468
vt 0.206229 0.168990
f 3487/641/3487 3512/642/3512 3497/500/3497
vt 0.197280 0.143668
vt 0.211951 0.141191
f 3553/643/3553 3575/499/3575 3565/644/3565
vt 0.195901 0.161377
vt 0.208976 0.156624
f 3514/645/3514 3515/646/3515 3512/642/3512
vt 0.196444 0.171825
f 3505/647/3505 3514/645/3514 3512/642/3512
vt 0.197946 0.153333
f 3514/645/3514 3533/648/3533 3515/646/3515
vt 0.197462 0.110310
f 3575/499/3575 3598/649/3598 3609/496/3609
f 3553/643/3553 3598/649/3598 3575/499/3575
f 3486/640/3486 3514/645/3514 3505/647/3505
vt 0.188455 0.154869
f 3532/650/3532 3553/643/3553 3533/648/3533
vt 0.192691 0.126750
f 3553/643/3553 3581/651/3581 3598/649/3598
vt 0.193540 0.103791
f 3598/649/3598 3621/652/3621 3614/495/3614
f 3621/652/3621 3637/493/3637 3614/495/3614
vt 0.199326 0.086108
f 3621/652/3621 3651/653/3651 3644/490/3644
f 3621/652/3621 3644/490/3644 3637/493/3637
f 3651/653/3651 3659/491/3659 3644/490/3644
vt 0.205433 0.000000
vt 0.202037 0.073930
f 3698/654/3698 3670/655/3670 3659/491/3659
vt 0.183371 0.084454
f 3658/656/3658 3698/654/3698 3659/491/3659
vt 0.188579 0.089032
f 3621/652/3621 3643/657/3643 3651/653/3651
vt 0.178519 0.169877
f 3504/658/3504 3532/650/3532 3533/648/3533
f 3514/645/3514 3504/658/3504 3533/648/3533
f 3457/639/3457 3486/640/3486 3435/606/3435
vt 0.184288 0.142035
f 3553/643/3553 3564/659/3564 3581/651/3581
vt 0.187741 0.133042
f 3564/659/3564 3574/660/3574 3581/651/3581
vt 0.183929 0.118837
vt 0.185872 0.096679
f 3597/661/3597 3627/662/3627 3581/651/3581
f 3581/651/3581 3627/662/3627 3621/652/3621
vt 0.166399 0.200236
vt 0.178380 0.179461
f 3443/663/3443 3496/664/3496 3457/639/3457
f 3457/639/3457 3496/664/3496 3486/640/3486
f 3496/664/3496 3504/658/3504 3514/645/3514
f 3532/650/3532 3564/659/3564 3553/643/3553
vt 0.182710 0.129148
f 3564/659/3564 3573/665/3573 3574/660/3574
f 3573/665/3573 3597/661/3597 3574/660/3574
f 3574/660/3574 3597/661/3597 3581/651/3581
vt 0.175921 0.164890
f 3526/666/3526 3564/659/3564 3532/650/3532
vt 0.174191 0.143522
f 3526/666/3526 3548/667/3548 3564/659/3564
f 3573/665/3573 3564/659/3564 3548/667/3548
vt 0.173212 0.124255
f 3572/668/3572 3573/665/3573 3548/667/3548
f 3526/666/3526 3532/650/3532 3504/658/3504
vt 0.162289 0.238798
vt 0.171080 0.215042
f 3340/669/3340 3411/670/3411 3347/626/3347
vt 0.163477 0.190489
f 3443/663/3443 3485/671/3485 3504/658/3504
f 3485/671/3485 3526/666/3526 3504/658/3504
vt 0.157255 0.227743
f 3296/672/3296 3443/663/3443 3411/670/3411
f 3258/637/3258 3340/669/3340 3329/638/3329
vt 0.151279 0.264594
f 3274/673/3274 3258/637/3258 3180/633/3180
vt 0.147342 0.286644
f 3108/634/3108 3198/674/3198 3180/633/3180
f 3108/634/3108 3180/633/3180 3126/621/3126
vt 0.144650 0.306886
f 3125/675/3125 3198/674/3198 3108/634/3108
f 3003/636/3003 3125/675/3125 3108/634/3108
vt 0.131067 0.389950
f 2888/635/2888 2847/572/2847 2810/676/2810
f 2698/571/2698 2810/676/2810 2699/566/2699
vt 0.134572 0.470210
f 2330/567/2330 2388/568/2388 2360/677/2360
f 2283/563/2283 2330/567/2330 2304/522/2304
vt 0.097432 0.506717
f 2163/678/2163 2136/560/2136 2045/562/2045
vt 0.085563 0.520468
vt 0.090938 0.513080
vt 0.089380 0.521946
f 2070/679/2070 2102/680/2102 2071/681/2071
vt 0.080273 0.532399
vt 0.083668 0.531603
f 1979/682/1979 2070/679/2070 1997/683/1997
vt 0.077508 0.543423
vt 0.079507 0.546758
f 1927/684/1927 1979/682/1979 1928/685/1928
vt 0.074881 0.563623
f 1842/686/1842 1927/684/1927 1928/685/1928
vt 0.072164 0.606588
vt 0.080283 0.589032
vt 0.079354 0.609820
f 1608/687/1608 1662/688/1662 1609/689/1609
vt 0.074306 0.618227
f 1524/690/1524 1609/689/1609 1507/552/1507
vt 0.029278 0.597956
vt 0.030308 0.625770
f 1685/691/1685 1552/544/1552 1523/692/1523
vt 0.039555 0.614666
vt 0.044825 0.584716
f 1630/693/1630 1702/694/1702 1506/545/1506
vt 0.057085 0.611921
vt 0.059416 0.601408
f 1576/695/1576 1688/696/1688 1553/550/1553
vt 0.061829 0.606834
f 1553/550/1553 1688/696/1688 1631/697/1631
vt 0.061853 0.617923
f 1553/550/1553 1631/697/1631 1554/698/1554
vt 0.069146 0.604052
vt 0.069748 0.623162
f 1631/697/1631 1661/699/1661 1555/700/1555
f 1524/690/1524 1608/687/1608 1609/689/1609
vt 0.073351 0.585528
f 1608/687/1608 1743/701/1743 1662/688/1662
vt 0.070399 0.579960
vt 0.072067 0.569134
f 1742/702/1742 1795/703/1795 1743/701/1743
vt 0.071102 0.562450
f 1795/703/1795 1883/704/1883 1842/686/1842
f 1842/686/1842 1883/704/1883 1927/684/1927
vt 0.076173 0.534973
f 1883/704/1883 2044/705/2044 1927/684/1927
f 1927/684/1927 2044/705/2044 1979/682/1979
vt 0.083518 0.517316
f 2044/705/2044 2122/706/2122 1979/682/1979
f 1979/682/1979 2122/706/2122 2070/679/2070
f 2070/679/2070 2122/706/2122 2102/680/2102
vt 0.094561 0.502397
f 2163/678/2163 2212/707/2212 2136/560/2136
f 2212/707/2212 2283/563/2283 2233/556/2233
vt 0.111946 0.446512
vt 0.127391 0.447274
f 2450/569/2450 2528/708/2528 2471/709/2471
f 2471/709/2471 2528/708/2528 2529/565/2529
vt 0.135323 0.323080
f 3003/636/3003 3039/710/3039 3125/675/3125
f 3274/673/3274 3340/669/3340 3258/637/3258
vt 0.161283 0.160785
f 3485/671/3485 3525/711/3525 3526/666/3526
f 3525/711/3525 3548/667/3548 3526/666/3526
vt 0.171833 0.117792
vt 0.174873 0.003891
vt 0.180075 0.099803
f 3595/712/3595 3684/713/3684 3626/714/3626
f 3626/714/3626 3627/662/3627 3597/661/3597
f 3627/662/3627 3643/657/3643 3621/652/3621
f 3626/714/3626 3658/656/3658 3627/662/3627
f 3627/662/3627 3658/656/3658 3643/657/3643
f 3684/713/3684 3698/654/3698 3658/656/3658
f 3684/713/3684 3658/656/3658 3626/714/3626
vt 0.156975 0.145312
f 3563/715/3563 3572/668/3572 3548/667/3548
f 3563/715/3563 3595/712/3595 3572/668/3572
f 3525/711/3525 3563/715/3563 3548/667/3548
vt 0.156574 0.218591
f 3296/672/3296 3368/716/3368 3443/663/3443
vt 0.146473 0.260377
vt 0.149754 0.257115
f 3273/717/3273 3295/718/3295 3198/674/3198
vt 0.143047 0.286032
f 3197/719/3197 3198/674/3198 3125/675/3125
vt 0.137531 0.303794
f 3039/710/3039 3124/720/3124 3125/675/3125
vt 0.122437 0.387607
vt 0.127433 0.363728
f 2730/721/2730 2856/722/2856 2810/676/2810
f 2698/571/2698 2730/721/2730 2810/676/2810
vt 0.101214 0.476713
f 2329/723/2329 2388/568/2388 2330/567/2330
vt 0.098576 0.483064
f 2329/723/2329 2330/567/2330 2282/724/2282
vt 0.095534 0.487619
f 2264/725/2264 2283/563/2283 2212/707/2212
f 2282/724/2282 2330/567/2330 2283/563/2283
vt 0.087889 0.494910
f 2212/707/2212 2211/726/2211 2264/725/2264
vt 0.098909 0.469985
f 2329/723/2329 2370/727/2370 2388/568/2388
vt 0.101243 0.457323
f 2430/728/2430 2450/569/2450 2388/568/2388
vt 0.123524 0.362060
f 2887/729/2887 2856/722/2856 2730/721/2730
f 3124/720/3124 3197/719/3197 3125/675/3125
vt 0.151247 0.237850
f 3339/730/3339 3296/672/3296 3295/718/3295
vt 0.150899 0.222729
f 3393/731/3393 3485/671/3485 3368/716/3368
f 3273/717/3273 3339/730/3339 3295/718/3295
vt 0.133123 0.303684
f 3039/710/3039 3139/732/3139 3124/720/3124
vt 0.132693 0.341409
f 2887/729/2887 2960/733/2960 2856/722/2856
f 2430/728/2430 2528/708/2528 2450/569/2450
vt 0.105278 0.442793
vt 0.117372 0.410851
f 2550/734/2550 2697/735/2697 2698/571/2698
vt 0.105603 0.429362
f 2623/736/2623 2730/721/2730 2697/735/2697
f 2370/727/2370 2430/728/2430 2388/568/2388
vt 0.095098 0.450245
f 2430/728/2430 2449/737/2449 2528/708/2528
f 2449/737/2449 2550/734/2550 2528/708/2528
vt 0.094062 0.437384
f 2549/738/2549 2730/721/2730 2623/736/2623
f 2449/737/2449 2623/736/2623 2550/734/2550
vt 0.089761 0.456920
f 2429/739/2429 2449/737/2449 2430/728/2430
vt 0.091497 0.483060
vt 0.088502 0.479603
f 2281/740/2281 2328/741/2328 2329/723/2329
vt 0.078843 0.507756
f 2122/706/2122 2162/742/2162 2212/707/2212
f 2162/742/2162 2211/726/2211 2212/707/2212
vt 0.083406 0.490274
vt 0.092126 0.487069
f 2262/743/2262 2281/740/2281 2263/744/2263
f 2262/743/2262 2263/744/2263 2211/726/2211
vt 0.082651 0.496186
f 2262/743/2262 2211/726/2211 2210/745/2210
vt 0.076095 0.499166
f 2209/746/2209 2262/743/2262 2210/745/2210
vt 0.072800 0.509614
f 2161/747/2161 2209/746/2209 2210/745/2210
f 2162/742/2162 2161/747/2161 2210/745/2210
f 2044/705/2044 2162/742/2162 2122/706/2122
vt 0.071274 0.532107
f 1883/704/1883 2026/748/2026 2044/705/2044
f 1742/702/1742 1883/704/1883 1795/703/1795
vt 0.056726 0.593234
vt 0.059446 0.565219
f 1725/749/1725 1813/750/1813 1688/696/1688
vt 0.063318 0.583734
f 1766/751/1766 1883/704/1883 1742/702/1742
vt 0.064099 0.559920
f 1766/751/1766 1882/752/1882 1883/704/1883
f 1882/752/1882 2026/748/2026 1883/704/1883
vt 0.069509 0.506606
f 2161/747/2161 2160/753/2160 2209/746/2209
vt 0.075613 0.491848
f 2209/746/2209 2261/754/2261 2262/743/2262
f 2262/743/2262 2328/741/2328 2281/740/2281
vt 0.084908 0.466931
f 2328/741/2328 2387/755/2387 2370/727/2370
f 2370/727/2370 2387/755/2387 2430/728/2430
f 2387/755/2387 2429/739/2429 2430/728/2430
f 2449/737/2449 2549/738/2549 2623/736/2623
vt 0.081184 0.407185
f 2549/738/2549 2780/756/2780 2887/729/2887
vt 0.098220 0.352586
f 2780/756/2780 2846/757/2846 2887/729/2887
f 2887/729/2887 3139/732/3139 3039/710/3039
f 2887/729/2887 2846/757/2846 3139/732/3139
vt 0.142848 0.261728
f 3139/732/3139 3308/758/3308 3197/719/3197
f 3308/758/3308 3393/731/3393 3339/730/3339
vt 0.137534 0.212546
f 3367/759/3367 3485/671/3485 3393/731/3393
vt 0.157537 0.173285
f 3367/759/3367 3484/760/3484 3485/671/3485
vt 0.159593 0.128405
vt 0.171477 0.000000
f 3571/761/3571 3697/762/3697 3595/712/3595
vt 0.152679 0.141900
f 3562/763/3562 3571/761/3571 3595/712/3595
vt 0.151034 0.158687
f 3524/764/3524 3563/715/3563 3525/711/3525
vt 0.121345 0.266913
vt 0.130265 0.248781
f 3272/765/3272 3294/766/3294 3308/758/3308
vt 0.110560 0.307221
vt 0.117976 0.278963
f 3090/767/3090 3196/768/3196 3139/732/3139
vt 0.084125 0.453522
f 2780/756/2780 2549/738/2549 2470/769/2470
vt 0.071025 0.485024
f 2261/754/2261 2260/770/2260 2387/755/2387
vt 0.076673 0.469428
f 2260/770/2260 2386/771/2386 2387/755/2387
vt 0.068832 0.513904
f 2068/772/2068 2160/753/2160 2161/747/2161
vt 0.070675 0.517694
f 2068/772/2068 2161/747/2161 2069/773/2069
vt 0.065242 0.529066
vt 0.068314 0.530761
f 2025/774/2025 2069/773/2069 2043/775/2043
vt 0.057045 0.562832
f 1725/749/1725 1880/776/1880 1813/750/1813
vt 0.060966 0.554151
f 1880/776/1880 1905/777/1905 1813/750/1813
vt 0.062050 0.531257
f 1880/776/1880 2024/778/2024 1905/777/1905
vt 0.063813 0.541032
vt 0.063199 0.552070
f 1905/777/1905 1978/779/1978 1881/780/1881
f 1905/777/1905 2024/778/2024 1978/779/1978
f 2024/778/2024 2025/774/2025 1978/779/1978
f 2024/778/2024 2068/772/2068 2025/774/2025
f 2024/778/2024 2160/753/2160 2068/772/2068
vt 0.066344 0.478002
vt 0.069336 0.438934
f 2327/781/2327 2573/782/2573 2470/769/2470
vt 0.065387 0.489396
f 2280/783/2280 2327/781/2327 2386/771/2386
vt 0.062797 0.503140
f 2208/784/2208 2280/783/2280 2260/770/2260
f 2208/784/2208 2160/753/2160 2024/778/2024
vt 0.048574 0.590418
vt 0.050842 0.555780
f 1724/785/1724 1904/786/1904 1880/776/1880
vt 0.055485 0.531812
f 1904/786/1904 2042/787/2042 1880/776/1880
f 2042/787/2042 2208/784/2208 2024/778/2024
vt 0.058733 0.457417
f 2469/788/2469 2573/782/2573 2327/781/2327
vt 0.077851 0.401942
vt 0.090589 0.366870
f 2622/789/2622 2845/790/2845 2780/756/2780
f 3308/758/3308 3294/766/3294 3367/759/3367
vt 0.146110 0.184463
f 3367/759/3367 3495/791/3495 3484/760/3484
f 3495/791/3495 3524/764/3524 3484/760/3484
f 3524/764/3524 3562/763/3562 3563/715/3563
vt 0.151104 0.000000
f 3562/763/3562 3696/792/3696 3571/761/3571
vt 0.142446 0.171419
f 3494/793/3494 3524/764/3524 3495/791/3495
vt 0.127729 0.243403
f 3272/765/3272 3328/794/3328 3294/766/3294
vt 0.132340 0.216596
f 3328/794/3328 3410/795/3410 3367/759/3367
f 3410/795/3410 3495/791/3495 3367/759/3367
vt 0.142037 0.160987
f 3494/793/3494 3523/796/3523 3524/764/3524
vt 0.147708 0.000000
f 3523/796/3523 3695/797/3695 3562/763/3562
vt 0.149406 0.143969
f 3695/797/3695 3547/798/3547 3562/763/3562
vt 0.132102 0.194822
f 3427/799/3427 3494/793/3494 3495/791/3495
f 3410/795/3410 3427/799/3427 3495/791/3495
vt 0.097926 0.338220
f 2845/790/2845 2987/800/2987 2846/757/2846
vt 0.057181 0.500151
vt 0.055979 0.483200
f 2207/801/2207 2279/802/2279 2327/781/2327
f 2207/801/2207 2327/781/2327 2280/783/2280
vt 0.054729 0.515358
f 2135/803/2135 2280/783/2280 2208/784/2208
vt 0.051677 0.531445
f 2023/804/2023 2208/784/2208 2042/787/2042
vt 0.047352 0.555240
f 1841/805/1841 1904/786/1904 1724/785/1724
vt 0.050028 0.547354
f 1841/805/1841 2023/804/2023 1955/806/1955
f 2135/803/2135 2207/801/2207 2280/783/2280
f 2279/802/2279 2469/788/2469 2327/781/2327
f 2573/782/2573 2622/789/2622 2780/756/2780
vt 0.114255 0.260646
f 3272/765/3272 3283/807/3283 3328/794/3328
vt 0.122085 0.236912
f 3283/807/3283 3338/808/3338 3328/794/3328
vt 0.125262 0.210310
f 3338/808/3338 3409/809/3409 3328/794/3328
f 3328/794/3328 3409/809/3409 3410/795/3410
f 3409/809/3409 3427/799/3427 3410/795/3410
vt 0.129838 0.189326
f 3427/799/3427 3475/810/3475 3494/793/3494
vt 0.139219 0.163424
f 3494/793/3494 3511/811/3511 3523/796/3523
f 3475/810/3475 3511/811/3511 3494/793/3494
f 3196/768/3196 3283/807/3283 3272/765/3272
vt 0.103459 0.292278
vt 0.108207 0.300473
f 3038/812/3038 3196/768/3196 3153/813/3153
f 3038/812/3038 3283/807/3283 3196/768/3196
vt 0.112923 0.252279
f 3283/807/3283 3271/814/3271 3338/808/3338
vt 0.119585 0.231633
f 3346/815/3346 3409/809/3409 3338/808/3338
f 3409/809/3409 3475/810/3475 3427/799/3427
vt 0.122241 0.202335
vt 0.137521 0.000000
f 3408/816/3408 3694/817/3694 3475/810/3475
f 3408/816/3408 3475/810/3475 3409/809/3409
vt 0.110357 0.249027
vt 0.119909 0.205329
f 3282/818/3282 3407/819/3407 3346/815/3346
f 3282/818/3282 3346/815/3346 3271/814/3271
vt 0.105061 0.276450
f 3174/820/3174 3271/814/3271 3283/807/3283
f 3038/812/3038 3174/820/3174 3283/807/3283
vt 0.095211 0.308225
f 3179/821/3179 3174/820/3174 3038/812/3038
vt 0.091539 0.335088
f 3002/822/3002 3179/821/3179 3038/812/3038
vt 0.085336 0.356877
vt 0.085417 0.344850
f 2886/823/2886 2986/824/2986 3002/822/3002
vt 0.071650 0.390626
f 2779/825/2779 2886/823/2886 2845/790/2845
f 2622/789/2622 2779/825/2779 2845/790/2845
vt 0.067358 0.409786
f 2696/826/2696 2779/825/2779 2622/789/2622
f 2573/782/2573 2696/826/2696 2622/789/2622
vt 0.049811 0.504457
f 2067/827/2067 2279/802/2279 2207/801/2207
f 2067/827/2067 2207/801/2207 2135/803/2135
vt 0.044140 0.530754
f 1841/805/1841 2041/828/2041 2023/804/2023
vt 0.040054 0.554716
f 1903/829/1903 1841/805/1841 1702/694/1702
vt 0.036094 0.600059
f 1685/691/1685 1686/830/1686 1552/544/1552
vt 0.037502 0.582017
vt 0.037195 0.550470
f 1687/831/1687 1954/832/1954 1903/829/1903
f 1903/829/1903 2041/828/2041 1841/805/1841
f 2041/828/2041 2067/827/2067 2023/804/2023
vt 0.048465 0.474695
f 2279/802/2279 2359/833/2359 2469/788/2469
vt 0.052656 0.443587
vt 0.061448 0.426007
f 2548/834/2548 2621/835/2621 2573/782/2573
vt 0.042444 0.256810
vt 0.069072 0.306750
f 3307/836/3307 3179/821/3179 3089/837/3089
vt 0.069189 0.386423
f 3089/837/3089 2986/824/2986 2717/838/2717
vt 0.049775 0.457033
f 2448/839/2448 2548/834/2548 2469/788/2469
f 2359/833/2359 2448/839/2448 2469/788/2469
vt 0.041908 0.502657
f 2179/840/2179 2359/833/2359 2279/802/2279
f 2179/840/2179 2279/802/2279 2067/827/2067
f 1903/829/1903 1954/832/1954 2041/828/2041
vt 0.029297 0.564708
f 1840/841/1840 1954/832/1954 1687/831/1687
vt 0.030082 0.543054
f 1840/841/1840 1996/842/1996 1954/832/1954
f 2717/838/2717 2779/825/2779 2696/826/2696
vt 0.053704 0.427638
f 3089/837/3089 2717/838/2717 2643/843/2643
f 2548/834/2548 2643/843/2643 2621/835/2621
vt 0.045450 0.472008
vt 0.046891 0.450142
f 2358/844/2358 2468/845/2468 2448/839/2448
vt 0.042445 0.303502
f 3088/846/3088 3089/837/3089 2643/843/2643
f 3088/846/3088 2643/843/2643 2468/845/2468
f 2358/844/2358 3088/846/3088 2468/845/2468
vt 0.039601 0.492614
f 2278/847/2278 2359/833/2359 2179/840/2179
vt 0.037070 0.521404
f 1954/832/1954 2101/848/2101 2041/828/2041
f 1996/842/1996 2101/848/2101 1954/832/1954
vt 0.026544 0.585363
f 1685/691/1685 1723/849/1723 1840/841/1840
vt 0.000000 0.556420
f 1574/540/1574 1838/850/1838 1723/849/1723
vt 0.025467 0.556420
f 1838/850/1838 1839/851/1839 1723/849/1723
f 1723/849/1723 1839/851/1839 1840/841/1840
f 2101/848/2101 2278/847/2278 2179/840/2179
vt 0.000000 0.431907
vt 0.035654 0.509728
f 2547/852/2547 2278/847/2278 2121/853/2121
f 2547/852/2547 2358/844/2358 2278/847/2278
f 2101/848/2101 2121/853/2121 2278/847/2278
f 1996/842/1996 2121/853/2121 2101/848/2101
vt 0.000000 0.517510
f 2066/854/2066 1996/842/1996 1839/851/1839
f 2066/854/2066 2121/853/2121 1996/842/1996
f 1839/851/1839 1996/842/1996 1840/841/1840
f 1838/850/1838 2066/854/2066 1839/851/1839
f 2278/847/2278 2358/844/2358 2359/833/2359
f 2547/852/2547 3088/846/3088 2358/844/2358
vt 0.022071 0.303502
f 2547/852/2547 3087/855/3087 3088/846/3088
f 3087/855/3087 3307/836/3307 3088/846/3088
vt 0.069610 0.210117
f 3179/821/3179 3307/836/3307 3384/856/3384
vt 0.083192 0.210117
f 3179/821/3179 3384/856/3384 3385/857/3385
vt 0.101868 0.272374
f 3179/821/3179 3385/857/3385 3214/858/3214
vt 0.093379 0.000000
f 3385/857/3385 3691/859/3691 3214/858/3214
vt 0.076401 0.000000
f 3384/856/3384 3689/860/3689 3385/857/3385
vt 0.062818 0.023346
f 3307/836/3307 3682/861/3682 3384/856/3384
vt 0.069610 0.000000
f 3384/856/3384 3682/861/3682 3688/862/3688
vt 0.035654 0.023346
f 3681/863/3681 3682/861/3682 3307/836/3307
vt 0.025467 0.023346
f 3307/836/3307 3680/864/3680 3681/863/3681
vt 0.049236 0.000000
f 3681/863/3681 3680/864/3680 3687/865/3687
f 3307/836/3307 3685/285/3685 3680/864/3680
f 3682/861/3682 3681/863/3681 3687/865/3687
f 3685/285/3685 3307/836/3307 3087/855/3087
f 2468/845/2468 2643/843/2643 2548/834/2548
f 3088/846/3088 3307/836/3307 3089/837/3089
f 2468/845/2468 2548/834/2548 2448/839/2448
f 2643/843/2643 2717/838/2717 2696/826/2696
f 2621/835/2621 2643/843/2643 2696/826/2696
f 2358/844/2358 2448/839/2448 2359/833/2359
f 2101/848/2101 2179/840/2179 2041/828/2041
f 1685/691/1685 1840/841/1840 1687/831/1687
f 2179/840/2179 2067/827/2067 2041/828/2041
f 2717/838/2717 2886/823/2886 2779/825/2779
f 2886/823/2886 2717/838/2717 2986/824/2986
f 2986/824/2986 3089/837/3089 3179/821/3179
f 1685/691/1685 1687/831/1687 1686/830/1686
f 1574/540/1574 1723/849/1723 1685/691/1685
f 1574/540/1574 1685/691/1685 1523/692/1523
f 1686/830/1686 1687/831/1687 1630/693/1630
f 1687/831/1687 1903/829/1903 1702/694/1702
f 2067/827/2067 2135/803/2135 2023/804/2023
f 2469/788/2469 2548/834/2548 2573/782/2573
f 2621/835/2621 2696/826/2696 2573/782/2573
f 2886/823/2886 3002/822/3002 2987/800/2987
f 2986/824/2986 3179/821/3179 3002/822/3002
f 3179/821/3179 3214/858/3214 3174/820/3174
f 3214/858/3214 3282/818/3282 3174/820/3174
vt 0.100170 0.000000
f 3214/858/3214 3692/866/3692 3282/818/3282
f 3271/814/3271 3346/815/3346 3338/808/3338
f 3174/820/3174 3282/818/3282 3271/814/3271
vt 0.123939 0.000000
f 3282/818/3282 3693/867/3693 3407/819/3407
f 3407/819/3407 3693/867/3693 3408/816/3408
f 3407/819/3407 3409/809/3409 3346/815/3346
f 3407/819/3407 3408/816/3408 3409/809/3409
f 3002/822/3002 3038/812/3038 2987/800/2987
f 3475/810/3475 3694/817/3694 3511/811/3511
f 2987/800/2987 3038/812/3038 3153/813/3153
f 2845/790/2845 2886/823/2886 2987/800/2987
f 1702/694/1702 1841/805/1841 1724/785/1724
f 1841/805/1841 1955/806/1955 1904/786/1904
f 1955/806/1955 2023/804/2023 2042/787/2042
f 2023/804/2023 2135/803/2135 2208/784/2208
f 2987/800/2987 3153/813/3153 3090/767/3090
f 3153/813/3153 3196/768/3196 3090/767/3090
f 3511/811/3511 3695/797/3695 3523/796/3523
f 3294/766/3294 3328/794/3328 3367/759/3367
f 3523/796/3523 3562/763/3562 3524/764/3524
f 3547/798/3547 3696/792/3696 3562/763/3562
f 2846/757/2846 2987/800/2987 3090/767/3090
f 1904/786/1904 1955/806/1955 2042/787/2042
f 1724/785/1724 1880/776/1880 1725/749/1725
f 1880/776/1880 2042/787/2042 2024/778/2024
f 2280/783/2280 2386/771/2386 2260/770/2260
f 2208/784/2208 2260/770/2260 2160/753/2160
vt 0.060935 0.578363
f 1813/750/1813 1905/777/1905 1781/868/1781
f 1781/868/1781 1905/777/1905 1882/752/1882
f 1781/868/1781 1882/752/1882 1766/751/1766
f 1905/777/1905 1881/780/1881 1882/752/1882
f 1882/752/1882 1881/780/1881 2026/748/2026
f 2043/775/2043 2162/742/2162 2026/748/2026
f 2043/775/2043 2069/773/2069 2162/742/2162
f 1881/780/1881 2043/775/2043 2026/748/2026
f 1881/780/1881 1978/779/1978 2043/775/2043
f 2025/774/2025 2043/775/2043 1978/779/1978
f 2025/774/2025 2068/772/2068 2069/773/2069
f 2160/753/2160 2260/770/2260 2261/754/2261
f 2327/781/2327 2470/769/2470 2386/771/2386
f 2261/754/2261 2387/755/2387 2328/741/2328
f 2386/771/2386 2470/769/2470 2429/739/2429
f 2386/771/2386 2429/739/2429 2387/755/2387
f 2470/769/2470 2549/738/2549 2449/737/2449
f 2429/739/2429 2470/769/2470 2449/737/2449
f 2573/782/2573 2780/756/2780 2470/769/2470
f 3196/768/3196 3272/765/3272 3308/758/3308
f 3308/758/3308 3367/759/3367 3393/731/3393
f 3562/763/3562 3595/712/3595 3563/715/3563
f 3524/764/3524 3525/711/3525 3484/760/3484
f 3139/732/3139 3196/768/3196 3308/758/3308
f 3090/767/3090 3139/732/3139 2846/757/2846
f 2780/756/2780 2845/790/2845 2846/757/2846
f 2261/754/2261 2328/741/2328 2262/743/2262
f 2160/753/2160 2261/754/2261 2209/746/2209
f 2069/773/2069 2161/747/2161 2162/742/2162
f 1506/545/1506 1724/785/1724 1575/547/1575
f 1702/694/1702 1724/785/1724 1506/545/1506
f 1724/785/1724 1725/749/1725 1607/548/1607
f 1766/751/1766 1661/699/1661 1631/697/1631
f 1742/702/1742 1608/687/1608 1661/699/1661
f 1742/702/1742 1743/701/1743 1608/687/1608
f 1781/868/1781 1766/751/1766 1631/697/1631
f 1688/696/1688 1781/868/1781 1631/697/1631
f 1688/696/1688 1813/750/1813 1781/868/1781
f 1766/751/1766 1742/702/1742 1661/699/1661
f 2026/748/2026 2162/742/2162 2044/705/2044
f 2162/742/2162 2210/745/2210 2211/726/2211
f 2211/726/2211 2263/744/2263 2264/725/2264
f 2281/740/2281 2264/725/2264 2263/744/2263
f 2281/740/2281 2282/724/2282 2264/725/2264
f 2887/729/2887 2730/721/2730 2549/738/2549
f 2550/734/2550 2623/736/2623 2697/735/2697
f 2550/734/2550 2698/571/2698 2528/708/2528
f 2887/729/2887 3039/710/3039 2960/733/2960
f 3139/732/3139 3197/719/3197 3124/720/3124
f 3308/758/3308 3339/730/3339 3273/717/3273
f 3339/730/3339 3393/731/3393 3368/716/3368
f 3339/730/3339 3368/716/3368 3296/672/3296
f 3308/758/3308 3273/717/3273 3197/719/3197
f 2328/741/2328 2370/727/2370 2329/723/2329
f 2281/740/2281 2329/723/2329 2282/724/2282
f 2264/725/2264 2282/724/2282 2283/563/2283
f 2697/735/2697 2730/721/2730 2698/571/2698
f 2856/722/2856 2960/733/2960 2888/635/2888
f 3197/719/3197 3273/717/3273 3198/674/3198
f 3274/673/3274 3295/718/3295 3296/672/3296
f 3368/716/3368 3485/671/3485 3443/663/3443
f 3484/760/3484 3525/711/3525 3485/671/3485
f 3697/762/3697 3684/713/3684 3595/712/3595
f 3274/673/3274 3296/672/3296 3340/669/3340
f 3198/674/3198 3295/718/3295 3274/673/3274
f 2960/733/2960 3039/710/3039 3003/636/3003
f 2888/635/2888 2960/733/2960 3003/636/3003
f 2810/676/2810 2856/722/2856 2888/635/2888
f 2528/708/2528 2698/571/2698 2529/565/2529
f 2122/706/2122 2212/707/2212 2102/680/2102
f 1795/703/1795 1842/686/1842 1743/701/1743
vt 0.080696 0.565095
f 1743/701/1743 1842/686/1842 1814/869/1814
f 1725/749/1725 1688/696/1688 1576/695/1576
f 1725/749/1725 1576/695/1576 1607/548/1607
f 1724/785/1724 1607/548/1607 1575/547/1575
f 1630/693/1630 1687/831/1687 1702/694/1702
f 1552/544/1552 1686/830/1686 1630/693/1630
f 1606/543/1606 1838/850/1838 1574/540/1574
f 1552/544/1552 1630/693/1630 1318/432/1318
f 1630/693/1630 1506/545/1506 1318/432/1318
f 1506/545/1506 1575/547/1575 1338/546/1338
f 1607/548/1607 1576/695/1576 1443/537/1443
f 1553/550/1553 1554/698/1554 1403/538/1403
f 1554/698/1554 1461/551/1461 1403/538/1403
f 1507/552/1507 1610/530/1610 1479/553/1479
f 1609/689/1609 1662/688/1662 1610/530/1610
f 1782/531/1782 1980/561/1980 1929/525/1929
vt 0.087207 0.547520
f 1956/870/1956 2045/562/2045 1980/561/1980
f 2163/678/2163 2045/562/2045 2102/680/2102
vt 0.086889 0.538427
f 2027/871/2027 2071/681/2071 2045/562/2045
f 1928/685/1928 2027/871/2027 1956/870/1956
f 1814/869/1814 1928/685/1928 1956/870/1956
vt 0.085075 0.567155
f 1814/869/1814 1956/870/1956 1843/872/1843
f 1507/552/1507 1609/689/1609 1610/530/1610
f 1662/688/1662 1843/872/1843 1782/531/1782
f 1782/531/1782 1843/872/1843 1980/561/1980
f 1843/872/1843 1956/870/1956 1980/561/1980
f 1662/688/1662 1814/869/1814 1843/872/1843
f 1842/686/1842 1928/685/1928 1814/869/1814
f 1997/683/1997 2071/681/2071 2027/871/2027
f 1928/685/1928 1997/683/1997 2027/871/2027
f 1928/685/1928 1979/682/1979 1997/683/1997
f 2027/871/2027 2045/562/2045 1956/870/1956
f 2071/681/2071 2102/680/2102 2045/562/2045
f 1524/690/1524 1507/552/1507 1462/532/1462
f 1555/700/1555 1524/690/1524 1462/532/1462
f 1608/687/1608 1524/690/1524 1555/700/1555
f 1554/698/1554 1555/700/1555 1461/551/1461
f 1631/697/1631 1555/700/1555 1554/698/1554
f 1576/695/1576 1553/550/1553 1443/537/1443
f 1661/699/1661 1608/687/1608 1555/700/1555
f 1743/701/1743 1814/869/1814 1662/688/1662
f 2070/679/2070 2071/681/2071 1997/683/1997
f 2102/680/2102 2212/707/2212 2163/678/2163
f 2136/560/2136 2212/707/2212 2233/556/2233
f 2360/677/2360 2388/568/2388 2405/570/2405
f 3198/674/3198 3274/673/3274 3180/633/3180
f 3329/638/3329 3340/669/3340 3347/626/3347
f 3296/672/3296 3411/670/3411 3340/669/3340
f 3411/670/3411 3443/663/3443 3457/639/3457
f 3443/663/3443 3504/658/3504 3496/664/3496
f 3595/712/3595 3597/661/3597 3572/668/3572
f 3572/668/3572 3597/661/3597 3573/665/3573
f 3595/712/3595 3626/714/3626 3597/661/3597
f 3496/664/3496 3514/645/3514 3486/640/3486
f 3581/651/3581 3621/652/3621 3598/649/3598
f 3643/657/3643 3658/656/3658 3651/653/3651
f 3658/656/3658 3659/491/3659 3651/653/3651
f 3659/491/3659 3670/655/3670 3699/484/3699
f 3487/641/3487 3505/647/3505 3512/642/3512
vt 0.210982 0.148899
f 3515/646/3515 3533/648/3533 3542/873/3542
f 3542/873/3542 3553/643/3553 3565/644/3565
f 3533/648/3533 3553/643/3553 3542/873/3542
f 3486/640/3486 3505/647/3505 3487/641/3487
f 3411/670/3411 3457/639/3457 3412/616/3412
f 3329/638/3329 3347/626/3347 3353/627/3353
f 2847/572/2847 3003/636/3003 2857/573/2857
f 3003/636/3003 3108/634/3108 2857/573/2857
f 3126/621/3126 3180/633/3180 3127/632/3127
f 3258/637/3258 3249/631/3249 3199/630/3199
f 3215/624/3215 3249/631/3249 3225/625/3225
f 3329/638/3329 3309/629/3309 3225/625/3225
f 3322/628/3322 3353/627/3353 3369/614/3369
f 3347/626/3347 3411/670/3411 3412/616/3412
f 3250/619/3250 3322/628/3322 3330/618/3330
f 3215/624/3215 3225/625/3225 3216/620/3216
f 3004/583/3004 3127/632/3127 3109/612/3109
f 3126/621/3126 3127/632/3127 3004/583/3004
f 3070/611/3070 3175/623/3175 3216/620/3216
f 3310/613/3310 3330/618/3330 3341/607/3341
f 3369/614/3369 3428/615/3428 3413/503/3413
f 3341/607/3341 3369/614/3369 3370/601/3370
f 3070/611/3070 3216/620/3216 3110/596/3110
f 3004/583/3004 3109/612/3109 3005/585/3005
f 3200/610/3200 3259/598/3259 3176/597/3176
f 3311/599/3311 3312/608/3312 3313/595/3313
f 3312/608/3312 3348/602/3348 3371/508/3371
f 3370/601/3370 3369/614/3369 3395/603/3395
f 3435/606/3435 3486/640/3486 3467/605/3467
f 3341/607/3341 3370/601/3370 3348/602/3348
f 3312/608/3312 3371/508/3371 3313/595/3313
f 3110/596/3110 3176/597/3176 3059/590/3059
f 3071/591/3071 3226/594/3226 3217/509/3217
f 3259/598/3259 3313/595/3313 3226/594/3226
f 3059/590/3059 3071/591/3071 2972/589/2972
f 3059/590/3059 2972/589/2972 2961/588/2961
f 2945/622/2945 3126/621/3126 3004/583/3004
f 2945/622/2945 3004/583/3004 2910/582/2910
f 2961/588/2961 2891/577/2891 2890/586/2890
f 3005/585/3005 2961/588/2961 2890/586/2890
f 3004/583/3004 3005/585/3005 2889/584/2889
f 2857/573/2857 2945/622/2945 2800/515/2800
f 2800/515/2800 2945/622/2945 2670/516/2670
f 2945/622/2945 2801/574/2801 2670/516/2670
f 2945/622/2945 2910/582/2910 2801/574/2801
f 2910/582/2910 2875/575/2875 2801/574/2801
f 2875/575/2875 2889/584/2889 2811/513/2811
f 2811/513/2811 2890/586/2890 2781/576/2781
f 2889/584/2889 2890/586/2890 2811/513/2811
f 2890/586/2890 2891/577/2891 2781/576/2781
vt 0.171277 0.385243
f 2891/577/2891 2911/579/2911 2748/874/2748
f 2961/588/2961 2911/579/2911 2891/577/2891
f 2748/874/2748 2911/579/2911 2858/581/2858
vt 0.179293 0.397151
f 2748/874/2748 2858/581/2858 2732/875/2732
f 2699/566/2699 2810/676/2810 2847/572/2847
f 2330/567/2330 2360/677/2360 2331/523/2331
f 2405/570/2405 2450/569/2450 2451/564/2451
f 2450/569/2450 2471/709/2471 2451/564/2451
f 2471/709/2471 2529/565/2529 2451/564/2451
f 1980/561/1980 1998/558/1998 1929/525/1929
f 1998/558/1998 2137/555/2137 1999/554/1999
f 1662/688/1662 1782/531/1782 1610/530/1610
f 1555/700/1555 1462/532/1462 1461/551/1461
f 1607/548/1607 1443/537/1443 1339/549/1339
f 1523/692/1523 1552/544/1552 1423/541/1423
vt 0.041495 0.670867
f 1423/541/1423 1278/876/1278 1297/437/1297
f 1423/541/1423 1318/432/1318 1278/876/1278
f 1338/546/1338 1339/549/1339 1319/433/1319
vt 0.073588 0.669706
vt 0.069620 0.666032
f 1366/539/1366 1299/877/1299 1298/878/1298
vt 0.080245 0.679097
f 1341/535/1341 1367/534/1367 1279/879/1279
f 1342/533/1342 1251/427/1251 1250/430/1250
f 1403/538/1403 1385/536/1385 1366/539/1366
f 1338/546/1338 1319/433/1319 1318/432/1318
vt 0.065410 0.662859
f 1443/537/1443 1340/880/1340 1339/549/1339
f 1367/534/1367 1342/533/1342 1300/429/1300
vt 0.094719 0.643924
vt 0.177978 0.641609
f 1251/427/1251 1404/881/1404 1424/882/1424
f 1251/427/1251 1424/882/1424 1320/428/1320
vt 0.208553 0.665844
vt 0.204890 0.698214
f 1252/883/1252 1172/884/1172 1320/428/1320
vt 0.096485 0.618351
vt 0.166093 0.619236
f 1556/885/1556 1508/886/1508 1424/882/1424
f 1404/881/1404 1556/885/1556 1424/882/1424
f 1479/553/1479 1556/885/1556 1404/881/1404
f 1610/530/1610 1556/885/1556 1479/553/1479
vt 0.196420 0.640638
f 1320/428/1320 1444/887/1444 1252/883/1252
vt 0.214859 0.669884
vt 0.221296 0.688139
f 1252/883/1252 1301/888/1301 1138/889/1138
vt 0.229534 0.682992
f 1301/888/1301 1192/890/1192 1138/889/1138
vt 0.215916 0.659791
vt 0.220412 0.660347
f 1253/891/1253 1343/892/1343 1192/890/1192
vt 0.174355 0.612904
vt 0.190424 0.621527
f 1611/893/1611 1525/894/1525 1424/882/1424
vt 0.201635 0.642716
f 1444/887/1444 1445/895/1445 1252/883/1252
vt 0.220724 0.656040
f 1302/896/1302 1254/425/1254 1343/892/1343
vt 0.223721 0.654191
f 1302/896/1302 1368/897/1368 1254/425/1254
vt 0.219509 0.640233
f 1446/898/1446 1280/422/1280 1368/897/1368
vt 0.207069 0.628513
f 1509/899/1509 1302/896/1302 1343/892/1343
vt 0.207168 0.636353
f 1386/900/1386 1253/891/1253 1445/895/1445
vt 0.181594 0.605563
f 1645/901/1645 1525/894/1525 1611/893/1611
f 1663/529/1663 1611/893/1611 1508/886/1508
vt 0.175975 0.581190
f 1744/902/1744 1611/893/1611 1663/529/1663
vt 0.208983 0.623820
f 1509/899/1509 1425/903/1425 1302/896/1302
f 1425/903/1425 1368/897/1368 1302/896/1302
f 1425/903/1425 1446/898/1446 1368/897/1368
f 1446/898/1446 1193/421/1193 1280/422/1280
f 1281/419/1281 1255/413/1255 1174/418/1174
f 1255/413/1255 1321/416/1321 1174/418/1174
vt 0.159936 0.565472
f 1863/904/1863 1663/529/1663 1906/527/1906
vt 0.185377 0.601188
f 1744/902/1744 1704/905/1704 1645/901/1645
vt 0.193271 0.602002
f 1704/905/1704 1664/906/1664 1525/894/1525
f 1525/894/1525 1664/906/1664 1445/895/1445
f 1664/906/1664 1386/900/1386 1445/895/1445
vt 0.211887 0.619677
f 1425/903/1425 1612/907/1612 1446/898/1446
vt 0.219873 0.620517
f 1612/907/1612 1557/908/1557 1446/898/1446
vt 0.234629 0.650293
f 1557/908/1557 1426/909/1426 1446/898/1446
vt 0.229206 0.631741
vt 0.237914 0.647795
f 1463/910/1463 1405/911/1405 1426/909/1426
vt 0.238378 0.580528
vt 0.250978 0.610536
f 1690/912/1690 1577/913/1577 1527/414/1527
vt 0.204272 0.614547
vt 0.201744 0.599339
f 1632/914/1632 1705/915/1705 1425/903/1425
vt 0.197731 0.603985
f 1646/916/1646 1632/914/1632 1509/899/1509
vt 0.145374 0.525959
f 2046/526/2046 2103/917/2103 1906/527/1906
f 2103/917/2103 1863/904/1863 1906/527/1906
vt 0.170279 0.560066
f 1863/904/1863 1884/918/1884 1744/902/1744
vt 0.191404 0.587427
f 1664/906/1664 1745/919/1745 1646/916/1646
vt 0.211973 0.599171
f 1612/907/1612 1665/920/1665 1557/908/1557
vt 0.262161 0.608707
f 1480/415/1480 1577/913/1577 1613/921/1613
vt 0.268695 0.605862
f 1613/921/1613 1558/922/1558 1480/415/1480
f 1558/922/1558 1528/412/1528 1480/415/1480
vt 0.299573 0.622126
f 1578/408/1578 1559/923/1559 1466/409/1466
vt 0.290891 0.602805
vt 0.305703 0.627376
f 1648/924/1648 1529/925/1529 1559/923/1559
vt 0.306843 0.605488
vt 0.303878 0.617536
f 1667/926/1667 1467/407/1467 1579/927/1579
f 1667/926/1667 1615/406/1615 1467/407/1467
f 1580/403/1580 1669/396/1669 1633/399/1633
vt 0.317069 0.585174
f 1668/928/1668 1580/403/1580 1615/406/1615
vt 0.304968 0.592499
f 1709/929/1709 1668/928/1668 1615/406/1615
f 1709/929/1709 1615/406/1615 1667/926/1667
vt 0.290014 0.594891
f 1691/930/1691 1667/926/1667 1579/927/1579
vt 0.285574 0.598112
vt 0.284643 0.604960
f 1666/931/1666 1578/408/1578 1614/932/1614
vt 0.267990 0.580089
vt 0.271554 0.600643
f 1800/933/1800 1614/932/1614 1647/934/1647
vt 0.255373 0.588875
f 1707/935/1707 1558/922/1558 1613/921/1613
f 1690/912/1690 1707/935/1707 1577/913/1577
vt 0.256274 0.582299
f 1768/936/1768 1558/922/1558 1707/935/1707
vt 0.278409 0.590260
f 1708/937/1708 1614/932/1614 1800/933/1800
f 1708/937/1708 1666/931/1666 1614/932/1614
vt 0.280742 0.581870
f 1770/938/1770 1691/930/1691 1648/924/1648
vt 0.276184 0.581505
f 1769/939/1769 1770/938/1770 1666/931/1666
f 1769/939/1769 1666/931/1666 1708/937/1708
vt 0.224596 0.614800
vt 0.218427 0.599878
vt 0.229895 0.593550
f 1526/940/1526 1689/941/1689 1706/942/1706
vt 0.221042 0.548278
vt 0.233920 0.563088
vt 0.224948 0.575861
f 1865/943/1865 1816/944/1816 1799/945/1799
vt 0.200795 0.549083
vt 0.203011 0.536412
f 1933/946/1933 1981/947/1981 1865/943/1865
vt 0.191406 0.533949
vt 0.196507 0.527917
f 2001/948/2001 2029/949/2029 1933/946/1933
vt 0.181907 0.535390
vt 0.187090 0.552338
f 2028/950/2028 2001/948/2001 1932/951/1932
vt 0.172577 0.519730
vt 0.181136 0.546412
vt 0.173745 0.533773
f 2139/952/2139 1931/953/1931 2047/954/2047
vt 0.162591 0.537269
f 1930/955/1930 1863/904/1863 2103/917/2103
vt 0.174729 0.517911
f 2123/956/2123 1931/953/1931 2139/952/2139
f 2123/956/2123 2028/950/2028 1931/953/1931
vt 0.191085 0.518171
vt 0.197492 0.519010
f 2124/957/2124 2072/958/2072 2029/949/2029
f 2001/948/2001 2124/957/2124 2029/949/2029
vt 0.154414 0.511647
vt 0.160060 0.509536
f 2138/959/2138 2164/960/2164 1930/955/1930
vt 0.145254 0.499757
f 2103/917/2103 2213/961/2213 2138/959/2138
f 2180/557/2180 2103/917/2103 2046/526/2046
f 2180/557/2180 2213/961/2213 2103/917/2103
vt 0.156622 0.505604
f 2213/961/2213 2181/962/2181 2138/959/2138
vt 0.164617 0.495161
f 2236/963/2236 2139/952/2139 2047/954/2047
vt 0.176492 0.509767
vt 0.184345 0.509683
vt 0.185714 0.517842
f 2048/964/2048 2140/965/2140 2104/966/2104
f 2104/966/2104 2140/965/2140 2124/957/2124
vt 0.189427 0.495837
f 2216/967/2216 2124/957/2124 2140/965/2140
vt 0.182859 0.495440
f 2215/968/2215 2216/967/2216 2140/965/2140
vt 0.178815 0.498322
f 2214/969/2214 2215/968/2215 2140/965/2140
vt 0.199131 0.504959
f 2216/967/2216 2165/970/2165 2124/957/2124
f 2165/970/2165 2072/958/2072 2124/957/2124
vt 0.207242 0.530452
f 2072/958/2072 1982/971/1982 2029/949/2029
f 2029/949/2029 1982/971/1982 1981/947/1981
f 1982/971/1982 1865/943/1865 1981/947/1981
vt 0.233714 0.554145
f 1865/943/1865 1908/972/1908 1816/944/1816
f 1768/936/1768 1800/933/1800 1647/934/1647
vt 0.265470 0.570178
f 1818/973/1818 1708/937/1708 1800/933/1800
f 1818/973/1818 1769/939/1769 1708/937/1708
vt 0.247255 0.552512
vt 0.244716 0.565384
f 1885/974/1885 1800/933/1800 1817/975/1817
f 1908/972/1908 1817/975/1817 1816/944/1816
vt 0.217244 0.535581
f 1982/971/1982 1907/976/1907 1865/943/1865
vt 0.188072 0.488913
f 2238/977/2238 2216/967/2216 2215/968/2215
vt 0.177380 0.489414
f 2265/978/2265 2238/977/2238 2215/968/2215
vt 0.172074 0.499992
vt 0.163235 0.482570
f 2237/979/2237 2307/980/2307 2265/978/2265
vt 0.169693 0.479061
f 2333/981/2333 2265/978/2265 2307/980/2307
vt 0.153557 0.471857
vt 0.155332 0.478119
vt 0.143541 0.476063
f 2371/982/2371 2306/983/2306 2332/984/2332
vt 0.159960 0.488840
f 2332/984/2332 2306/983/2306 2235/985/2235
vt 0.162061 0.464357
f 2306/983/2306 2452/986/2452 2307/980/2307
f 2452/986/2452 2333/981/2333 2307/980/2307
vt 0.173340 0.472525
f 2372/987/2372 2238/977/2238 2333/981/2333
vt 0.189050 0.482134
f 2372/987/2372 2308/988/2308 2238/977/2238
vt 0.200743 0.499770
f 2238/977/2238 2182/989/2182 2216/967/2216
vt 0.215335 0.519815
f 2165/970/2165 2073/990/2073 2072/958/2072
f 1885/974/1885 1817/975/1817 1908/972/1908
vt 0.263299 0.562091
vt 0.269841 0.565608
f 1866/991/1866 1886/992/1886 1769/939/1769
vt 0.276071 0.554030
f 1886/992/1886 1819/993/1819 1770/938/1770
vt 0.289825 0.568569
vt 0.294071 0.560719
f 1785/994/1785 1746/995/1746 1709/929/1709
vt 0.291807 0.581101
f 1819/993/1819 1785/994/1785 1784/996/1784
vt 0.252503 0.551649
f 1866/991/1866 1818/973/1818 1909/997/1909
vt 0.244167 0.542109
f 1934/998/1934 1909/997/1909 1885/974/1885
vt 0.233034 0.535108
f 1957/999/1957 1934/998/1934 1885/974/1885
f 1957/999/1957 1885/974/1885 1908/972/1908
f 2073/990/2073 1957/999/1957 1907/976/1907
vt 0.208053 0.508792
f 2165/970/2165 2141/1000/2141 2073/990/2073
vt 0.206107 0.497976
f 2238/977/2238 2183/1001/2183 2182/989/2182
f 2308/988/2308 2183/1001/2183 2238/977/2238
vt 0.172786 0.459611
vt 0.168261 0.469884
f 2432/1002/2432 2372/987/2372 2390/1003/2390
vt 0.181881 0.460509
f 2432/1002/2432 2391/1004/2391 2372/987/2372
vt 0.190107 0.471940
f 2391/1004/2391 2361/1005/2361 2372/987/2372
f 2182/989/2182 2141/1000/2141 2165/970/2165
vt 0.216924 0.515246
f 2073/990/2073 2105/1006/2105 1957/999/1957
vt 0.239526 0.534559
f 1983/1007/1983 1934/998/1934 1957/999/1957
vt 0.250546 0.540920
f 1983/1007/1983 1935/1008/1935 1934/998/1934
f 1935/1008/1935 1886/992/1886 1866/991/1866
vt 0.267059 0.534424
vt 0.285823 0.534009
f 2050/1009/2050 2031/1010/2031 1819/993/1819
vt 0.262074 0.536967
f 1958/1011/1958 2050/1009/2050 1819/993/1819
vt 0.239159 0.525488
f 2030/1012/2030 1935/1008/1935 1983/1007/1983
vt 0.229760 0.525444
f 2049/1013/2049 1983/1007/1983 1957/999/1957
vt 0.226731 0.519450
f 2074/1014/2074 2049/1013/2049 2105/1006/2105
vt 0.215758 0.508657
f 2105/1006/2105 2142/1015/2142 2074/1014/2074
f 2183/1001/2183 2142/1015/2142 2141/1000/2141
vt 0.157556 0.464692
vt 0.158746 0.452224
f 2406/1016/2406 2489/1017/2489 2452/986/2452
f 2306/983/2306 2406/1016/2406 2452/986/2452
vt 0.150372 0.450558
f 2574/520/2574 2489/1017/2489 2472/1018/2472
vt 0.150913 0.458728
f 2431/1019/2431 2472/1018/2472 2489/1017/2489
vt 0.149424 0.469833
f 2371/982/2371 2389/1020/2389 2431/1019/2431
f 2405/570/2405 2389/1020/2389 2360/677/2360
f 2331/523/2331 2360/677/2360 2332/984/2332
f 2451/564/2451 2389/1020/2389 2405/570/2405
f 2451/564/2451 2431/1019/2431 2389/1020/2389
f 2431/1019/2431 2508/521/2508 2472/1018/2472
f 2508/521/2508 2574/520/2574 2472/1018/2472
vt 0.160391 0.434887
f 2489/1017/2489 2589/1021/2589 2452/986/2452
vt 0.199005 0.468258
f 2391/1004/2391 2309/1022/2309 2361/1005/2361
vt 0.207175 0.480760
f 2361/1005/2361 2334/1023/2334 2308/988/2308
f 2334/1023/2334 2183/1001/2183 2308/988/2308
vt 0.220711 0.505759
f 2183/1001/2183 2143/1024/2143 2142/1015/2142
f 2142/1015/2142 2143/1024/2143 2074/1014/2074
f 2074/1014/2074 1983/1007/1983 2049/1013/2049
f 2074/1014/2074 2030/1012/2030 1983/1007/1983
vt 0.249504 0.523275
f 2030/1012/2030 2075/1025/2075 1935/1008/1935
f 2075/1025/2075 1958/1011/1958 1935/1008/1935
vt 0.310011 0.524968
f 1746/995/1746 2031/1010/2031 2077/1026/2077
vt 0.317116 0.558149
f 1746/995/1746 2077/1026/2077 1887/1027/1887
f 1746/995/1746 1887/1027/1887 1668/928/1668
vt 0.303073 0.504144
f 2031/1010/2031 2240/1028/2240 2077/1026/2077
vt 0.269993 0.509327
f 2184/1029/2184 2031/1010/2031 2050/1009/2050
f 2143/1024/2143 2030/1012/2030 2074/1014/2074
f 2334/1023/2334 2143/1024/2143 2183/1001/2183
vt 0.218622 0.490209
vt 0.229866 0.499536
f 2239/1030/2239 2217/1031/2217 2143/1024/2143
f 2143/1024/2143 2217/1031/2217 2030/1012/2030
vt 0.229616 0.487464
vt 0.250870 0.516805
f 2217/1031/2217 2310/1032/2310 2076/1033/2076
vt 0.220109 0.485912
f 2309/1022/2309 2284/1034/2284 2334/1023/2334
f 2309/1022/2309 2334/1023/2334 2361/1005/2361
vt 0.161785 0.425443
vt 0.170529 0.442124
vt 0.164136 0.452322
f 2671/1035/2671 2509/1036/2509 2490/1037/2490
f 2589/1021/2589 2671/1035/2671 2490/1037/2490
vt 0.156591 0.433616
f 2718/517/2718 2588/1038/2588 2574/520/2574
vt 0.157273 0.419334
f 2644/1039/2644 2589/1021/2589 2588/1038/2588
vt 0.180697 0.433730
f 2391/1004/2391 2551/1040/2551 2309/1022/2309
vt 0.201396 0.452835
f 2309/1022/2309 2551/1040/2551 2491/1041/2491
f 2309/1022/2309 2310/1032/2310 2284/1034/2284
f 2239/1030/2239 2284/1034/2284 2217/1031/2217
f 2284/1034/2284 2310/1032/2310 2217/1031/2217
vt 0.250875 0.496857
f 2218/1042/2218 2076/1033/2076 2310/1032/2310
f 2218/1042/2218 2184/1029/2184 2050/1009/2050
vt 0.294445 0.479175
f 2184/1029/2184 2362/1043/2362 2240/1028/2240
vt 0.255472 0.479749
f 2184/1029/2184 2373/1044/2373 2362/1043/2362
vt 0.311585 0.497137
vt 0.366548 0.476826
vt 0.321374 0.510532
f 2241/1045/2241 2393/1046/2393 2185/1047/2185
f 2185/1047/2185 2393/1046/2393 1985/393/1985
f 2285/390/2285 2002/389/2002 1985/393/1985
f 2393/1046/2393 2285/390/2285 1985/393/1985
vt 0.351040 0.465576
vt 0.360784 0.436329
f 2393/1046/2393 2392/1048/2392 2592/1049/2592
vt 0.347464 0.439363
f 2392/1048/2392 2554/1050/2554 2592/1049/2592
vt 0.371076 0.454113
f 2592/1049/2592 2434/1051/2434 2393/1046/2393
f 2393/1046/2393 2434/1051/2434 2285/390/2285
vt 0.380256 0.451239
f 2434/1051/2434 2492/1052/2492 2285/390/2285
vt 0.334946 0.453448
vt 0.341785 0.446007
vt 0.341313 0.459529
f 2455/1053/2455 2514/1054/2514 2433/1055/2433
vt 0.344105 0.430498
f 2514/1054/2514 2591/1056/2591 2554/1050/2554
vt 0.347099 0.426576
f 2591/1056/2591 2674/1057/2674 2554/1050/2554
vt 0.357597 0.417981
f 2674/1057/2674 2675/1058/2675 2554/1050/2554
f 2675/1058/2675 2592/1049/2592 2554/1050/2554
vt 0.372730 0.434606
f 2592/1049/2592 2530/1059/2530 2434/1051/2434
f 2530/1059/2530 2492/1052/2492 2434/1051/2434
vt 0.386011 0.473759
f 2492/1052/2492 2286/387/2286 2335/1060/2335
vt 0.393720 0.453493
f 2531/385/2531 2493/1061/2493 2287/386/2287
vt 0.406520 0.478783
f 2493/1061/2493 2312/1062/2312 2287/386/2287
vt 0.343662 0.413823
f 2591/1056/2591 2673/1063/2673 2674/1057/2674
vt 0.351919 0.394070
f 2674/1057/2674 2703/1064/2703 2675/1058/2675
vt 0.375068 0.424196
f 2530/1059/2530 2647/1065/2647 2492/1052/2492
vt 0.392518 0.442494
f 2555/1066/2555 2475/382/2475 2312/1062/2312
vt 0.390099 0.429542
vt 0.402941 0.453123
f 2608/1067/2608 2494/1068/2494 2475/382/2475
f 2555/1066/2555 2608/1067/2608 2475/382/2475
vt 0.387713 0.434006
f 2532/1069/2532 2555/1066/2555 2493/1061/2493
vt 0.381485 0.421773
f 2648/1070/2648 2532/1069/2532 2531/385/2531
f 2647/1065/2647 2648/1070/2648 2531/385/2531
f 2647/1065/2647 2531/385/2531 2492/1052/2492
vt 0.369495 0.408745
f 2689/1071/2689 2530/1059/2530 2675/1058/2675
vt 0.346282 0.399234
f 2674/1057/2674 2751/1072/2751 2703/1064/2703
vt 0.361780 0.405322
f 2703/1064/2703 2704/1073/2704 2675/1058/2675
f 2704/1073/2704 2689/1071/2689 2675/1058/2675
f 2689/1071/2689 2647/1065/2647 2530/1059/2530
vt 0.382935 0.417222
f 2676/1074/2676 2555/1066/2555 2532/1069/2532
vt 0.391627 0.426628
f 2609/1075/2609 2494/1068/2494 2608/1067/2608
vt 0.414061 0.462085
f 2494/1068/2494 2456/1076/2456 2337/383/2337
f 2456/1076/2456 2313/381/2313 2337/383/2337
f 2456/1076/2456 2409/379/2409 2313/381/2313
f 2495/377/2495 2409/379/2409 2456/1076/2456
vt 0.433204 0.440938
vt 0.438182 0.463526
f 2515/378/2515 2556/1077/2556 2410/1078/2410
vt 0.442522 0.449151
f 2556/1077/2556 2516/1079/2516 2410/1078/2410
vt 0.444958 0.448166
vt 0.448752 0.442273
vt 0.454479 0.472416
f 2577/1080/2577 2593/1081/2593 2411/1082/2411
vt 0.453742 0.449209
f 2411/1082/2411 2593/1081/2593 2517/1083/2517
vt 0.450818 0.477886
vt 0.444235 0.485296
f 2410/1078/2410 2338/1084/2338 2243/1085/2243
vt 0.437653 0.480316
f 2409/379/2409 2515/378/2515 2375/1086/2375
f 2409/379/2409 2375/1086/2375 2266/380/2266
vt 0.393285 0.559102
f 1710/395/1710 1910/394/1910 1801/1087/1801
vt 0.401565 0.577670
f 1710/395/1710 1801/1087/1801 1786/1088/1786
vt 0.371749 0.596201
f 1671/1089/1671 1710/395/1710 1786/1088/1786
vt 0.440666 0.603377
vt 0.427958 0.591993
f 1616/1090/1616 1671/1089/1671 1747/1091/1747
vt 0.448348 0.593243
f 1616/1090/1616 1747/1091/1747 1693/1092/1693
vt 0.487881 0.609063
f 1581/400/1581 1616/1090/1616 1582/1093/1582
vt 0.507496 0.611993
vt 0.486412 0.596494
f 1583/1094/1583 1582/1093/1582 1672/1095/1672
vt 0.461800 0.622568
vt 0.508593 0.620869
vt 0.513261 0.628335
f 1482/1096/1482 1511/1097/1511 1483/1098/1483
vt 0.457273 0.631713
f 1450/1099/1450 1482/1096/1482 1483/1098/1483
vt 0.467111 0.645993
vt 0.455727 0.640544
f 1450/1099/1450 1430/1100/1430 1389/1101/1389
vt 0.408000 0.630923
f 1449/1102/1449 1482/1096/1482 1450/1099/1450
f 1389/1101/1389 1449/1102/1449 1450/1099/1450
vt 0.413425 0.655817
vt 0.454876 0.657430
f 1345/1103/1345 1389/1101/1389 1346/1104/1346
vt 0.406704 0.667795
f 1215/1105/1215 1345/1103/1345 1346/1104/1346
vt 0.485088 0.678098
vt 0.463279 0.669504
vt 0.479208 0.665054
f 1176/1106/1176 1260/1107/1260 1323/1108/1323
vt 0.466893 0.684825
vt 0.504637 0.686865
vt 0.515290 0.698408
f 1158/1109/1158 1177/1110/1177 1106/1111/1106
vt 0.517735 0.688552
vt 0.535484 0.697537
f 1106/1111/1106 1125/1112/1125 1159/1113/1159
vt 0.534904 0.716567
f 1044/1114/1044 1106/1111/1106 1159/1113/1159
vt 0.503586 0.768419
vt 0.527952 0.769754
vt 0.524231 0.784683
f 816/1115/816 817/1116/817 778/1117/778
vt 0.497140 0.780698
f 777/1118/777 816/1115/816 778/1117/778
vt 0.499574 0.787686
f 734/1119/734 777/1118/777 778/1117/778
vt 0.526308 0.794602
f 699/1120/699 734/1119/734 778/1117/778
vt 0.532058 0.789549
f 778/1117/778 749/1121/749 699/1120/699
vt 0.551539 0.792685
f 699/1120/699 749/1121/749 750/1122/750
vt 0.596862 0.812157
f 699/1120/699 750/1122/750 651/1123/651
vt 0.434635 0.797665
f 651/1123/651 681/1124/681 699/1120/699
vt 0.412492 0.803477
f 651/1123/651 670/1125/670 681/1124/681
vt 0.433992 0.792763
f 670/1125/670 716/1126/716 681/1124/681
vt 0.467673 0.787773
f 681/1124/681 716/1126/716 717/1127/717
vt 0.501539 0.793844
f 681/1124/681 717/1127/717 698/1128/698
f 681/1124/681 698/1128/698 699/1120/699
vt 0.500687 0.760296
vt 0.473472 0.768123
f 877/1129/877 816/1115/816 815/1130/815
vt 0.534178 0.762856
f 816/1115/816 877/1129/877 853/1131/853
f 816/1115/816 853/1131/853 817/1116/817
vt 0.436333 0.754864
vt 0.533595 0.741588
f 873/1132/873 947/1133/947 877/1129/877
vt 0.360831 0.733251
f 965/1134/965 947/1133/947 873/1132/873
vt 0.431969 0.754811
f 873/1132/873 872/1135/872 965/1134/965
vt 0.355285 0.734808
vt 0.361588 0.725754
f 964/1136/964 993/1137/993 965/1134/965
f 947/1133/947 965/1134/965 993/1137/993
f 993/1137/993 1044/1114/1044 947/1133/947
vt 0.541421 0.731153
f 947/1133/947 1044/1114/1044 948/1138/948
vt 0.368041 0.705206
f 993/1137/993 1124/1139/1124 1044/1114/1044
f 1044/1114/1044 1124/1139/1124 1106/1111/1106
vt 0.364457 0.703255
f 993/1137/993 1140/1140/1140 1124/1139/1124
f 964/1136/964 1140/1140/1140 993/1137/993
vt 0.352434 0.749245
vt 0.359086 0.749670
f 937/1141/937 964/1136/964 898/1142/898
vt 0.352060 0.770295
f 832/1143/832 937/1141/937 898/1142/898
vt 0.402149 0.764217
f 832/1143/832 898/1142/898 833/1144/833
vt 0.387048 0.783489
f 763/1145/763 832/1143/832 833/1144/833
vt 0.401437 0.775328
f 763/1145/763 833/1144/833 800/1146/800
vt 0.381919 0.822887
vt 0.386632 0.813678
vt 0.395701 0.810564
f 626/1147/626 644/1148/644 660/1149/660
vt 0.636287 0.823014
f 626/1147/626 660/1149/660 627/1150/627
vt 0.644360 0.830708
vt 0.641037 0.818790
f 613/1151/613 627/1150/627 653/1152/653
vt 0.653625 0.833570
f 653/1152/653 606/1153/606 613/1151/613
vt 0.650255 0.836576
f 599/1154/599 613/1151/613 606/1153/606
vt 0.801358 0.840467
f 593/1155/593 599/1154/599 606/1153/606
vt 0.655348 0.836576
f 593/1155/593 606/1153/606 600/1156/600
vt 0.706362 0.836475
f 593/1155/593 600/1156/600 601/1157/601
vt 0.998069 0.832685
f 593/1155/593 601/1157/601 608/1158/608
vt 0.991511 0.840467
f 594/1159/594 593/1155/593 608/1158/608
vt 0.993209 0.867704
f 559/1160/559 594/1159/594 608/1158/608
f 526/481/526 559/1160/559 608/1158/608
vt 0.983022 0.883268
f 526/481/526 543/1161/543 559/1160/559
vt 0.332539 0.884979
f 542/1162/542 559/1160/559 543/1161/543
vt 0.329372 0.894942
f 536/1163/536 542/1162/542 543/1161/543
vt 0.325976 0.898833
f 531/1164/531 536/1163/536 543/1161/543
vt 0.325918 0.886887
f 531/1164/531 535/1165/535 536/1163/536
vt 0.330632 0.871416
f 535/1165/535 558/1166/558 542/1162/542
vt 0.337861 0.875486
f 558/1166/558 548/1167/548 542/1162/542
vt 0.339409 0.869578
f 558/1166/558 570/1168/570 548/1167/548
f 548/1167/548 570/1168/570 559/1160/559
vt 0.966044 0.863813
f 559/1160/559 570/1168/570 566/1169/566
vt 0.891341 0.856031
f 570/1168/570 578/1170/578 566/1169/566
f 578/1170/578 594/1159/594 566/1169/566
vt 0.348464 0.856129
f 577/1171/577 594/1159/594 578/1170/578
vt 0.362746 0.839230
vt 0.365025 0.844358
f 577/1171/577 611/1172/611 588/1173/588
vt 0.368421 0.840467
f 588/1173/588 611/1172/611 592/1174/592
f 588/1173/588 592/1174/592 594/1159/594
vt 0.372904 0.830487
f 592/1174/592 611/1172/611 612/1175/612
f 592/1174/592 612/1175/612 599/1154/599
vt 0.376271 0.814575
f 612/1175/612 617/1176/617 626/1147/626
f 612/1175/612 626/1147/626 613/1151/613
f 617/1176/617 644/1148/644 626/1147/626
vt 0.376324 0.796165
vt 0.387689 0.791578
vt 0.389751 0.805611
f 714/1177/714 715/1178/715 669/1179/669
f 617/1176/617 714/1177/714 669/1179/669
f 617/1176/617 669/1179/669 644/1148/644
f 714/1177/714 763/1145/763 715/1178/715
vt 0.371778 0.792650
f 731/1180/731 832/1143/832 763/1145/763
f 611/1172/611 617/1176/617 612/1175/612
vt 0.362317 0.831488
f 625/1181/625 617/1176/617 611/1172/611
vt 0.360464 0.817255
f 633/1182/633 714/1177/714 617/1176/617
f 625/1181/625 633/1182/633 617/1176/617
vt 0.347493 0.789332
f 745/1183/745 832/1143/832 731/1180/731
vt 0.351899 0.816576
f 745/1183/745 731/1180/731 659/1184/659
vt 0.343590 0.833284
f 625/1181/625 605/1185/605 633/1182/633
vt 0.336133 0.817489
f 650/1186/650 745/1183/745 659/1184/659
vt 0.346695 0.846938
f 570/1168/570 598/1187/598 577/1171/577
vt 0.337553 0.861923
f 582/1188/582 598/1187/598 570/1168/570
f 582/1188/582 605/1185/605 598/1187/598
f 558/1166/558 582/1188/582 570/1168/570
vt 0.332930 0.849212
f 581/1189/581 605/1185/605 582/1188/582
vt 0.336209 0.835977
f 610/1190/610 650/1186/650 659/1184/659
vt 0.345093 0.783053
f 832/1143/832 697/1191/697 937/1141/937
vt 0.374787 0.682281
f 1124/1139/1124 1197/1192/1197 1158/1109/1158
f 1158/1109/1158 1197/1192/1197 1176/1106/1176
f 1176/1106/1176 1197/1192/1197 1215/1105/1215
vt 0.403758 0.643824
vt 0.412459 0.640031
f 1370/1193/1370 1429/1194/1429 1345/1103/1345
vt 0.403277 0.660176
f 1215/1105/1215 1283/1195/1283 1345/1103/1345
f 1370/1193/1370 1449/1102/1449 1429/1194/1429
vt 0.378903 0.665347
f 1215/1105/1215 1304/1196/1304 1283/1195/1283
vt 0.376127 0.647907
f 1304/1196/1304 1388/1197/1388 1283/1195/1283
vt 0.370342 0.639305
f 1407/1198/1407 1449/1102/1449 1370/1193/1370
f 1407/1198/1407 1481/402/1481 1449/1102/1449
vt 0.313027 0.639188
vt 0.324458 0.659517
f 1447/1199/1447 1467/407/1467 1322/1200/1322
vt 0.288713 0.653910
f 1480/415/1480 1464/411/1464 1387/1201/1387
f 1321/416/1321 1480/415/1480 1387/1201/1387
vt 0.282573 0.716330
vt 0.269250 0.701506
f 1121/417/1121 1058/1202/1058 1104/1203/1104
vt 0.255685 0.709496
vt 0.255092 0.715583
f 1139/424/1139 1074/1204/1074 1073/1205/1073
vt 0.241691 0.696915
f 1139/424/1139 1073/1205/1073 1087/1206/1087
vt 0.156003 0.723080
f 1011/1207/1011 1154/426/1154 1172/884/1172
vt 0.186780 0.734359
f 1011/1207/1011 1172/884/1172 974/1208/974
vt 0.156487 0.729693
f 973/1209/973 1011/1207/1011 974/1208/974
vt 0.188836 0.744068
vt 0.171579 0.741776
f 973/1209/973 910/1210/910 931/1211/931
vt 0.153508 0.740239
f 973/1209/973 931/1211/931 930/1212/930
vt 0.115447 0.734838
vt 0.120099 0.743040
vt 0.112931 0.740241
f 989/1213/989 929/1214/929 928/1215/928
vt 0.110585 0.734207
f 972/1216/972 989/1213/989 928/1215/928
vt 0.102531 0.732301
f 944/1217/944 972/1216/972 928/1215/928
vt 0.093869 0.723956
vt 0.096146 0.744265
f 1039/1218/1039 944/1217/944 927/1219/927
vt 0.078950 0.722237
vt 0.095971 0.751894
f 1038/1220/1038 927/1219/927 907/1221/907
vt 0.091025 0.750077
f 1038/1220/1038 907/1221/907 960/1222/960
vt 0.071549 0.732354
vt 0.080396 0.744518
f 988/1223/988 926/1224/926 863/448/863
vt 0.066056 0.741360
f 988/1223/988 863/448/863 959/1225/959
f 925/445/925 959/1225/959 863/448/863
vt 0.112659 0.824397
vt 0.118487 0.827070
f 621/1226/621 615/1227/615 589/456/589
vt 0.115985 0.811451
f 641/1228/641 615/1227/615 621/1226/621
vt 0.107699 0.813989
f 640/1229/640 641/1228/641 621/1226/621
f 640/1229/640 621/1226/621 620/453/620
vt 0.091686 0.789186
f 755/1230/755 640/1229/640 674/455/674
vt 0.126846 0.819664
f 615/1227/615 630/1231/630 602/458/602
vt 0.138904 0.830198
f 631/1232/631 583/459/583 602/458/602
vt 0.197697 0.862587
f 544/466/544 562/465/562 572/1233/572
vt 0.209702 0.876329
f 544/466/544 572/1233/572 549/1234/549
f 544/466/544 549/1234/549 532/468/532
vt 0.215586 0.890370
f 527/469/527 532/468/532 539/1235/539
vt 0.222631 0.876252
vt 0.230389 0.885815
f 539/1235/539 550/1236/550 545/1237/545
f 528/471/528 539/1235/539 545/1237/545
vt 0.234007 0.875636
vt 0.243374 0.890917
f 545/1237/545 551/1238/551 540/1239/540
f 540/1239/540 529/473/529 528/471/528
f 528/471/528 529/473/529 520/472/520
vt 0.261379 0.904910
f 517/477/517 529/473/529 533/1240/533
vt 0.267572 0.908627
f 518/478/518 533/1240/533 521/1241/521
vt 0.809847 0.902724
f 522/479/522 521/1241/521 525/1242/525
vt 0.268251 0.902724
f 521/1241/521 524/1243/524 525/1242/525
f 524/1243/524 531/1164/531 525/1242/525
f 525/1242/525 531/1164/531 526/481/526
vt 0.319946 0.896385
f 524/1243/524 534/1244/534 531/1164/531
f 534/1244/534 535/1165/535 531/1164/531
vt 0.323617 0.856795
f 576/1245/576 581/1189/581 558/1166/558
f 558/1166/558 581/1189/581 582/1188/582
f 535/1165/535 576/1245/576 558/1166/558
vt 0.333144 0.803811
f 680/1246/680 745/1183/745 650/1186/650
f 745/1183/745 697/1191/697 832/1143/832
vt 0.373164 0.671089
f 1140/1140/1140 1259/1247/1259 1124/1139/1124
f 1124/1139/1124 1259/1247/1259 1197/1192/1197
f 1197/1192/1197 1259/1247/1259 1304/1196/1304
f 1259/1247/1259 1388/1197/1388 1304/1196/1304
vt 0.368718 0.657840
f 1303/1248/1303 1388/1197/1388 1259/1247/1259
vt 0.358648 0.695449
f 1123/1249/1123 1259/1247/1259 1140/1140/1140
f 1303/1248/1303 1407/1198/1407 1388/1197/1388
f 1448/404/1448 1481/402/1481 1407/1198/1407
vt 0.361392 0.667605
f 1369/1250/1369 1448/404/1448 1407/1198/1407
vt 0.353184 0.711162
f 1077/1251/1077 1123/1249/1123 1140/1140/1140
vt 0.346714 0.746050
vt 0.348757 0.718850
f 936/1252/936 1060/1253/1060 937/1141/937
vt 0.341851 0.765763
f 813/1254/813 936/1252/936 937/1141/937
vt 0.341556 0.778217
f 831/1255/831 813/1254/813 937/1141/937
f 831/1255/831 937/1141/937 697/1191/697
vt 0.317881 0.816695
vt 0.323473 0.806003
f 650/1186/650 643/1256/643 679/1257/679
vt 0.330288 0.791258
f 680/1246/680 713/1258/713 697/1191/697
vt 0.348622 0.701091
f 1196/1259/1196 1369/1250/1369 1123/1249/1123
vt 0.334879 0.660919
vt 0.340557 0.672110
vt 0.338684 0.680081
f 1344/1260/1344 1233/1261/1233 1214/1262/1214
vt 0.337367 0.695257
f 1322/1200/1322 1214/1262/1214 1175/1263/1175
vt 0.323541 0.665511
f 1322/1200/1322 1175/1263/1175 1232/1264/1232
vt 0.320722 0.677687
vt 0.311069 0.672170
f 1465/410/1465 1195/1265/1195 1256/1266/1256
vt 0.320150 0.668893
f 1465/410/1465 1282/1267/1282 1195/1265/1195
vt 0.311407 0.648727
f 1406/1268/1406 1282/1267/1282 1465/410/1465
f 1464/411/1464 1465/410/1465 1256/1266/1256
f 1466/409/1466 1406/1268/1406 1465/410/1465
vt 0.312521 0.645656
f 1406/1268/1406 1427/1269/1427 1282/1267/1282
vt 0.325356 0.677549
f 1427/1269/1427 1257/1270/1257 1282/1267/1282
f 1427/1269/1427 1232/1264/1232 1257/1270/1257
vt 0.328151 0.647996
f 1428/1271/1428 1344/1260/1344 1322/1200/1322
f 1447/1199/1447 1232/1264/1232 1427/1269/1427
f 1447/1199/1447 1322/1200/1322 1232/1264/1232
f 1468/405/1468 1344/1260/1344 1428/1271/1428
f 1468/405/1468 1448/404/1448 1344/1260/1344
vt 0.345834 0.667927
f 1448/404/1448 1258/1272/1258 1233/1261/1233
f 1258/1272/1258 1448/404/1448 1369/1250/1369
f 1344/1260/1344 1448/404/1448 1233/1261/1233
vt 0.304237 0.669513
f 1464/411/1464 1256/1266/1256 1231/1273/1231
f 1464/411/1464 1231/1273/1231 1387/1201/1387
vt 0.295925 0.698635
f 1387/1201/1387 1105/1274/1105 1321/416/1321
f 1121/417/1121 1105/1274/1105 1058/1202/1058
vt 0.239065 0.700205
vt 0.249736 0.715272
vt 0.243222 0.727010
f 1103/1275/1103 1056/1276/1056 1041/1277/1041
vt 0.227242 0.723866
f 974/1208/974 1172/884/1172 962/1278/962
vt 0.214470 0.749726
f 974/1208/974 962/1278/962 912/1279/912
vt 0.210728 0.756044
vt 0.195700 0.756353
f 912/1279/912 867/1280/867 866/1281/866
vt 0.208679 0.776650
vt 0.192544 0.768862
vt 0.209806 0.769535
f 772/1282/772 825/1283/825 810/1284/810
vt 0.187425 0.778108
vt 0.198758 0.782551
f 759/1285/759 772/1282/772 742/1286/742
vt 0.181704 0.783844
f 759/1285/759 742/1286/742 741/1287/741
vt 0.168053 0.777908
f 758/1288/758 759/1285/759 741/1287/741
vt 0.167812 0.783423
f 758/1288/758 741/1287/741 740/1289/740
vt 0.154923 0.775447
f 770/1290/770 758/1288/758 740/1289/740
vt 0.127772 0.776638
vt 0.141334 0.769018
vt 0.149788 0.788930
f 788/1291/788 807/1292/807 757/1293/757
vt 0.120776 0.777058
vt 0.125514 0.785518
vt 0.106907 0.771485
f 787/1294/787 756/1295/756 769/1296/769
vt 0.084957 0.762313
vt 0.096297 0.775532
f 864/1297/864 842/1298/842 755/1230/755
f 821/452/821 864/1297/864 755/1230/755
f 863/448/863 864/1297/864 821/452/821
f 960/1222/960 769/1296/769 842/1298/842
vt 0.110087 0.762029
f 822/1299/822 787/1294/787 769/1296/769
vt 0.129268 0.762351
f 843/1300/843 788/1291/788 822/1299/822
f 843/1300/843 807/1292/807 788/1291/788
vt 0.148856 0.768129
f 808/1301/808 770/1290/770 807/1292/807
vt 0.159090 0.771191
f 808/1301/808 789/1302/789 770/1290/770
f 770/1290/770 789/1302/789 758/1288/758
vt 0.166537 0.768669
vt 0.187503 0.775004
f 809/1303/809 771/1304/771 789/1302/789
f 789/1302/789 771/1304/771 758/1288/758
vt 0.180786 0.767983
f 809/1303/809 846/1305/846 771/1304/771
f 846/1305/846 825/1283/825 771/1304/771
f 825/1283/825 772/1282/772 771/1304/771
f 759/1285/759 771/1304/771 772/1282/772
f 825/1283/825 866/1281/866 810/1284/810
vt 0.183818 0.752359
f 886/1306/886 866/1281/866 825/1283/825
f 846/1305/846 886/1306/886 825/1283/825
vt 0.138530 0.750161
vt 0.162989 0.762448
vt 0.153681 0.765099
f 865/1307/865 845/1308/845 824/1309/824
vt 0.135399 0.753215
f 908/1310/908 865/1307/865 824/1309/824
vt 0.140577 0.760852
f 908/1310/908 824/1309/824 823/1311/823
vt 0.118880 0.752217
f 884/1312/884 843/1300/843 822/1299/822
f 960/1222/960 907/1221/907 769/1296/769
f 863/448/863 926/1224/926 864/1297/864
f 864/1297/864 926/1224/926 960/1222/960
f 864/1297/864 960/1222/960 842/1298/842
vt 0.123799 0.751345
f 884/1312/884 890/1313/890 843/1300/843
vt 0.130875 0.754104
f 890/1313/890 885/1314/885 843/1300/843
vt 0.134352 0.760124
f 844/1315/844 885/1314/885 908/1310/908
f 930/1212/930 845/1308/845 865/1307/865
vt 0.159995 0.747164
f 909/1316/909 886/1306/886 845/1308/845
vt 0.195347 0.748557
f 886/1306/886 911/1317/911 866/1281/866
f 931/1211/931 910/1210/910 886/1306/886
f 931/1211/931 886/1306/886 909/1316/909
f 930/1212/930 931/1211/931 909/1316/909
vt 0.139299 0.735507
f 961/1318/961 930/1212/930 865/1307/865
vt 0.120729 0.735188
f 990/1319/990 865/1307/865 908/1310/908
f 928/1215/928 929/1214/929 890/1313/890
f 944/1217/944 884/1312/884 822/1299/822
f 928/1215/928 890/1313/890 884/1312/884
f 990/1319/990 908/1310/908 929/1214/929
f 929/1214/929 908/1310/908 885/1314/885
f 930/1212/930 909/1316/909 845/1308/845
f 973/1209/973 974/1208/974 910/1210/910
f 910/1210/910 911/1317/911 886/1306/886
f 910/1210/910 974/1208/974 911/1317/911
f 911/1317/911 974/1208/974 912/1279/912
f 866/1281/866 911/1317/911 912/1279/912
f 929/1214/929 885/1314/885 890/1313/890
f 944/1217/944 822/1299/822 927/1219/927
f 927/1219/927 822/1299/822 907/1221/907
f 907/1221/907 822/1299/822 769/1296/769
f 885/1314/885 844/1315/844 843/1300/843
f 844/1315/844 908/1310/908 823/1311/823
f 844/1315/844 823/1311/823 807/1292/807
f 823/1311/823 824/1309/824 808/1301/808
f 845/1308/845 809/1303/809 824/1309/824
f 824/1309/824 809/1303/809 789/1302/789
f 845/1308/845 846/1305/846 809/1303/809
f 886/1306/886 846/1305/846 845/1308/845
f 824/1309/824 789/1302/789 808/1301/808
f 823/1311/823 808/1301/808 807/1292/807
f 844/1315/844 807/1292/807 843/1300/843
vt 0.105136 0.790881
f 723/1320/723 640/1229/640 755/1230/755
vt 0.109302 0.799706
f 640/1229/640 689/1321/689 641/1228/641
vt 0.118396 0.795012
f 689/1321/689 690/1322/690 641/1228/641
vt 0.159221 0.837422
f 583/459/583 631/1232/631 590/1323/590
f 583/459/583 590/1323/590 571/462/571
vt 0.205722 0.862870
f 549/1234/549 572/1233/572 573/1324/573
vt 0.227095 0.867338
f 563/1325/563 551/1238/551 545/1237/545
vt 0.257424 0.894600
f 540/1239/540 538/1326/538 529/473/529
vt 0.268184 0.896143
f 533/1240/533 530/1327/530 524/1243/524
f 524/1243/524 530/1327/530 534/1244/534
vt 0.267045 0.889143
f 530/1327/530 537/1328/537 534/1244/534
vt 0.320249 0.888581
f 534/1244/534 537/1328/537 541/1329/541
f 534/1244/534 541/1329/541 535/1165/535
vt 0.319118 0.872233
f 557/1330/557 576/1245/576 535/1165/535
vt 0.315905 0.848034
vt 0.305603 0.828794
f 587/1331/587 609/1332/609 610/1190/610
vt 0.233837 0.843716
f 597/1333/597 609/1332/609 587/1331/587
vt 0.315536 0.872839
f 556/1334/556 557/1330/557 541/1329/541
f 537/1328/537 556/1334/556 541/1329/541
vt 0.270041 0.873513
f 537/1328/537 553/1335/553 556/1334/556
vt 0.315201 0.866269
f 553/1335/553 565/1336/565 556/1334/556
vt 0.258446 0.867094
f 553/1335/553 564/1337/564 565/1336/565
f 564/1337/564 587/1331/587 565/1336/565
vt 0.239911 0.859392
f 564/1337/564 569/1338/569 587/1331/587
vt 0.249537 0.876598
vt 0.237250 0.868184
f 569/1338/569 547/1339/547 555/1340/555
f 532/468/532 549/1234/549 539/1235/539
vt 0.214286 0.862962
f 549/1234/549 574/1341/574 550/1236/550
vt 0.194290 0.842739
vt 0.205623 0.847783
f 591/1342/591 585/1343/585 572/1233/572
f 572/1233/572 585/1343/585 573/1324/573
f 585/1343/585 574/1341/574 573/1324/573
vt 0.221207 0.849715
vt 0.231870 0.853081
f 586/1344/586 575/1345/575 574/1341/574
f 574/1341/574 575/1345/575 563/1325/563
f 586/1344/586 597/1333/597 575/1345/575
vt 0.215031 0.838728
f 586/1344/586 596/1346/596 597/1333/597
f 597/1333/597 596/1346/596 609/1332/609
vt 0.220770 0.817853
f 596/1346/596 649/1347/649 609/1332/609
vt 0.275042 0.821012
f 649/1347/649 623/1348/623 609/1332/609
f 609/1332/609 623/1348/623 643/1256/643
f 609/1332/609 643/1256/643 610/1190/610
f 643/1256/643 650/1186/650 610/1190/610
vt 0.312436 0.808662
f 643/1256/643 658/1349/658 679/1257/679
vt 0.335624 0.779135
f 775/1350/775 813/1254/813 831/1255/831
vt 0.338067 0.749551
f 813/1254/813 935/1351/935 936/1252/936
vt 0.340935 0.723197
f 1043/1352/1043 1060/1253/1060 936/1252/936
vt 0.332265 0.764751
f 813/1254/813 851/1353/851 935/1351/935
f 679/1257/679 713/1258/713 680/1246/680
vt 0.327081 0.772781
f 774/1354/774 851/1353/851 775/1350/775
f 775/1350/775 851/1353/851 813/1254/813
vt 0.333016 0.737846
vt 0.335573 0.717651
vt 0.334804 0.745933
f 978/1355/978 1027/1356/1027 914/1357/914
vt 0.338607 0.728516
f 1027/1356/1027 1028/1358/1028 914/1357/914
vt 0.333692 0.720628
f 978/1355/978 1026/1359/1026 1027/1356/1027
vt 0.321371 0.733060
vt 0.312625 0.733216
vt 0.324417 0.724489
f 977/1360/977 992/1361/992 1025/1362/1025
vt 0.296047 0.729923
vt 0.309169 0.742884
f 991/1363/991 992/1361/992 897/1364/897
vt 0.280463 0.722675
vt 0.294988 0.738651
vt 0.279291 0.738794
f 1057/1365/1057 963/1366/963 933/1367/933
vt 0.262876 0.739405
vt 0.268527 0.757901
f 1041/1277/1041 975/1368/975 894/1369/894
vt 0.249640 0.740647
f 1041/1277/1041 894/1369/894 893/1370/893
vt 0.230894 0.713720
vt 0.248180 0.747228
f 1102/1371/1102 1041/1277/1041 945/1372/945
f 1102/1371/1102 945/1372/945 962/1278/962
vt 0.221156 0.754843
vt 0.216667 0.756638
f 912/1279/912 891/1373/891 868/1374/868
vt 0.215892 0.762295
f 867/1280/867 868/1374/868 847/1375/847
f 866/1281/866 867/1280/867 810/1284/810
vt 0.208419 0.806966
vt 0.202708 0.788990
vt 0.211418 0.788663
f 676/1376/676 725/1377/725 726/1378/726
vt 0.185042 0.859098
vt 0.185049 0.845152
f 580/1379/580 584/1380/584 591/1342/591
f 561/464/561 584/1380/584 580/1379/580
vt 0.167822 0.841662
f 561/464/561 595/1381/595 584/1380/584
vt 0.179878 0.837953
f 584/1380/584 603/1382/603 591/1342/591
vt 0.200435 0.838058
f 603/1382/603 604/1383/604 591/1342/591
vt 0.189535 0.819465
vt 0.211008 0.816793
f 604/1383/604 632/1384/632 622/1385/622
vt 0.192674 0.810220
f 632/1384/632 647/1386/647 622/1385/622
vt 0.179694 0.806949
f 655/1387/655 647/1386/647 632/1384/632
vt 0.154169 0.807881
f 632/1384/632 646/1388/646 655/1387/655
vt 0.160685 0.801673
vt 0.178535 0.799366
f 692/1389/692 693/1390/693 655/1387/655
vt 0.141796 0.796033
f 691/1391/691 692/1389/692 646/1388/646
vt 0.123314 0.803306
f 675/1392/675 630/1231/630 615/1227/615
f 641/1228/641 675/1392/675 615/1227/615
f 690/1322/690 675/1392/675 641/1228/641
f 690/1322/690 756/1295/756 675/1392/675
f 769/1296/769 690/1322/690 723/1320/723
f 842/1298/842 769/1296/769 723/1320/723
f 689/1321/689 723/1320/723 690/1322/690
f 769/1296/769 756/1295/756 690/1322/690
f 756/1295/756 691/1391/691 675/1392/675
vt 0.144243 0.791808
f 756/1295/756 724/1393/724 691/1391/691
f 724/1393/724 692/1389/692 691/1391/691
vt 0.166834 0.796479
f 757/1293/757 710/1394/710 692/1389/692
vt 0.192176 0.803666
f 693/1390/693 656/1395/656 655/1387/655
f 740/1289/740 693/1390/693 710/1394/710
f 740/1289/740 741/1287/741 693/1390/693
f 676/1376/676 622/1385/622 647/1386/647
f 741/1287/741 725/1377/725 656/1395/656
f 742/1286/742 725/1377/725 741/1287/741
vt 0.209984 0.782215
f 725/1377/725 742/1286/742 743/1396/743
f 725/1377/725 676/1376/676 656/1395/656
f 741/1287/741 656/1395/656 693/1390/693
f 740/1289/740 710/1394/710 757/1293/757
f 788/1291/788 757/1293/757 724/1393/724
f 724/1393/724 757/1293/757 692/1389/692
f 770/1290/770 740/1289/740 757/1293/757
f 788/1291/788 724/1393/724 756/1295/756
vt 0.162700 0.829910
f 631/1232/631 616/1397/616 590/1323/590
f 590/1323/590 595/1381/595 571/462/571
f 595/1381/595 561/464/561 571/462/571
f 616/1397/616 595/1381/595 590/1323/590
f 603/1382/603 632/1384/632 604/1383/604
f 616/1397/616 646/1388/646 632/1384/632
f 616/1397/616 603/1382/603 595/1381/595
f 616/1397/616 632/1384/632 603/1382/603
f 631/1232/631 646/1388/646 616/1397/616
f 631/1232/631 630/1231/630 646/1388/646
f 630/1231/630 691/1391/691 646/1388/646
f 630/1231/630 675/1392/675 691/1391/691
f 646/1388/646 692/1389/692 655/1387/655
f 710/1394/710 693/1390/693 692/1389/692
f 656/1395/656 647/1386/647 655/1387/655
f 656/1395/656 676/1376/676 647/1386/647
f 595/1381/595 603/1382/603 584/1380/584
f 596/1346/596 586/1344/586 585/1343/585
f 585/1343/585 604/1383/604 596/1346/596
f 591/1342/591 604/1383/604 585/1343/585
f 604/1383/604 622/1385/622 649/1347/649
vt 0.269712 0.809146
f 623/1348/623 649/1347/649 642/1398/642
vt 0.300095 0.818106
f 623/1348/623 642/1398/642 624/1399/624
vt 0.279243 0.806674
vt 0.299327 0.811335
f 657/1400/657 668/1401/668 624/1399/624
vt 0.326851 0.765610
f 871/1402/871 914/1357/914 851/1353/851
vt 0.325804 0.759069
vt 0.330145 0.750046
f 850/1403/850 913/1404/913 871/1402/871
vt 0.318736 0.772123
f 871/1402/871 774/1354/774 799/1405/799
vt 0.318011 0.764939
f 830/1406/830 871/1402/871 799/1405/799
vt 0.313645 0.796828
f 679/1257/679 712/1407/712 713/1258/713
f 658/1349/658 712/1407/712 679/1257/679
f 624/1399/624 668/1401/668 658/1349/658
vt 0.300100 0.795753
f 668/1401/668 678/1408/678 658/1349/658
vt 0.223796 0.806248
vt 0.257522 0.798168
f 649/1347/649 667/1409/667 729/1410/729
vt 0.214565 0.809632
f 648/1411/648 667/1409/667 649/1347/649
vt 0.246401 0.793295
f 667/1409/667 711/1412/711 729/1410/729
vt 0.239220 0.783389
f 667/1409/667 773/1413/773 711/1412/711
vt 0.269838 0.789863
vt 0.278152 0.784278
f 696/1414/696 744/1415/744 642/1398/642
f 642/1398/642 744/1415/744 657/1400/657
vt 0.285008 0.777880
vt 0.288179 0.787682
f 795/1416/795 678/1408/678 761/1417/761
vt 0.299862 0.787327
f 795/1416/795 730/1418/730 678/1408/678
f 730/1418/730 712/1407/712 678/1408/678
vt 0.312484 0.780504
vt 0.311196 0.772344
f 762/1419/762 798/1420/798 799/1405/799
vt 0.303358 0.759383
vt 0.309222 0.765110
vt 0.302061 0.767508
f 887/1421/887 829/1422/829 797/1423/797
vt 0.296908 0.760936
f 849/1424/849 887/1421/887 797/1423/797
vt 0.287724 0.758397
f 828/1425/828 849/1424/849 797/1423/797
vt 0.263508 0.760179
vt 0.273173 0.770299
f 811/1426/811 894/1369/894 812/1427/812
vt 0.261193 0.769650
vt 0.244045 0.765544
f 945/1372/945 826/1428/826 793/1429/793
vt 0.237349 0.763827
vt 0.241921 0.746070
f 869/1430/869 892/1431/892 793/1429/793
vt 0.224012 0.766018
vt 0.225377 0.786096
f 848/1432/848 869/1430/869 695/1433/695
vt 0.217416 0.803631
vt 0.222135 0.784031
f 677/1434/677 728/1435/728 695/1433/695
f 648/1411/648 677/1434/677 667/1409/667
f 622/1385/622 648/1411/648 649/1347/649
f 728/1435/728 848/1432/848 695/1433/695
f 848/1432/848 891/1373/891 869/1430/869
f 945/1372/945 811/1426/811 826/1428/826
vt 0.282130 0.748783
f 895/1436/895 849/1424/849 828/1425/828
vt 0.293518 0.751511
f 895/1436/895 896/1437/896 849/1424/849
f 896/1437/896 887/1421/887 849/1424/849
vt 0.317797 0.758058
f 887/1421/887 870/1438/870 829/1422/829
f 830/1406/830 870/1438/870 850/1403/850
f 871/1402/871 830/1406/830 850/1403/850
vt 0.327598 0.729750
f 1015/1439/1015 1026/1359/1026 978/1355/978
f 913/1404/913 1015/1439/1015 978/1355/978
vt 0.324229 0.739765
f 946/1440/946 1015/1439/1015 913/1404/913
f 850/1403/850 946/1440/946 913/1404/913
f 946/1440/946 1025/1362/1025 1015/1439/1015
f 977/1360/977 1025/1362/1025 946/1440/946
vt 0.319300 0.743606
f 870/1438/870 934/1441/934 850/1403/850
f 897/1364/897 934/1441/934 870/1438/870
f 897/1364/897 870/1438/870 887/1421/887
f 963/1366/963 897/1364/897 887/1421/887
f 963/1366/963 887/1421/887 896/1437/896
vt 0.270937 0.741532
vt 0.281687 0.758472
f 932/1442/932 827/1443/827 975/1368/975
f 1041/1277/1041 893/1370/893 945/1372/945
f 893/1370/893 894/1369/894 811/1426/811
vt 0.272641 0.735416
f 976/1444/976 895/1436/895 932/1442/932
f 976/1444/976 933/1367/933 895/1436/895
f 933/1367/933 896/1437/896 895/1436/895
f 933/1367/933 963/1366/963 896/1437/896
f 991/1363/991 897/1364/897 963/1366/963
f 977/1360/977 934/1441/934 897/1364/897
f 992/1361/992 977/1360/977 897/1364/897
vt 0.262526 0.730957
f 1012/1445/1012 932/1442/932 975/1368/975
f 932/1442/932 895/1436/895 827/1443/827
f 934/1441/934 977/1360/977 946/1440/946
f 934/1441/934 946/1440/946 850/1403/850
f 895/1436/895 828/1425/828 827/1443/827
f 975/1368/975 827/1443/827 894/1369/894
f 893/1370/893 811/1426/811 945/1372/945
f 869/1430/869 891/1373/891 892/1431/892
vt 0.220906 0.766719
vt 0.216054 0.778144
f 847/1375/847 792/1446/792 791/1447/791
vt 0.213824 0.773282
f 847/1375/847 791/1447/791 790/1448/790
f 810/1284/810 847/1375/847 790/1448/790
f 810/1284/810 790/1448/790 772/1282/772
vt 0.212961 0.779995
f 772/1282/772 790/1448/790 760/1449/760
vt 0.213223 0.800855
f 648/1411/648 694/1450/694 677/1434/677
vt 0.216804 0.791377
f 694/1450/694 727/1451/727 677/1434/677
f 728/1435/728 792/1446/792 848/1432/848
f 791/1447/791 792/1446/792 728/1435/728
f 790/1448/790 791/1447/791 760/1449/760
f 726/1378/726 791/1447/791 727/1451/727
f 727/1451/727 791/1447/791 728/1435/728
f 676/1376/676 694/1450/694 648/1411/648
f 676/1376/676 726/1378/726 694/1450/694
f 694/1450/694 726/1378/726 727/1451/727
f 726/1378/726 760/1449/760 791/1447/791
f 726/1378/726 743/1396/743 760/1449/760
f 743/1396/743 772/1282/772 760/1449/760
f 868/1374/868 792/1446/792 847/1375/847
f 891/1373/891 848/1432/848 792/1446/792
f 677/1434/677 727/1451/727 728/1435/728
f 695/1433/695 869/1430/869 773/1413/773
vt 0.250783 0.777370
f 773/1413/773 794/1452/794 711/1412/711
f 794/1452/794 729/1410/729 711/1412/711
f 794/1452/794 696/1414/696 729/1410/729
f 869/1430/869 793/1429/793 773/1413/773
f 793/1429/793 826/1428/826 794/1452/794
f 826/1428/826 744/1415/744 696/1414/696
f 812/1427/812 744/1415/744 826/1428/826
f 812/1427/812 761/1417/761 744/1415/744
f 762/1419/762 712/1407/712 730/1418/730
vt 0.298391 0.771541
f 796/1453/796 762/1419/762 730/1418/730
f 827/1443/827 796/1453/796 795/1416/795
f 894/1369/894 795/1416/795 812/1427/812
f 828/1425/828 796/1453/796 827/1443/827
f 795/1416/795 796/1453/796 730/1418/730
f 797/1423/797 798/1420/798 796/1453/796
f 829/1422/829 798/1420/798 797/1423/797
f 796/1453/796 798/1420/798 762/1419/762
f 812/1427/812 795/1416/795 761/1417/761
f 826/1428/826 696/1414/696 794/1452/794
f 793/1429/793 794/1452/794 773/1413/773
f 892/1431/892 945/1372/945 793/1429/793
f 811/1426/811 812/1427/812 826/1428/826
f 894/1369/894 827/1443/827 795/1416/795
f 828/1425/828 797/1423/797 796/1453/796
f 798/1420/798 829/1422/829 830/1406/830
f 870/1438/870 830/1406/830 829/1422/829
f 798/1420/798 830/1406/830 799/1405/799
f 696/1414/696 642/1398/642 729/1410/729
f 695/1433/695 773/1413/773 667/1409/667
f 677/1434/677 695/1433/695 667/1409/667
f 729/1410/729 642/1398/642 649/1347/649
f 761/1417/761 678/1408/678 668/1401/668
f 678/1408/678 712/1407/712 658/1349/658
f 774/1354/774 871/1402/871 851/1353/851
f 713/1258/713 762/1419/762 774/1354/774
f 712/1407/712 762/1419/762 713/1258/713
f 799/1405/799 774/1354/774 762/1419/762
f 871/1402/871 913/1404/913 914/1357/914
f 624/1399/624 658/1349/658 643/1256/643
f 761/1417/761 668/1401/668 657/1400/657
f 744/1415/744 761/1417/761 657/1400/657
f 624/1399/624 642/1398/642 657/1400/657
f 622/1385/622 676/1376/676 648/1411/648
f 725/1377/725 743/1396/743 726/1378/726
f 742/1286/742 772/1282/772 743/1396/743
f 867/1280/867 847/1375/847 810/1284/810
f 912/1279/912 868/1374/868 867/1280/867
f 1056/1276/1056 975/1368/975 1041/1277/1041
vt 0.266033 0.722403
vt 0.266507 0.730636
f 1042/1454/1042 976/1444/976 1013/1455/1013
f 1042/1454/1042 1057/1365/1057 933/1367/933
f 1057/1365/1057 991/1363/991 963/1366/963
vt 0.310310 0.718877
vt 0.319956 0.712536
f 992/1361/992 1014/1456/1014 1089/1457/1089
vt 0.309594 0.704406
f 1088/1458/1088 1089/1457/1089 1014/1456/1014
vt 0.324359 0.710110
f 1089/1457/1089 1075/1459/1075 1025/1362/1025
vt 0.346269 0.706025
f 1175/1263/1175 1059/1460/1059 1043/1352/1043
vt 0.336707 0.708995
f 1076/1461/1076 1175/1263/1175 1043/1352/1043
vt 0.333432 0.701094
f 1122/1462/1122 1076/1461/1076 1027/1356/1027
vt 0.309636 0.688541
vt 0.313629 0.686512
f 1155/1463/1155 1194/1464/1194 1089/1457/1089
f 1105/1274/1105 1088/1458/1088 991/1363/991
vt 0.333946 0.694286
f 1122/1462/1122 1157/1465/1157 1076/1461/1076
f 1157/1465/1157 1175/1263/1175 1076/1461/1076
f 1060/1253/1060 1196/1259/1196 1077/1251/1077
f 1257/1270/1257 1157/1465/1157 1122/1462/1122
vt 0.330046 0.700596
f 1257/1270/1257 1122/1462/1122 1156/1466/1156
f 1256/1266/1256 1075/1459/1075 1194/1464/1194
f 1105/1274/1105 1231/1273/1231 1155/1463/1155
f 1231/1273/1231 1194/1464/1194 1155/1463/1155
f 1256/1266/1256 1194/1464/1194 1231/1273/1231
f 1256/1266/1256 1195/1265/1195 1075/1459/1075
f 1282/1267/1282 1156/1466/1156 1195/1265/1195
f 1282/1267/1282 1257/1270/1257 1156/1466/1156
f 1257/1270/1257 1232/1264/1232 1157/1465/1157
f 1214/1262/1214 1059/1460/1059 1175/1263/1175
f 1214/1262/1214 1196/1259/1196 1059/1460/1059
f 1196/1259/1196 1258/1272/1258 1369/1250/1369
f 1233/1261/1233 1196/1259/1196 1214/1262/1214
f 1232/1264/1232 1175/1263/1175 1157/1465/1157
f 1075/1459/1075 1195/1265/1195 1156/1466/1156
f 1059/1460/1059 1196/1259/1196 1060/1253/1060
f 1105/1274/1105 1155/1463/1155 1088/1458/1088
f 1155/1463/1155 1089/1457/1089 1088/1458/1088
f 1194/1464/1194 1075/1459/1075 1089/1457/1089
f 1156/1466/1156 1027/1356/1027 1026/1359/1026
f 1156/1466/1156 1122/1462/1122 1027/1356/1027
f 1076/1461/1076 1043/1352/1043 1028/1358/1028
f 1076/1461/1076 1028/1358/1028 1027/1356/1027
f 1156/1466/1156 1026/1359/1026 1075/1459/1075
f 991/1363/991 1088/1458/1088 1014/1456/1014
f 1058/1202/1058 991/1363/991 1057/1365/1057
f 1073/1205/1073 1013/1455/1013 1012/1445/1012
f 1074/1204/1074 1013/1455/1013 1073/1205/1073
f 1056/1276/1056 1073/1205/1073 1012/1445/1012
f 1056/1276/1056 1012/1445/1012 975/1368/975
vt 0.231574 0.704338
f 1119/1467/1119 1041/1277/1041 1102/1371/1102
f 891/1373/891 912/1279/912 962/1278/962
f 868/1374/868 891/1373/891 792/1446/792
f 891/1373/891 962/1278/962 892/1431/892
f 962/1278/962 945/1372/945 892/1431/892
f 1012/1445/1012 1013/1455/1013 932/1442/932
f 1013/1455/1013 976/1444/976 932/1442/932
f 1042/1454/1042 933/1367/933 976/1444/976
f 1014/1456/1014 992/1361/992 991/1363/991
f 992/1361/992 1089/1457/1089 1025/1362/1025
f 1075/1459/1075 1015/1439/1015 1025/1362/1025
f 1075/1459/1075 1026/1359/1026 1015/1439/1015
f 913/1404/913 978/1355/978 914/1357/914
f 851/1353/851 914/1357/914 935/1351/935
f 713/1258/713 774/1354/774 775/1350/775
f 914/1357/914 1028/1358/1028 935/1351/935
f 935/1351/935 1028/1358/1028 1043/1352/1043
f 1059/1460/1059 1060/1253/1060 1043/1352/1043
f 935/1351/935 1043/1352/1043 936/1252/936
f 713/1258/713 775/1350/775 831/1255/831
f 623/1348/623 624/1399/624 643/1256/643
f 596/1346/596 604/1383/604 649/1347/649
f 597/1333/597 569/1338/569 575/1345/575
f 585/1343/585 586/1344/586 574/1341/574
f 580/1379/580 591/1342/591 572/1233/572
f 573/1324/573 574/1341/574 549/1234/549
f 563/1325/563 555/1340/555 551/1238/551
f 547/1339/547 540/1239/540 551/1238/551
f 533/1240/533 537/1328/537 530/1327/530
vt 0.260357 0.875699
f 537/1328/537 552/1468/552 553/1335/553
f 538/1326/538 552/1468/552 537/1328/537
f 555/1340/555 547/1339/547 551/1238/551
f 538/1326/538 547/1339/547 552/1468/552
f 547/1339/547 564/1337/564 552/1468/552
f 538/1326/538 537/1328/537 533/1240/533
f 547/1339/547 538/1326/538 540/1239/540
f 575/1345/575 555/1340/555 563/1325/563
f 575/1345/575 569/1338/569 555/1340/555
f 547/1339/547 569/1338/569 564/1337/564
f 552/1468/552 564/1337/564 553/1335/553
f 557/1330/557 565/1336/565 576/1245/576
f 556/1334/556 565/1336/565 557/1330/557
f 587/1331/587 576/1245/576 565/1336/565
f 569/1338/569 597/1333/597 587/1331/587
f 576/1245/576 587/1331/587 610/1190/610
f 538/1326/538 533/1240/533 529/473/529
f 550/1236/550 574/1341/574 563/1325/563
f 539/1235/539 549/1234/549 550/1236/550
f 562/465/562 580/1379/580 572/1233/572
f 723/1320/723 689/1321/689 640/1229/640
f 842/1298/842 723/1320/723 755/1230/755
f 822/1299/822 788/1291/788 787/1294/787
f 787/1294/787 788/1291/788 756/1295/756
f 807/1292/807 770/1290/770 757/1293/757
f 771/1304/771 759/1285/759 758/1288/758
vt 0.214301 0.700695
f 1072/1469/1072 962/1278/962 1172/884/1172
f 1119/1467/1119 1103/1275/1103 1041/1277/1041
f 1087/1206/1087 1056/1276/1056 1103/1275/1103
f 1074/1204/1074 1042/1454/1042 1013/1455/1013
f 1074/1204/1074 1120/420/1120 1042/1454/1042
f 1120/420/1120 1057/1365/1057 1042/1454/1042
f 1104/1203/1104 1057/1365/1057 1120/420/1120
f 1104/1203/1104 1058/1202/1058 1057/1365/1057
f 1058/1202/1058 1105/1274/1105 991/1363/991
f 1121/417/1121 1321/416/1321 1105/1274/1105
f 1105/1274/1105 1387/1201/1387 1231/1273/1231
f 1344/1260/1344 1214/1262/1214 1322/1200/1322
f 1233/1261/1233 1258/1272/1258 1196/1259/1196
f 1196/1259/1196 1123/1249/1123 1077/1251/1077
f 713/1258/713 831/1255/831 697/1191/697
f 679/1257/679 680/1246/680 650/1186/650
f 680/1246/680 697/1191/697 745/1183/745
f 1123/1249/1123 1303/1248/1303 1259/1247/1259
f 1369/1250/1369 1407/1198/1407 1303/1248/1303
f 1123/1249/1123 1369/1250/1369 1303/1248/1303
f 964/1136/964 1060/1253/1060 1077/1251/1077
f 937/1141/937 1060/1253/1060 964/1136/964
f 576/1245/576 610/1190/610 581/1189/581
f 541/1329/541 557/1330/557 535/1165/535
f 533/1240/533 524/1243/524 521/1241/521
f 550/1236/550 563/1325/563 545/1237/545
f 545/1237/545 540/1239/540 528/471/528
f 561/464/561 580/1379/580 562/465/562
f 630/1231/630 631/1232/631 602/458/602
f 674/455/674 640/1229/640 620/453/620
f 615/1227/615 602/458/602 589/456/589
f 1008/444/1008 959/1225/959 925/445/925
f 988/1223/988 960/1222/960 926/1224/926
vt 0.099053 0.723013
f 1023/1470/1023 972/1216/972 944/1217/944
vt 0.102462 0.721871
f 1009/1471/1009 989/1213/989 972/1216/972
vt 0.121999 0.721713
vt 0.128907 0.720510
f 1024/1472/1024 1070/1473/1070 961/1318/961
vt 0.140882 0.727462
f 1070/1473/1070 1010/1474/1010 961/1318/961
f 1010/1474/1010 973/1209/973 930/1212/930
f 973/1209/973 1010/1474/1010 1011/1207/1011
vt 0.107277 0.717933
f 1040/1475/1040 1024/1472/1024 990/1319/990
vt 0.099643 0.712539
f 1069/1476/1069 1040/1475/1040 989/1213/989
f 1069/1476/1069 989/1213/989 1009/1471/1009
f 1023/1470/1023 944/1217/944 1039/1218/1039
vt 0.071829 0.718651
f 1022/1477/1022 988/1223/988 1008/444/1008
vt 0.054320 0.704569
f 1068/1478/1068 1008/444/1008 1118/439/1118
vt 0.070932 0.706766
f 1068/1478/1068 1100/1479/1100 1008/444/1008
f 1100/1479/1100 1022/1477/1022 1008/444/1008
f 1100/1479/1100 1038/1220/1038 1022/1477/1022
vt 0.082162 0.704702
vt 0.081172 0.717511
f 1101/1480/1101 1039/1218/1039 1055/1481/1055
vt 0.089976 0.709543
f 1085/1482/1085 1023/1470/1023 1039/1218/1039
vt 0.089437 0.699972
f 1136/1483/1136 1009/1471/1009 1085/1482/1085
f 1085/1482/1085 1009/1471/1009 1023/1470/1023
vt 0.111001 0.707237
f 1086/1484/1086 1070/1473/1070 1024/1472/1024
vt 0.141910 0.702736
f 1070/1473/1070 1071/1485/1071 1010/1474/1010
f 1192/890/1192 1103/1275/1103 1119/1467/1119
f 1254/425/1254 1103/1275/1103 1192/890/1192
f 1254/425/1254 1087/1206/1087 1103/1275/1103
f 1173/423/1173 1074/1204/1074 1139/424/1139
f 1173/423/1173 1193/421/1193 1074/1204/1074
f 1174/418/1174 1104/1203/1104 1120/420/1120
f 1174/418/1174 1121/417/1121 1104/1203/1104
f 1320/428/1320 1172/884/1172 1154/426/1154
vt 0.106953 0.683241
f 1071/1485/1071 1171/1486/1171 1154/426/1154
f 1171/1486/1171 1251/427/1251 1154/426/1154
f 1230/431/1230 1136/1483/1136 1279/879/1279
vt 0.082083 0.690347
f 1299/877/1299 1279/879/1279 1152/1487/1152
f 1299/877/1299 1152/1487/1152 1298/878/1298
vt 0.082838 0.697753
vt 0.074876 0.688627
f 1298/878/1298 1135/1488/1135 1190/1489/1190
vt 0.064198 0.688136
f 1189/1490/1189 1340/880/1340 1190/1489/1190
f 1213/434/1213 1319/433/1319 1189/1490/1189
vt 0.058824 0.695940
f 1213/434/1213 1189/1490/1189 1134/1491/1134
f 1297/437/1297 1278/876/1278 1170/438/1170
f 1278/876/1278 1213/434/1213 1170/438/1170
f 1340/880/1340 1298/878/1298 1190/1489/1190
vt 0.103333 0.686437
vt 0.102020 0.693958
f 1250/430/1250 1191/1492/1191 1153/1493/1153
f 1250/430/1250 1251/427/1251 1191/1492/1191
f 1318/432/1318 1213/434/1213 1278/876/1278
f 1170/438/1170 1068/1478/1068 1118/439/1118
f 1170/438/1170 1134/1491/1134 1068/1478/1068
f 1213/434/1213 1134/1491/1134 1170/438/1170
f 1100/1479/1100 1055/1481/1055 1038/1220/1038
f 1100/1479/1100 1190/1489/1190 1055/1481/1055
f 1190/1489/1190 1101/1480/1101 1055/1481/1055
f 1189/1490/1189 1190/1489/1190 1100/1479/1100
f 1190/1489/1190 1135/1488/1135 1101/1480/1101
f 1101/1480/1101 1085/1482/1085 1039/1218/1039
f 1069/1476/1069 1009/1471/1009 1136/1483/1136
f 1153/1493/1153 1086/1484/1086 1040/1475/1040
vt 0.113350 0.700530
f 1137/1494/1137 1071/1485/1071 1070/1473/1070
f 1191/1492/1191 1137/1494/1137 1086/1484/1086
f 1153/1493/1153 1191/1492/1191 1086/1484/1086
f 1230/431/1230 1153/1493/1153 1136/1483/1136
f 1152/1487/1152 1085/1482/1085 1135/1488/1135
f 1279/879/1279 1136/1483/1136 1152/1487/1152
f 1152/1487/1152 1136/1483/1136 1085/1482/1085
f 1136/1483/1136 1153/1493/1153 1069/1476/1069
f 1171/1486/1171 1137/1494/1137 1191/1492/1191
f 1135/1488/1135 1085/1482/1085 1101/1480/1101
f 1189/1490/1189 1100/1479/1100 1134/1491/1134
f 1298/878/1298 1152/1487/1152 1135/1488/1135
f 1300/429/1300 1230/431/1230 1279/879/1279
f 1250/430/1250 1153/1493/1153 1230/431/1230
f 1251/427/1251 1171/1486/1171 1191/1492/1191
f 1137/1494/1137 1171/1486/1171 1071/1485/1071
f 1137/1494/1137 1070/1473/1070 1086/1484/1086
f 1153/1493/1153 1040/1475/1040 1069/1476/1069
f 1134/1491/1134 1100/1479/1100 1068/1478/1068
f 1008/444/1008 988/1223/988 959/1225/959
f 1022/1477/1022 1038/1220/1038 960/1222/960
f 1055/1481/1055 1039/1218/1039 927/1219/927
f 1086/1484/1086 1024/1472/1024 1040/1475/1040
f 1010/1474/1010 1071/1485/1071 1011/1207/1011
f 1040/1475/1040 990/1319/990 989/1213/989
f 1009/1471/1009 972/1216/972 1023/1470/1023
f 1055/1481/1055 927/1219/927 1038/1220/1038
f 1022/1477/1022 960/1222/960 988/1223/988
f 944/1217/944 928/1215/928 884/1312/884
f 989/1213/989 990/1319/990 929/1214/929
f 1024/1472/1024 865/1307/865 990/1319/990
f 1024/1472/1024 961/1318/961 865/1307/865
f 961/1318/961 1010/1474/1010 930/1212/930
f 1011/1207/1011 1071/1485/1071 1154/426/1154
f 1072/1469/1072 1102/1371/1102 962/1278/962
f 1138/889/1138 1102/1371/1102 1072/1469/1072
f 1138/889/1138 1119/1467/1119 1102/1371/1102
f 1087/1206/1087 1073/1205/1073 1056/1276/1056
f 1193/421/1193 1120/420/1120 1074/1204/1074
f 1529/925/1529 1427/1269/1427 1559/923/1559
f 1559/923/1559 1427/1269/1427 1406/1268/1406
f 1467/407/1467 1468/405/1468 1428/1271/1428
f 1579/927/1579 1447/1199/1447 1529/925/1529
f 1528/412/1528 1464/411/1464 1480/415/1480
f 1559/923/1559 1406/1268/1406 1466/409/1466
f 1529/925/1529 1447/1199/1447 1427/1269/1427
f 1467/407/1467 1428/1271/1428 1322/1200/1322
f 1388/1197/1388 1407/1198/1407 1370/1193/1370
f 1388/1197/1388 1370/1193/1370 1283/1195/1283
f 1449/1102/1449 1510/401/1510 1482/1096/1482
f 1283/1195/1283 1370/1193/1370 1345/1103/1345
f 1197/1192/1197 1304/1196/1304 1215/1105/1215
f 964/1136/964 1077/1251/1077 1140/1140/1140
f 581/1189/581 610/1190/610 605/1185/605
f 610/1190/610 659/1184/659 605/1185/605
f 598/1187/598 605/1185/605 625/1181/625
f 605/1185/605 659/1184/659 633/1182/633
f 598/1187/598 625/1181/625 611/1172/611
f 659/1184/659 731/1180/731 633/1182/633
f 633/1182/633 731/1180/731 714/1177/714
f 714/1177/714 731/1180/731 763/1145/763
f 577/1171/577 598/1187/598 611/1172/611
f 577/1171/577 588/1173/588 594/1159/594
f 577/1171/577 578/1170/578 570/1168/570
f 536/1163/536 535/1165/535 542/1162/542
f 542/1162/542 548/1167/548 559/1160/559
f 526/481/526 531/1164/531 543/1161/543
f 594/1159/594 559/1160/559 566/1169/566
f 592/1174/592 593/1155/593 594/1159/594
vt 0.731749 0.832685
f 601/1157/601 607/1495/607 608/1158/608
vt 0.994907 0.108949
vt 0.993209 0.000000
vt 0.998302 0.000000
f 3608/1496/3608 3750/1497/3750 3751/1498/3751
vt 0.998302 0.256809
f 3270/1499/3270 3608/1496/3608 3751/1498/3751
vt 0.994907 0.517510
vt 0.998302 0.392996
vt 0.998302 0.548638
f 2100/1500/2100 2746/1501/2746 1902/1502/1902
vt 0.988115 0.540856
f 1953/1503/1953 2100/1500/2100 1902/1502/1902
vt 0.988115 0.568093
f 1794/1504/1794 1953/1503/1953 1902/1502/1902
vt 0.998302 0.579767
f 1741/1505/1741 1794/1504/1794 1902/1502/1902
vt 0.937168 0.582859
f 1644/1506/1644 1794/1504/1794 1741/1505/1741
vt 0.913079 0.601925
vt 0.917363 0.606173
vt 0.916392 0.612722
f 1660/1507/1660 1603/1508/1603 1602/1509/1602
vt 0.908297 0.598781
vt 0.914078 0.616320
f 1659/1510/1659 1660/1507/1660 1601/1511/1601
vt 0.902159 0.601492
vt 0.906484 0.614537
f 1684/1512/1684 1659/1510/1659 1600/1513/1600
vt 0.897825 0.608340
vt 0.899863 0.607197
vt 0.902724 0.622445
f 1627/1514/1627 1628/1515/1628 1549/1516/1549
vt 0.898410 0.639597
f 1478/1517/1478 1627/1514/1627 1549/1516/1549
vt 0.901876 0.642638
f 1478/1517/1478 1549/1516/1549 1421/1518/1421
vt 0.897706 0.653705
vt 0.906429 0.647817
f 1363/1519/1363 1421/1518/1421 1380/1520/1380
vt 0.895794 0.665507
vt 0.905498 0.673970
f 1247/1521/1247 1380/1520/1380 1248/1522/1248
vt 0.889784 0.664791
vt 0.890650 0.669065
f 1312/1523/1312 1247/1521/1247 1246/1524/1246
vt 0.886039 0.668468
vt 0.890099 0.673697
f 1274/1525/1274 1246/1524/1246 1226/1526/1226
vt 0.886960 0.674712
f 1274/1525/1274 1226/1526/1226 1211/1527/1211
vt 0.880718 0.675420
f 1274/1525/1274 1211/1527/1211 1225/1528/1225
vt 0.874055 0.665745
f 1295/1529/1295 1274/1525/1274 1225/1528/1225
vt 0.869129 0.666478
f 1295/1529/1295 1225/1528/1225 1273/1530/1273
vt 0.868569 0.684166
vt 0.876092 0.695861
vt 0.872996 0.699886
f 1210/1531/1210 1113/1532/1113 1132/1533/1132
vt 0.864934 0.684544
f 1209/1534/1209 1210/1531/1210 1132/1533/1132
vt 0.865385 0.692947
f 1209/1534/1209 1132/1533/1132 1166/1535/1166
vt 0.851254 0.680014
vt 0.860363 0.700439
f 1223/1536/1223 1166/1535/1166 1131/1537/1131
vt 0.853559 0.693661
f 1223/1536/1223 1131/1537/1131 1130/1538/1130
vt 0.844326 0.679921
vt 0.853096 0.697508
vt 0.850914 0.701831
f 1221/1539/1221 1147/1540/1147 1112/1541/1112
vt 0.816934 0.684343
vt 0.825628 0.708342
vt 0.818716 0.697266
f 1181/1542/1181 1063/1543/1063 1129/1544/1129
vt 0.795968 0.680210
vt 0.815788 0.708841
f 1145/1545/1145 1129/1544/1129 1053/1546/1053
vt 0.795834 0.698308
f 1145/1545/1145 1053/1546/1053 1111/1547/1111
vt 0.786124 0.705354
vt 0.824637 0.729773
f 1081/1548/1081 1053/1546/1053 1001/1549/1001
vt 0.766511 0.725047
f 1001/1549/1001 1052/1550/1052 1081/1548/1081
vt 0.784383 0.696945
f 1081/1548/1081 1110/1551/1110 1111/1547/1111
vt 0.769178 0.714045
f 1051/1552/1051 1110/1551/1110 1081/1548/1081
f 1052/1550/1052 1051/1552/1051 1081/1548/1081
vt 0.781227 0.686254
f 1207/1553/1207 1145/1545/1145 1110/1551/1110
f 1145/1545/1145 1181/1542/1181 1129/1544/1129
vt 0.817337 0.665589
vt 0.827509 0.679272
f 1181/1542/1181 1220/1554/1220 1182/1555/1182
vt 0.829997 0.676601
vt 0.832606 0.687969
f 1245/1556/1245 1165/1557/1165 1182/1555/1182
vt 0.841107 0.696184
vt 0.837112 0.695286
f 1245/1556/1245 1183/1558/1183 1146/1559/1146
vt 0.837485 0.665630
f 1208/1560/1208 1221/1539/1221 1112/1541/1112
vt 0.846973 0.678606
f 1221/1539/1221 1222/1561/1222 1147/1540/1147
f 1222/1561/1222 1130/1538/1130 1147/1540/1147
f 1222/1561/1222 1223/1536/1223 1130/1538/1130
vt 0.824949 0.661815
f 1311/1562/1311 1245/1556/1245 1182/1555/1182
f 1220/1554/1220 1311/1562/1311 1182/1555/1182
f 1181/1542/1181 1145/1545/1145 1220/1554/1220
vt 0.783963 0.649280
vt 0.808577 0.637478
f 1358/1563/1358 1437/1564/1437 1220/1554/1220
vt 0.828943 0.662593
f 1311/1562/1311 1334/1565/1334 1245/1556/1245
vt 0.840332 0.663566
f 1208/1560/1208 1335/1566/1335 1221/1539/1221
vt 0.842347 0.658419
f 1335/1566/1335 1293/1567/1293 1222/1561/1222
f 1293/1567/1293 1223/1536/1223 1222/1561/1222
vt 0.857149 0.673655
f 1272/1568/1272 1166/1535/1166 1223/1536/1223
f 1272/1568/1272 1209/1534/1209 1166/1535/1166
vt 0.861166 0.669724
vt 0.876373 0.680056
f 1210/1531/1210 1294/1569/1294 1224/1570/1224
f 1294/1569/1294 1273/1530/1273 1224/1570/1224
f 1209/1534/1209 1294/1569/1294 1210/1531/1210
f 1294/1569/1294 1209/1534/1209 1272/1568/1272
f 1293/1567/1293 1272/1568/1272 1223/1536/1223
vt 0.824639 0.649866
f 1376/1571/1376 1334/1565/1334 1311/1562/1311
vt 0.816856 0.636891
f 1437/1564/1437 1417/1572/1417 1311/1562/1311
f 1417/1572/1417 1376/1571/1376 1311/1562/1311
vt 0.827538 0.628956
f 1545/1573/1545 1208/1560/1208 1376/1571/1376
vt 0.834142 0.645772
f 1418/1574/1418 1335/1566/1335 1208/1560/1208
vt 0.835114 0.639761
f 1418/1574/1418 1377/1575/1377 1335/1566/1335
vt 0.839286 0.641894
f 1377/1575/1377 1438/1576/1438 1293/1567/1293
vt 0.853171 0.660900
f 1359/1577/1359 1294/1569/1294 1272/1568/1272
vt 0.852365 0.647334
vt 0.864765 0.659871
f 1378/1578/1378 1360/1579/1360 1294/1569/1294
f 1359/1577/1359 1378/1578/1378 1294/1569/1294
vt 0.846796 0.647634
f 1438/1576/1438 1399/1580/1399 1293/1567/1293
vt 0.817091 0.628988
f 1518/1581/1518 1376/1571/1376 1417/1572/1417
vt 0.802531 0.618241
vt 0.811328 0.614760
f 1566/1582/1566 1567/1583/1567 1417/1572/1417
vt 0.817523 0.619027
f 1568/1584/1568 1376/1571/1376 1518/1581/1518
vt 0.831166 0.628079
f 1545/1573/1545 1499/1585/1499 1418/1574/1418
vt 0.834033 0.626133
f 1499/1585/1499 1546/1586/1546 1377/1575/1377
f 1546/1586/1546 1438/1576/1438 1377/1575/1377
vt 0.859823 0.641703
f 1439/1587/1439 1360/1579/1360 1378/1578/1378
vt 0.868459 0.656586
f 1360/1579/1360 1400/1588/1400 1273/1530/1273
f 1400/1588/1400 1295/1529/1295 1273/1530/1273
vt 0.880035 0.656070
f 1336/1589/1336 1274/1525/1274 1295/1529/1295
vt 0.884954 0.653798
f 1336/1589/1336 1362/1590/1362 1274/1525/1274
f 1312/1523/1312 1363/1519/1363 1247/1521/1247
f 1247/1521/1247 1363/1519/1363 1380/1520/1380
f 1363/1519/1363 1478/1517/1478 1421/1518/1421
vt 0.889758 0.621328
vt 0.892250 0.614820
vt 0.892420 0.633807
f 1548/1591/1548 1571/1592/1571 1502/1593/1502
vt 0.888970 0.641022
f 1458/1594/1458 1548/1591/1548 1502/1593/1502
vt 0.891273 0.646666
f 1362/1590/1362 1420/1595/1420 1312/1523/1312
f 1312/1523/1312 1420/1595/1420 1363/1519/1363
f 1363/1519/1363 1420/1595/1420 1478/1517/1478
f 1458/1594/1458 1502/1593/1502 1420/1595/1420
vt 0.879967 0.648668
f 1362/1590/1362 1379/1596/1379 1458/1594/1458
vt 0.885368 0.640063
f 1379/1596/1379 1440/1597/1440 1458/1594/1458
vt 0.882197 0.627512
vt 0.887759 0.629042
f 1440/1597/1440 1477/1598/1477 1501/1599/1501
vt 0.861297 0.627464
vt 0.870553 0.637099
f 1569/1600/1569 1476/1601/1476 1400/1588/1400
f 1569/1600/1569 1400/1588/1400 1360/1579/1360
f 1439/1587/1439 1569/1600/1569 1360/1579/1360
vt 0.842241 0.626650
f 1547/1602/1547 1378/1578/1378 1399/1580/1399
f 1438/1576/1438 1547/1602/1547 1399/1580/1399
f 1546/1586/1546 1547/1602/1547 1438/1576/1438
vt 0.830301 0.615484
f 1624/1603/1624 1546/1586/1546 1499/1585/1499
f 1568/1584/1568 1545/1573/1545 1376/1571/1376
f 1567/1583/1567 1568/1584/1568 1518/1581/1518
vt 0.792505 0.612699
vt 0.796452 0.597030
f 1498/1604/1498 1678/1605/1678 1566/1582/1566
f 1358/1563/1358 1220/1554/1220 1145/1545/1145
vt 0.777703 0.666984
f 1310/1606/1310 1145/1545/1145 1207/1553/1207
f 1310/1606/1310 1358/1563/1358 1145/1545/1145
vt 0.832712 0.743937
f 940/1607/940 1052/1550/1052 1001/1549/1001
vt 0.868725 0.790293
vt 0.835999 0.783217
vt 0.854054 0.784596
f 707/1608/707 785/1609/785 753/1610/753
vt 0.801358 0.797665
vt 0.874363 0.793774
f 688/1611/688 707/1608/707 708/1612/708
vt 0.998302 0.805447
f 688/1611/688 708/1612/708 666/1613/666
vt 0.792036 0.810732
f 665/1614/665 688/1611/688 666/1613/666
vt 0.784994 0.814150
vt 0.794298 0.792616
f 645/1615/645 738/1616/738 665/1614/665
vt 0.805981 0.790736
f 688/1611/688 738/1616/738 721/1617/721
vt 0.806730 0.780850
f 738/1616/738 752/1618/752 721/1617/721
f 721/1617/721 752/1618/752 785/1609/785
vt 0.836067 0.765457
f 752/1618/752 837/1619/837 785/1609/785
vt 0.805642 0.764522
f 752/1618/752 860/1620/860 837/1619/837
vt 0.798149 0.756447
vt 0.841935 0.755664
f 860/1620/860 882/1621/882 861/1622/861
vt 0.790849 0.779799
f 784/1623/784 860/1620/860 752/1618/752
vt 0.784199 0.807849
f 645/1615/645 664/1624/664 738/1616/738
vt 0.781703 0.820933
f 629/1625/629 645/1615/645 665/1614/665
f 608/1158/608 629/1625/629 665/1614/665
vt 0.760663 0.827184
f 608/1158/608 619/1626/619 629/1625/629
vt 0.781366 0.795688
f 664/1624/664 720/1627/720 738/1616/738
f 720/1627/720 784/1623/784 738/1616/738
vt 0.765746 0.813172
f 639/1628/639 664/1624/664 645/1615/645
f 619/1626/619 639/1628/639 645/1615/645
f 639/1628/639 720/1627/720 664/1624/664
vt 0.781115 0.787372
vt 0.786078 0.762646
vt 0.790393 0.771844
f 767/1629/767 836/1630/836 819/1631/819
vt 0.758572 0.786296
f 737/1632/737 836/1630/836 767/1629/767
vt 0.758431 0.792418
f 719/1633/719 737/1632/737 767/1629/767
vt 0.764354 0.796949
f 706/1634/706 719/1633/719 767/1629/767
f 706/1634/706 767/1629/767 720/1627/720
vt 0.731178 0.827708
f 607/1495/607 618/1635/618 619/1626/619
vt 0.756246 0.820340
f 619/1626/619 618/1635/618 638/1636/638
vt 0.755753 0.802908
f 687/1637/687 706/1634/706 639/1628/639
f 638/1636/638 687/1637/687 639/1628/639
f 687/1637/687 719/1633/719 706/1634/706
vt 0.732909 0.819806
f 618/1635/618 637/1638/637 638/1636/638
vt 0.735270 0.803110
f 637/1638/637 686/1639/686 687/1637/687
vt 0.620179 0.804104
vt 0.635499 0.789845
vt 0.633634 0.802696
f 702/1640/702 736/1641/736 683/1642/683
vt 0.632440 0.810852
f 652/1643/652 702/1640/702 683/1642/683
vt 0.608758 0.808030
vt 0.599826 0.801136
vt 0.613028 0.799264
f 661/1644/661 682/1645/682 701/1646/701
f 627/1150/627 661/1644/661 652/1643/652
vt 0.651165 0.822370
f 653/1152/653 634/1647/634 606/1153/606
vt 0.644592 0.802219
f 683/1642/683 684/1648/684 653/1152/653
f 684/1648/684 634/1647/634 653/1152/653
vt 0.656289 0.826454
vt 0.704284 0.824220
vt 0.706249 0.830852
f 628/1649/628 635/1650/635 614/1651/614
f 606/1153/606 628/1649/628 614/1651/614
f 601/1157/601 606/1153/606 614/1651/614
f 601/1157/601 614/1651/614 618/1635/618
vt 0.729715 0.798171
f 686/1639/686 705/1652/705 719/1633/719
f 719/1633/719 705/1652/705 737/1632/737
vt 0.716052 0.796047
f 704/1653/704 737/1632/737 705/1652/705
vt 0.725915 0.808321
f 637/1638/637 663/1654/663 686/1639/686
f 614/1651/614 637/1638/637 618/1635/618
vt 0.713006 0.822645
f 614/1651/614 636/1655/636 637/1638/637
f 637/1638/637 636/1655/636 663/1654/663
vt 0.713202 0.806145
f 672/1656/672 705/1652/705 663/1654/663
f 672/1656/672 704/1653/704 705/1652/705
f 614/1651/614 635/1650/635 636/1655/636
vt 0.704476 0.811676
f 635/1650/635 654/1657/654 636/1655/636
f 636/1655/636 654/1657/654 672/1656/672
vt 0.701592 0.804033
f 685/1658/685 704/1653/704 672/1656/672
vt 0.658052 0.802020
f 703/1659/703 704/1653/704 685/1658/685
vt 0.655868 0.811313
f 662/1660/662 685/1658/685 654/1657/654
f 736/1641/736 684/1648/684 683/1642/683
vt 0.637708 0.784919
f 736/1641/736 765/1661/765 684/1648/684
f 765/1661/765 662/1660/662 684/1648/684
f 765/1661/765 703/1659/703 662/1660/662
vt 0.644871 0.782346
f 765/1661/765 766/1662/766 703/1659/703
f 662/1660/662 703/1659/703 685/1658/685
f 703/1659/703 766/1662/766 704/1653/704
f 654/1657/654 685/1658/685 672/1656/672
f 635/1650/635 662/1660/662 654/1657/654
f 628/1649/628 662/1660/662 635/1650/635
f 636/1655/636 672/1656/672 663/1654/663
f 663/1654/663 705/1652/705 686/1639/686
f 766/1662/766 737/1632/737 704/1653/704
f 634/1647/634 662/1660/662 628/1649/628
f 684/1648/684 662/1660/662 634/1647/634
f 634/1647/634 628/1649/628 606/1153/606
f 683/1642/683 653/1152/653 652/1643/652
f 652/1643/652 661/1644/661 702/1640/702
f 627/1150/627 651/1123/651 661/1644/661
vt 0.614530 0.782712
f 682/1645/682 804/1663/804 701/1646/701
f 804/1663/804 765/1661/765 736/1641/736
vt 0.642940 0.750174
f 765/1661/765 857/1664/857 766/1662/766
vt 0.679117 0.758755
f 766/1662/766 857/1664/857 858/1665/858
f 766/1662/766 858/1665/858 836/1630/836
vt 0.704584 0.758755
f 858/1665/858 859/1666/859 836/1630/836
vt 0.709677 0.754864
f 859/1666/859 881/1667/881 836/1630/836
f 836/1630/836 881/1667/881 882/1621/882
vt 0.721163 0.745624
f 881/1667/881 904/1668/904 882/1621/882
vt 0.747387 0.738984
f 904/1668/904 939/1669/939 882/1621/882
f 939/1669/939 1052/1550/1052 940/1607/940
vt 0.782981 0.619594
f 1358/1563/1358 1642/1670/1642 1566/1582/1566
f 1642/1670/1642 1498/1604/1498 1566/1582/1566
vt 0.827796 0.612871
f 1623/1671/1623 1624/1603/1624 1499/1585/1499
vt 0.873884 0.629117
vt 0.874902 0.647747
f 1476/1601/1476 1500/1672/1500 1361/1673/1361
vt 0.868168 0.617315
f 1569/1600/1569 1597/1674/1597 1476/1601/1476
vt 0.813490 0.594936
vt 0.825587 0.613332
f 1622/1675/1622 1643/1676/1643 1568/1584/1568
vt 0.809374 0.597627
f 1656/1677/1656 1622/1675/1622 1568/1584/1568
vt 0.800862 0.581901
vt 0.807131 0.602300
f 1718/1678/1718 1679/1679/1679 1678/1605/1678
vt 0.771206 0.680020
f 1244/1680/1244 1310/1606/1310 1207/1553/1207
vt 0.758914 0.707789
f 1094/1681/1094 1207/1553/1207 1051/1552/1051
vt 0.761869 0.692136
f 1094/1681/1094 1144/1682/1144 1207/1553/1207
vt 0.770392 0.671457
f 1244/1680/1244 1271/1683/1271 1310/1606/1310
vt 0.776056 0.657791
f 1271/1683/1271 1357/1684/1357 1310/1606/1310
vt 0.778320 0.644608
f 1357/1684/1357 1436/1685/1436 1358/1563/1358
f 1358/1563/1358 1436/1685/1436 1642/1670/1642
vt 0.791601 0.574595
vt 0.797266 0.573318
f 1793/1686/1793 1758/1687/1758 1678/1605/1678
vt 0.803158 0.577722
f 1759/1688/1759 1656/1677/1656 1679/1679/1679
vt 0.825525 0.597838
f 1680/1689/1680 1624/1603/1624 1623/1671/1623
vt 0.848881 0.628424
vt 0.843435 0.616376
vt 0.851252 0.598725
f 1519/1690/1519 1596/1691/1596 1719/1692/1719
vt 0.870945 0.625370
vt 0.872283 0.609481
f 1520/1693/1520 1626/1694/1626 1500/1672/1500
vt 0.877990 0.640821
f 1500/1672/1500 1477/1598/1477 1419/1695/1419
vt 0.880327 0.614988
f 1626/1694/1626 1570/1696/1570 1500/1672/1500
vt 0.880942 0.622780
vt 0.882880 0.619544
f 1521/1697/1521 1598/1698/1598 1477/1598/1477
vt 0.887066 0.608935
f 1598/1698/1598 1599/1699/1599 1501/1599/1501
f 1599/1699/1599 1548/1591/1548 1501/1599/1501
vt 0.888688 0.599828
f 1683/1700/1683 1571/1592/1571 1548/1591/1548
f 1599/1699/1599 1683/1700/1683 1548/1591/1548
vt 0.879040 0.595185
vt 0.882047 0.593870
f 1681/1701/1681 1682/1702/1682 1570/1696/1570
f 1682/1702/1682 1683/1700/1683 1599/1699/1599
vt 0.874481 0.585327
f 1720/1703/1720 1682/1702/1682 1681/1701/1681
vt 0.875971 0.601259
f 1626/1694/1626 1657/1704/1657 1570/1696/1570
f 1657/1704/1657 1681/1701/1681 1570/1696/1570
f 1657/1704/1657 1720/1703/1720 1681/1701/1681
vt 0.885317 0.580040
f 1682/1702/1682 1777/1705/1777 1683/1700/1683
vt 0.897565 0.599208
f 1683/1700/1683 1658/1706/1658 1571/1592/1571
f 1658/1706/1658 1627/1514/1627 1571/1592/1571
f 1627/1514/1627 1658/1706/1658 1628/1515/1628
f 1658/1706/1658 1684/1512/1684 1628/1515/1628
vt 0.896991 0.586702
f 1763/1707/1763 1684/1512/1684 1658/1706/1658
vt 0.893647 0.584755
f 1658/1706/1658 1721/1708/1721 1763/1707/1763
vt 0.910700 0.587021
f 1740/1709/1740 1603/1508/1603 1660/1507/1660
vt 0.891326 0.571644
f 1777/1705/1777 1778/1710/1778 1721/1708/1721
vt 0.892236 0.561461
vt 0.898705 0.567490
f 1837/1711/1837 1811/1712/1811 1778/1710/1778
f 1778/1710/1778 1811/1712/1811 1763/1707/1763
vt 0.903432 0.580045
f 1811/1712/1811 1764/1713/1764 1763/1707/1763
vt 0.902470 0.572277
f 1779/1714/1779 1740/1709/1740 1764/1713/1764
vt 0.913346 0.583771
vt 0.918586 0.598969
f 1765/1715/1765 1629/1716/1629 1603/1508/1603
vt 0.924146 0.589713
vt 0.929473 0.586765
vt 0.930894 0.615661
f 1722/1717/1722 1701/1718/1701 1604/1719/1604
vt 0.933152 0.580907
vt 0.938127 0.609521
f 1701/1718/1701 1780/1720/1780 1605/1721/1605
f 1780/1720/1780 1644/1506/1644 1605/1721/1605
f 1765/1715/1765 1722/1717/1722 1629/1716/1629
vt 0.905919 0.570749
vt 0.907470 0.564784
f 1812/1722/1812 1862/1723/1862 1765/1715/1765
f 1811/1712/1811 1779/1714/1779 1764/1713/1764
vt 0.896986 0.557856
f 1837/1711/1837 1861/1724/1861 1811/1712/1811
vt 0.880663 0.553097
f 1900/1725/1900 1861/1724/1861 1837/1711/1837
vt 0.875663 0.555938
f 1900/1725/1900 1837/1711/1837 1899/1726/1899
vt 0.858922 0.591070
vt 0.862584 0.589701
vt 0.858356 0.619242
f 1738/1727/1738 1762/1728/1762 1625/1729/1625
f 1719/1692/1719 1738/1727/1738 1625/1729/1625
f 1625/1729/1625 1762/1728/1762 1569/1600/1569
f 1597/1674/1597 1626/1694/1626 1520/1693/1520
vt 0.869629 0.592542
f 1739/1730/1739 1720/1703/1720 1626/1694/1626
vt 0.872936 0.569052
f 1739/1730/1739 1809/1731/1809 1720/1703/1720
vt 0.886010 0.566446
f 1810/1732/1810 1837/1711/1837 1778/1710/1778
f 1777/1705/1777 1810/1732/1810 1778/1710/1778
f 1809/1731/1809 1899/1726/1899 1720/1703/1720
f 1762/1728/1762 1597/1674/1597 1569/1600/1569
f 1597/1674/1597 1762/1728/1762 1739/1730/1739
f 1762/1728/1762 1809/1731/1809 1739/1730/1739
vt 0.866821 0.561335
f 1762/1728/1762 1878/1733/1878 1809/1731/1809
f 1720/1703/1720 1899/1726/1899 1810/1732/1810
f 1720/1703/1720 1810/1732/1810 1777/1705/1777
f 1597/1674/1597 1739/1730/1739 1626/1694/1626
f 1519/1690/1519 1719/1692/1719 1625/1729/1625
vt 0.820832 0.585442
f 1760/1734/1760 1643/1676/1643 1622/1675/1622
f 1758/1687/1758 1718/1678/1718 1678/1605/1678
vt 0.801926 0.570029
f 1758/1687/1758 1776/1735/1776 1759/1688/1759
f 1718/1678/1718 1758/1687/1758 1759/1688/1759
vt 0.823494 0.578996
f 1760/1734/1760 1806/1736/1806 1680/1689/1680
vt 0.839603 0.596481
vt 0.845899 0.576307
f 1761/1737/1761 1808/1738/1808 1596/1691/1596
vt 0.859253 0.568138
f 1738/1727/1738 1859/1739/1859 1762/1728/1762
vt 0.842594 0.572569
vt 0.846816 0.548744
f 1836/1740/1836 1923/1741/1923 1808/1738/1808
vt 0.835533 0.568685
f 1835/1742/1835 1836/1740/1836 1761/1737/1761
vt 0.833446 0.583582
f 1807/1743/1807 1835/1742/1835 1761/1737/1761
vt 0.819564 0.571404
f 1858/1744/1858 1806/1736/1806 1760/1734/1760
vt 0.809588 0.565114
vt 0.812244 0.567464
f 1834/1745/1834 1877/1746/1877 1622/1675/1622
f 1834/1745/1834 1622/1675/1622 1759/1688/1759
f 1776/1735/1776 1834/1745/1834 1759/1688/1759
vt 0.805416 0.563833
f 1833/1747/1833 1834/1745/1834 1776/1735/1776
vt 0.795891 0.559472
vt 0.793054 0.563828
f 1857/1748/1857 1776/1735/1776 1832/1749/1832
vt 0.779794 0.584688
f 1642/1670/1642 1736/1750/1736 1793/1686/1793
vt 0.765724 0.588069
vt 0.768954 0.602103
vt 0.766927 0.614456
f 1699/1751/1699 1565/1752/1565 1595/1753/1595
vt 0.763524 0.593753
f 1757/1754/1757 1699/1751/1699 1595/1753/1595
vt 0.756769 0.603926
vt 0.756702 0.620853
vt 0.748630 0.606274
f 1655/1755/1655 1594/1756/1594 1641/1757/1641
vt 0.716278 0.618152
vt 0.720977 0.616819
vt 0.719256 0.634507
f 1540/1758/1540 1541/1759/1541 1471/1760/1471
vt 0.704630 0.661205
vt 0.714912 0.646890
vt 0.711454 0.661038
f 1354/1761/1354 1415/1762/1415 1332/1763/1332
vt 0.704779 0.676655
vt 0.716064 0.675443
f 1204/1764/1204 1332/1763/1332 1270/1765/1270
vt 0.731267 0.733685
f 904/1668/904 954/1766/954 939/1669/939
vt 0.763214 0.681808
f 1144/1682/1144 1206/1767/1206 1244/1680/1244
f 1244/1680/1244 1206/1767/1206 1271/1683/1271
vt 0.771765 0.613002
vt 0.776867 0.591016
vt 0.779573 0.624872
f 1516/1768/1516 1735/1769/1735 1517/1770/1517
vt 0.759990 0.623869
f 1655/1755/1655 1544/1771/1544 1594/1756/1594
vt 0.740307 0.609658
vt 0.748405 0.634120
f 1621/1772/1621 1641/1757/1641 1474/1773/1474
vt 0.740786 0.640113
f 1621/1772/1621 1474/1773/1474 1473/1774/1473
vt 0.732372 0.613338
f 1543/1775/1543 1621/1772/1621 1473/1774/1473
vt 0.724524 0.623427
vt 0.729841 0.629557
vt 0.723384 0.634782
f 1495/1776/1495 1496/1777/1496 1472/1778/1472
f 1471/1760/1471 1541/1759/1541 1472/1778/1472
vt 0.727295 0.649114
f 1472/1778/1472 1333/1779/1333 1471/1760/1471
vt 0.711483 0.740980
f 904/1668/904 969/1780/969 954/1766/954
vt 0.745980 0.732014
f 939/1669/939 954/1766/954 1000/1781/1000
vt 0.744537 0.716208
f 1000/1781/1000 1050/1782/1050 1051/1552/1051
f 1050/1782/1050 1094/1681/1094 1051/1552/1051
vt 0.758798 0.686421
f 1164/1783/1164 1206/1767/1206 1144/1682/1144
vt 0.768128 0.656772
f 1271/1683/1271 1356/1784/1356 1357/1684/1357
f 1356/1784/1356 1436/1685/1436 1357/1684/1357
vt 0.772064 0.639146
f 1356/1784/1356 1416/1785/1416 1436/1685/1436
f 1206/1767/1206 1356/1784/1356 1271/1683/1271
vt 0.747331 0.695364
f 1128/1786/1128 1164/1783/1164 1144/1682/1144
vt 0.757262 0.671543
f 1164/1783/1164 1243/1787/1243 1206/1767/1206
vt 0.762272 0.662710
f 1243/1787/1243 1292/1788/1292 1356/1784/1356
f 1243/1787/1243 1356/1784/1356 1206/1767/1206
vt 0.766718 0.651253
f 1292/1788/1292 1398/1789/1398 1356/1784/1356
f 1356/1784/1356 1398/1789/1398 1416/1785/1416
vt 0.769865 0.633863
f 1398/1789/1398 1475/1790/1475 1416/1785/1416
f 1565/1752/1565 1516/1768/1516 1475/1790/1475
vt 0.767154 0.633427
f 1497/1791/1497 1565/1752/1565 1475/1790/1475
vt 0.764449 0.647946
f 1497/1791/1497 1398/1789/1398 1435/1792/1435
vt 0.760128 0.658316
f 1291/1793/1291 1435/1792/1435 1398/1789/1398
f 1291/1793/1291 1398/1789/1398 1292/1788/1292
vt 0.752744 0.656545
vt 0.754413 0.664369
f 1355/1794/1355 1291/1793/1291 1290/1795/1290
vt 0.746781 0.653949
f 1396/1796/1396 1355/1794/1355 1290/1795/1290
vt 0.745709 0.663767
f 1396/1796/1396 1290/1795/1290 1289/1797/1289
vt 0.742234 0.653037
f 1374/1798/1374 1396/1796/1396 1289/1797/1289
vt 0.738521 0.653308
f 1309/1799/1309 1374/1798/1374 1289/1797/1289
vt 0.736610 0.669708
f 1309/1799/1309 1289/1797/1289 1288/1800/1288
f 1333/1779/1333 1309/1799/1309 1288/1800/1288
vt 0.731055 0.683198
f 1415/1762/1415 1333/1779/1333 1218/1801/1218
vt 0.744964 0.682914
f 1128/1786/1128 1205/1802/1205 1164/1783/1164
vt 0.728969 0.716774
f 1000/1781/1000 1049/1803/1049 1050/1782/1050
vt 0.732015 0.701000
f 1049/1803/1049 1062/1804/1062 1050/1782/1050
vt 0.737454 0.680162
f 1062/1804/1062 1219/1805/1219 1128/1786/1128
f 1062/1804/1062 1218/1801/1218 1219/1805/1219
vt 0.721165 0.692631
f 1270/1765/1270 1218/1801/1218 1080/1806/1080
f 1080/1806/1080 1218/1801/1218 1062/1804/1062
f 1333/1779/1333 1219/1805/1219 1218/1801/1218
f 1288/1800/1288 1205/1802/1205 1219/1805/1219
f 1243/1787/1243 1290/1795/1290 1292/1788/1292
f 1290/1795/1290 1291/1793/1291 1292/1788/1292
vt 0.750812 0.670978
f 1242/1807/1242 1243/1787/1243 1205/1802/1205
f 1289/1797/1289 1242/1807/1242 1205/1802/1205
f 1288/1800/1288 1289/1797/1289 1205/1802/1205
f 1290/1795/1290 1243/1787/1243 1242/1807/1242
f 1289/1797/1289 1290/1795/1290 1242/1807/1242
f 1205/1802/1205 1243/1787/1243 1164/1783/1164
f 1333/1779/1333 1288/1800/1288 1219/1805/1219
f 1128/1786/1128 1219/1805/1219 1205/1802/1205
f 1062/1804/1062 1128/1786/1128 1050/1782/1050
f 954/1766/954 1049/1803/1049 1000/1781/1000
vt 0.705743 0.727811
f 954/1766/954 983/1808/983 1049/1803/1049
vt 0.755066 0.643719
vt 0.758718 0.653722
f 1355/1794/1355 1397/1809/1397 1375/1810/1375
f 1641/1757/1641 1594/1756/1594 1474/1773/1474
f 1472/1778/1472 1496/1777/1496 1333/1779/1333
f 1333/1779/1333 1496/1777/1496 1309/1799/1309
vt 0.735465 0.634899
f 1496/1777/1496 1433/1811/1433 1309/1799/1309
f 1433/1811/1433 1374/1798/1374 1309/1799/1309
f 1433/1811/1433 1473/1774/1473 1374/1798/1374
f 1474/1773/1474 1397/1809/1397 1396/1796/1396
vt 0.759178 0.637589
f 1397/1809/1397 1434/1812/1434 1375/1810/1375
f 1375/1810/1375 1434/1812/1434 1435/1792/1435
f 1434/1812/1434 1544/1771/1544 1435/1792/1435
f 1544/1771/1544 1595/1753/1595 1497/1791/1497
vt 0.756122 0.635621
f 1457/1813/1457 1544/1771/1544 1434/1812/1434
f 1397/1809/1397 1457/1813/1457 1434/1812/1434
f 1474/1773/1474 1457/1813/1457 1397/1809/1397
f 1474/1773/1474 1594/1756/1594 1457/1813/1457
f 1457/1813/1457 1594/1756/1594 1544/1771/1544
f 1473/1774/1473 1474/1773/1474 1396/1796/1396
f 1435/1792/1435 1544/1771/1544 1497/1791/1497
f 1397/1809/1397 1355/1794/1355 1396/1796/1396
f 1473/1774/1473 1396/1796/1396 1374/1798/1374
f 1270/1765/1270 1415/1762/1415 1218/1801/1218
f 1375/1810/1375 1291/1793/1291 1355/1794/1355
f 1291/1793/1291 1375/1810/1375 1435/1792/1435
f 1497/1791/1497 1595/1753/1595 1565/1752/1565
f 1497/1791/1497 1475/1790/1475 1398/1789/1398
f 1050/1782/1050 1128/1786/1128 1094/1681/1094
f 1094/1681/1094 1128/1786/1128 1144/1682/1144
f 1416/1785/1416 1516/1768/1516 1517/1770/1517
f 1475/1790/1475 1516/1768/1516 1416/1785/1416
f 1416/1785/1416 1517/1770/1517 1436/1685/1436
f 969/1780/969 983/1808/983 954/1766/954
f 1332/1763/1332 1415/1762/1415 1270/1765/1270
f 1541/1759/1541 1495/1776/1495 1472/1778/1472
f 1541/1759/1541 1496/1777/1496 1495/1776/1495
vt 0.723676 0.612236
f 1593/1814/1593 1433/1811/1433 1496/1777/1496
vt 0.731066 0.618177
f 1542/1815/1542 1473/1774/1473 1433/1811/1433
f 1542/1815/1542 1543/1775/1543 1473/1774/1473
f 1655/1755/1655 1595/1753/1595 1544/1771/1544
f 1735/1769/1735 1642/1670/1642 1517/1770/1517
vt 0.703813 0.749699
f 919/1816/919 969/1780/969 904/1668/904
f 919/1816/919 983/1808/983 969/1780/969
vt 0.693802 0.698767
f 983/1808/983 1163/1817/1163 1080/1806/1080
f 1163/1817/1163 1204/1764/1204 1080/1806/1080
f 1415/1762/1415 1540/1758/1540 1471/1760/1471
vt 0.718219 0.606866
f 1540/1758/1540 1654/1818/1654 1541/1759/1541
f 1541/1759/1541 1654/1818/1654 1593/1814/1593
vt 0.721682 0.604522
f 1677/1819/1677 1543/1775/1543 1542/1815/1542
vt 0.737152 0.591320
f 1621/1772/1621 1756/1820/1756 1641/1757/1641
vt 0.744200 0.582471
f 1805/1821/1805 1641/1757/1641 1756/1820/1756
vt 0.712281 0.593506
f 1754/1822/1754 1677/1819/1677 1654/1818/1654
vt 0.699414 0.589338
vt 0.701778 0.605745
vt 0.699056 0.608070
f 1697/1823/1697 1653/1824/1653 1640/1825/1640
vt 0.692767 0.584891
f 1790/1826/1790 1697/1823/1697 1640/1825/1640
vt 0.689199 0.592358
vt 0.694061 0.606132
f 1696/1827/1696 1790/1826/1790 1639/1828/1639
vt 0.687812 0.614897
f 1515/1829/1515 1696/1827/1696 1639/1828/1639
vt 0.632177 0.591220
vt 0.638749 0.601635
vt 0.631201 0.605531
f 1715/1830/1715 1675/1831/1675 1638/1832/1638
vt 0.618923 0.616555
vt 0.620732 0.610561
vt 0.622318 0.617883
f 1533/1833/1533 1589/1834/1589 1534/1835/1534
vt 0.620475 0.628688
f 1489/1836/1489 1533/1833/1533 1534/1835/1534
vt 0.609302 0.630890
vt 0.611560 0.626394
vt 0.611681 0.639170
f 1487/1837/1487 1513/1838/1513 1393/1839/1393
vt 0.597655 0.682118
vt 0.613152 0.656501
vt 0.607841 0.691599
f 1199/1840/1199 1350/1841/1350 1237/1842/1237
vt 0.566776 0.671243
vt 0.585994 0.676608
vt 0.583261 0.696033
f 1236/1843/1236 1265/1844/1265 1161/1845/1161
vt 0.565937 0.688309
f 1236/1843/1236 1161/1845/1161 1141/1846/1141
vt 0.549679 0.712920
f 1061/1847/1061 1141/1846/1141 1161/1845/1161
vt 0.555415 0.725884
f 994/1848/994 1061/1847/1061 1161/1845/1161
vt 0.582673 0.726277
f 966/1849/966 994/1848/994 1161/1845/1161
vt 0.579997 0.736946
vt 0.592503 0.726342
f 950/1850/950 966/1849/966 995/1851/995
vt 0.577318 0.796506
vt 0.568667 0.783459
f 700/1852/700 750/1122/750 780/1853/780
vt 0.591726 0.791934
f 651/1123/651 700/1852/700 735/1854/735
vt 0.597484 0.806779
f 735/1854/735 671/1855/671 651/1123/651
f 735/1854/735 682/1645/682 671/1855/671
vt 0.578848 0.788830
f 700/1852/700 751/1856/751 735/1854/735
f 780/1853/780 751/1856/751 700/1852/700
vt 0.570760 0.771449
f 781/1857/781 751/1856/751 780/1853/780
f 682/1645/682 661/1644/661 671/1855/671
vt 0.600783 0.777105
vt 0.605547 0.764507
f 783/1858/783 855/1859/855 804/1663/804
vt 0.631230 0.761790
f 855/1859/855 856/1860/856 804/1663/804
f 804/1663/804 856/1860/856 765/1661/765
f 765/1661/765 856/1860/856 857/1664/857
vt 0.661755 0.742641
vt 0.675239 0.751393
f 857/1664/857 902/1861/902 903/1862/903
f 858/1665/858 903/1862/903 919/1816/919
vt 0.677553 0.732382
f 999/1863/999 983/1808/983 919/1816/919
f 903/1862/903 999/1863/999 919/1816/919
f 999/1863/999 903/1862/903 902/1861/902
vt 0.668823 0.728956
f 982/1864/982 999/1863/999 902/1861/902
vt 0.681297 0.708663
f 1019/1865/1019 983/1808/983 999/1863/999
f 1019/1865/1019 999/1863/999 982/1864/982
vt 0.655259 0.721783
f 982/1864/982 1018/1866/1018 1019/1865/1019
vt 0.656141 0.697994
vt 0.672338 0.685073
f 1109/1867/1109 1217/1868/1217 1019/1865/1019
vt 0.640497 0.695242
vt 0.642995 0.692635
vt 0.645075 0.705307
f 1143/1869/1143 1180/1870/1180 1048/1871/1048
vt 0.643050 0.709618
f 1078/1872/1078 1143/1869/1143 1048/1871/1048
vt 0.638497 0.702561
vt 0.640718 0.714579
f 1126/1873/1126 1078/1872/1078 1047/1874/1047
vt 0.628132 0.701237
vt 0.632533 0.717784
vt 0.628444 0.720242
f 1092/1875/1092 1030/1876/1030 1029/1877/1029
vt 0.637406 0.747106
f 856/1860/856 918/1878/918 857/1664/857
vt 0.652640 0.729971
f 902/1861/902 981/1879/981 982/1864/982
vt 0.653037 0.711000
f 1079/1880/1079 1109/1867/1109 1018/1866/1018
vt 0.650904 0.698389
f 1202/1881/1202 1079/1880/1079 1048/1871/1048
vt 0.644449 0.734179
vt 0.645007 0.725119
vt 0.650372 0.722638
f 968/1882/968 998/1883/998 1017/1884/1017
vt 0.639408 0.738360
vt 0.643938 0.742107
f 953/1885/953 938/1886/938 918/1878/918
vt 0.639872 0.730759
f 1016/1887/1016 968/1882/968 953/1885/953
vt 0.634390 0.731149
f 997/1888/997 1016/1887/1016 953/1885/953
vt 0.617753 0.757539
f 901/1889/901 918/1878/918 856/1860/856
vt 0.628597 0.736605
f 918/1878/918 952/1890/952 997/1888/997
vt 0.629766 0.729301
f 952/1890/952 980/1891/980 997/1888/997
f 1029/1877/1029 997/1888/997 980/1891/980
f 1030/1876/1030 1016/1887/1016 997/1888/997
f 1016/1887/1016 998/1883/998 968/1882/968
f 1047/1874/1047 1078/1872/1078 998/1883/998
f 998/1883/998 1078/1872/1078 1017/1884/1017
f 1047/1874/1047 998/1883/998 1016/1887/1016
f 1030/1876/1030 997/1888/997 1029/1877/1029
f 918/1878/918 997/1888/997 953/1885/953
f 968/1882/968 938/1886/938 953/1885/953
f 938/1886/938 968/1882/968 902/1861/902
f 968/1882/968 981/1879/981 902/1861/902
f 968/1882/968 1017/1884/1017 981/1879/981
f 1017/1884/1017 1079/1880/1079 1018/1866/1018
f 981/1879/981 1017/1884/1017 1018/1866/1018
f 1017/1884/1017 1048/1871/1048 1079/1880/1079
f 1078/1872/1078 1048/1871/1048 1017/1884/1017
vt 0.651864 0.682878
f 1203/1892/1203 1109/1867/1109 1079/1880/1079
f 857/1664/857 938/1886/938 902/1861/902
f 918/1878/918 938/1886/938 857/1664/857
f 901/1889/901 952/1890/952 918/1878/918
vt 0.609079 0.734948
f 952/1890/952 967/1893/967 980/1891/980
vt 0.601847 0.786543
vt 0.592460 0.774669
f 783/1858/783 718/1894/718 782/1895/782
vt 0.580904 0.774545
f 803/1896/803 782/1895/782 751/1856/751
vt 0.580515 0.768889
f 803/1896/803 834/1897/834 782/1895/782
f 783/1858/783 782/1895/782 855/1859/855
vt 0.604732 0.745208
f 855/1859/855 917/1898/917 901/1889/901
vt 0.618396 0.703961
f 1029/1877/1029 1091/1899/1091 1092/1875/1092
f 917/1898/917 967/1893/967 952/1890/952
vt 0.622123 0.693593
f 1091/1899/1091 1237/1842/1237 1142/1900/1142
vt 0.610352 0.704099
f 1237/1842/1237 1091/1899/1091 1090/1901/1090
vt 0.602932 0.714865
f 1046/1902/1046 1090/1901/1090 1091/1899/1091
vt 0.596330 0.739508
vt 0.594132 0.753057
f 951/1903/951 917/1898/917 900/1904/900
vt 0.595717 0.766643
vt 0.584724 0.757112
f 835/1905/835 880/1906/880 900/1904/900
vt 0.582458 0.749578
f 916/1907/916 951/1903/951 900/1904/900
vt 0.600803 0.729373
vt 0.608806 0.727270
f 951/1903/951 979/1908/979 996/1909/996
f 951/1903/951 996/1909/996 967/1893/967
vt 0.597319 0.716360
f 979/1908/979 1045/1910/1045 996/1909/996
f 1045/1910/1045 1046/1902/1046 996/1909/996
f 951/1903/951 995/1851/995 979/1908/979
f 995/1851/995 1045/1910/1045 979/1908/979
vt 0.598936 0.705943
f 1108/1911/1108 1046/1902/1046 1045/1910/1045
f 880/1906/880 916/1907/916 900/1904/900
f 834/1897/834 880/1906/880 835/1905/835
f 1045/1910/1045 1161/1845/1161 1108/1911/1108
f 1237/1842/1237 1090/1901/1090 1108/1911/1108
f 1265/1844/1265 1108/1911/1108 1161/1845/1161
f 1199/1840/1199 1237/1842/1237 1108/1911/1108
vt 0.620124 0.675608
f 1142/1900/1142 1237/1842/1237 1266/1912/1266
f 1142/1900/1142 1092/1875/1092 1091/1899/1091
vt 0.630541 0.698796
f 1092/1875/1092 1093/1913/1093 1030/1876/1030
f 1093/1913/1093 1047/1874/1047 1030/1876/1030
f 1142/1900/1142 1093/1913/1093 1092/1875/1092
vt 0.623455 0.677817
vt 0.627963 0.690343
f 1238/1914/1238 1162/1915/1162 1142/1900/1142
f 1093/1913/1093 1126/1873/1126 1047/1874/1047
f 1143/1869/1143 1078/1872/1078 1126/1873/1126
vt 0.637544 0.688351
f 1179/1916/1179 1143/1869/1143 1126/1873/1126
vt 0.632805 0.683142
f 1178/1917/1178 1179/1916/1179 1126/1873/1126
f 1178/1917/1178 1126/1873/1126 1093/1913/1093
f 1162/1915/1162 1178/1917/1178 1093/1913/1093
vt 0.627012 0.680645
vt 0.626679 0.670519
vt 0.633911 0.675828
f 1200/1918/1200 1267/1919/1267 1216/1920/1216
f 1216/1920/1216 1178/1917/1178 1200/1918/1200
f 1200/1918/1200 1178/1917/1178 1162/1915/1162
vt 0.638895 0.679800
f 1201/1921/1201 1180/1870/1180 1143/1869/1143
f 1179/1916/1179 1201/1921/1201 1143/1869/1143
vt 0.640221 0.671659
f 1268/1922/1268 1180/1870/1180 1201/1921/1201
vt 0.654878 0.677328
f 1203/1892/1203 1240/1923/1240 1109/1867/1109
f 1204/1764/1204 1354/1761/1354 1332/1763/1332
vt 0.705380 0.641336
f 1415/1762/1415 1456/1924/1456 1540/1758/1540
vt 0.709881 0.620024
f 1564/1925/1564 1754/1822/1754 1654/1818/1654
vt 0.704034 0.628088
vt 0.705638 0.635328
f 1494/1926/1494 1564/1925/1564 1414/1927/1414
vt 0.701050 0.634054
f 1455/1928/1455 1494/1926/1494 1414/1927/1414
vt 0.698358 0.660273
f 1331/1929/1331 1456/1924/1456 1354/1761/1354
vt 0.686854 0.696702
vt 0.690666 0.670319
f 1127/1930/1127 1241/1931/1241 1204/1764/1204
f 1163/1817/1163 1127/1930/1127 1204/1764/1204
f 1241/1931/1241 1331/1929/1331 1354/1761/1354
vt 0.695373 0.644391
f 1395/1932/1395 1456/1924/1456 1331/1929/1331
vt 0.693955 0.635485
f 1395/1932/1395 1492/1933/1492 1414/1927/1414
f 1455/1928/1455 1414/1927/1414 1492/1933/1492
vt 0.670213 0.636838
vt 0.674562 0.629279
vt 0.679653 0.641924
f 1592/1934/1592 1514/1935/1514 1432/1936/1432
vt 0.630663 0.620053
vt 0.634769 0.640283
vt 0.624864 0.638975
f 1491/1937/1491 1453/1938/1453 1412/1939/1412
vt 0.618732 0.645356
vt 0.615598 0.650540
f 1393/1839/1393 1411/1940/1411 1371/1941/1371
f 1393/1839/1393 1371/1941/1371 1350/1841/1350
f 1237/1842/1237 1350/1841/1350 1266/1912/1266
f 1142/1900/1142 1266/1912/1266 1238/1914/1238
vt 0.624581 0.670604
f 1285/1942/1285 1267/1919/1267 1200/1918/1200
vt 0.632843 0.667442
f 1267/1919/1267 1286/1943/1286 1216/1920/1216
vt 0.636482 0.663625
vt 0.636458 0.672083
f 1286/1943/1286 1287/1944/1287 1239/1945/1239
f 1109/1867/1109 1240/1923/1240 1217/1868/1217
f 1241/1931/1241 1127/1930/1127 1217/1868/1217
vt 0.650380 0.664087
vt 0.664877 0.655422
f 1269/1946/1269 1352/1947/1352 1240/1923/1240
f 1203/1892/1203 1269/1946/1269 1240/1923/1240
vt 0.645654 0.663844
f 1308/1948/1308 1269/1946/1269 1203/1892/1203
f 1308/1948/1308 1203/1892/1203 1202/1881/1202
f 1308/1948/1308 1202/1881/1202 1180/1870/1180
vt 0.641760 0.655750
f 1287/1944/1287 1307/1949/1307 1268/1922/1268
f 1307/1949/1307 1308/1948/1308 1268/1922/1268
vt 0.691473 0.659400
f 1241/1931/1241 1353/1950/1353 1331/1929/1331
vt 0.684950 0.655078
f 1592/1934/1592 1432/1936/1432 1330/1951/1330
vt 0.685805 0.632256
f 1470/1952/1470 1395/1932/1395 1330/1951/1330
f 1432/1936/1432 1470/1952/1470 1330/1951/1330
f 1330/1951/1330 1395/1932/1395 1353/1950/1353
f 1395/1932/1395 1331/1929/1331 1353/1950/1353
f 1592/1934/1592 1330/1951/1330 1352/1947/1352
f 1352/1947/1352 1330/1951/1330 1241/1931/1241
f 1330/1951/1330 1353/1950/1353 1241/1931/1241
f 1352/1947/1352 1241/1931/1241 1217/1868/1217
vt 0.645051 0.649970
f 1413/1953/1413 1352/1947/1352 1269/1946/1269
f 1413/1953/1413 1308/1948/1308 1307/1949/1307
vt 0.633753 0.654999
vt 0.637988 0.654812
f 1287/1944/1287 1328/1954/1328 1329/1955/1329
vt 0.636568 0.647340
f 1328/1954/1328 1373/1956/1373 1329/1955/1329
vt 0.640310 0.642596
f 1373/1956/1373 1454/1957/1454 1307/1949/1307
f 1454/1957/1454 1413/1953/1413 1307/1949/1307
f 1286/1943/1286 1328/1954/1328 1287/1944/1287
vt 0.629141 0.652016
f 1267/1919/1267 1372/1958/1372 1328/1954/1328
f 1412/1939/1412 1373/1956/1373 1372/1958/1372
vt 0.625902 0.654424
f 1351/1959/1351 1412/1939/1412 1372/1958/1372
f 1285/1942/1285 1351/1959/1351 1372/1958/1372
f 1285/1942/1285 1372/1958/1372 1267/1919/1267
vt 0.622689 0.664394
f 1306/1960/1306 1285/1942/1285 1238/1914/1238
f 1306/1960/1306 1238/1914/1238 1266/1912/1266
f 1371/1941/1371 1266/1912/1266 1350/1841/1350
vt 0.623384 0.648802
f 1394/1961/1394 1306/1960/1306 1371/1941/1371
f 1306/1960/1306 1351/1959/1351 1285/1942/1285
f 1394/1961/1394 1351/1959/1351 1306/1960/1306
f 1411/1940/1411 1394/1961/1394 1371/1941/1371
f 1371/1941/1371 1306/1960/1306 1266/1912/1266
f 1372/1958/1372 1373/1956/1373 1328/1954/1328
f 1373/1956/1373 1307/1949/1307 1329/1955/1329
f 1413/1953/1413 1269/1946/1269 1308/1948/1308
f 1329/1955/1329 1307/1949/1307 1287/1944/1287
f 1240/1923/1240 1352/1947/1352 1217/1868/1217
f 1268/1922/1268 1308/1948/1308 1180/1870/1180
f 1287/1944/1287 1268/1922/1268 1239/1945/1239
f 1267/1919/1267 1328/1954/1328 1286/1943/1286
f 1513/1838/1513 1411/1940/1411 1393/1839/1393
vt 0.618537 0.627260
f 1513/1838/1513 1488/1962/1488 1411/1940/1411
f 1488/1962/1488 1489/1836/1489 1411/1940/1411
f 1411/1940/1411 1489/1836/1489 1394/1961/1394
f 1489/1836/1489 1412/1939/1412 1394/1961/1394
vt 0.623478 0.628582
f 1490/1963/1490 1491/1937/1491 1412/1939/1412
vt 0.625045 0.608833
f 1589/1834/1589 1590/1964/1590 1534/1835/1534
f 1590/1964/1590 1491/1937/1491 1534/1835/1534
vt 0.634081 0.622833
f 1638/1832/1638 1591/1965/1591 1491/1937/1491
vt 0.645939 0.622550
f 1675/1831/1675 1535/1966/1535 1591/1965/1591
vt 0.657323 0.618880
f 1535/1966/1535 1536/1967/1536 1352/1947/1352
f 1675/1831/1675 1536/1967/1536 1535/1966/1535
vt 0.674822 0.621175
f 1562/1968/1562 1470/1952/1470 1432/1936/1432
vt 0.707339 0.618611
vt 0.708766 0.599246
f 1563/1969/1563 1620/1970/1620 1754/1822/1754
f 1563/1969/1563 1653/1824/1653 1620/1970/1620
vt 0.700969 0.617104
f 1494/1926/1494 1539/1971/1539 1563/1969/1563
vt 0.697188 0.629124
f 1493/1972/1493 1539/1971/1539 1494/1926/1494
vt 0.696742 0.615627
f 1538/1973/1538 1640/1825/1640 1539/1971/1539
vt 0.681054 0.607071
vt 0.687227 0.625604
f 1695/1974/1695 1537/1975/1537 1470/1952/1470
vt 0.678278 0.606835
f 1676/1976/1676 1695/1974/1695 1470/1952/1470
vt 0.670661 0.604854
f 1619/1977/1619 1562/1968/1562 1514/1935/1514
vt 0.657720 0.575669
f 1788/1978/1788 1592/1934/1592 1536/1967/1536
f 1619/1977/1619 1676/1976/1676 1562/1968/1562
vt 0.683875 0.609680
f 1695/1974/1695 1652/1979/1652 1537/1975/1537
f 1639/1828/1639 1640/1825/1640 1538/1973/1538
f 1790/1826/1790 1640/1825/1640 1639/1828/1639
vt 0.681257 0.585498
f 1753/1980/1753 1515/1829/1515 1652/1979/1652
f 1788/1978/1788 1619/1977/1619 1592/1934/1592
vt 0.650198 0.579558
f 1827/1981/1827 1788/1978/1788 1536/1967/1536
f 1619/1977/1619 1514/1935/1514 1592/1934/1592
f 1537/1975/1537 1652/1979/1652 1492/1933/1492
f 1652/1979/1652 1515/1829/1515 1492/1933/1492
f 1515/1829/1515 1538/1973/1538 1493/1972/1493
f 1639/1828/1639 1538/1973/1538 1515/1829/1515
f 1538/1973/1538 1539/1971/1539 1493/1972/1493
f 1640/1825/1640 1653/1824/1653 1539/1971/1539
f 1539/1971/1539 1653/1824/1653 1563/1969/1563
f 1493/1972/1493 1494/1926/1494 1455/1928/1455
f 1515/1829/1515 1493/1972/1493 1492/1933/1492
f 1676/1976/1676 1470/1952/1470 1562/1968/1562
f 1638/1832/1638 1675/1831/1675 1591/1965/1591
vt 0.628591 0.602754
f 1637/1982/1637 1638/1832/1638 1491/1937/1491
f 1637/1982/1637 1491/1937/1491 1590/1964/1590
vt 0.624814 0.600169
f 1636/1983/1636 1637/1982/1637 1590/1964/1590
f 1534/1835/1534 1491/1937/1491 1490/1963/1490
f 1491/1937/1491 1591/1965/1591 1453/1938/1453
f 1591/1965/1591 1535/1966/1535 1454/1957/1454
f 1489/1836/1489 1490/1963/1490 1412/1939/1412
f 1394/1961/1394 1412/1939/1412 1351/1959/1351
f 1412/1939/1412 1453/1938/1453 1373/1956/1373
f 1373/1956/1373 1453/1938/1453 1454/1957/1454
f 1591/1965/1591 1454/1957/1454 1453/1938/1453
f 1454/1957/1454 1535/1966/1535 1413/1953/1413
f 1535/1966/1535 1352/1947/1352 1413/1953/1413
f 1536/1967/1536 1592/1934/1592 1352/1947/1352
f 1562/1968/1562 1432/1936/1432 1514/1935/1514
f 1537/1975/1537 1492/1933/1492 1470/1952/1470
f 1470/1952/1470 1492/1933/1492 1395/1932/1395
f 1493/1972/1493 1455/1928/1455 1492/1933/1492
f 1204/1764/1204 1241/1931/1241 1354/1761/1354
f 1395/1932/1395 1414/1927/1414 1456/1924/1456
f 1494/1926/1494 1563/1969/1563 1564/1925/1564
f 1414/1927/1414 1564/1925/1564 1540/1758/1540
f 1563/1969/1563 1754/1822/1754 1564/1925/1564
f 1654/1818/1654 1677/1819/1677 1593/1814/1593
vt 0.721984 0.597212
f 1716/1984/1716 1543/1775/1543 1677/1819/1677
vt 0.733473 0.596080
f 1716/1984/1716 1698/1985/1698 1543/1775/1543
f 1564/1925/1564 1654/1818/1654 1540/1758/1540
f 1456/1924/1456 1414/1927/1414 1540/1758/1540
f 1354/1761/1354 1456/1924/1456 1415/1762/1415
f 1239/1945/1239 1268/1922/1268 1201/1921/1201
f 1216/1920/1216 1286/1943/1286 1239/1945/1239
f 1216/1920/1216 1239/1945/1239 1179/1916/1179
f 1239/1945/1239 1201/1921/1201 1179/1916/1179
f 1178/1917/1178 1216/1920/1216 1179/1916/1179
f 1238/1914/1238 1285/1942/1285 1200/1918/1200
f 1238/1914/1238 1200/1918/1200 1162/1915/1162
f 1162/1915/1162 1093/1913/1093 1142/1900/1142
f 950/1850/950 995/1851/995 951/1903/951
f 966/1849/966 1161/1845/1161 1045/1910/1045
f 995/1851/995 966/1849/966 1045/1910/1045
f 1108/1911/1108 1090/1901/1090 1046/1902/1046
f 835/1905/835 900/1904/900 917/1898/917
f 951/1903/951 967/1893/967 917/1898/917
f 996/1909/996 1046/1902/1046 1029/1877/1029
f 1046/1902/1046 1091/1899/1091 1029/1877/1029
f 835/1905/835 917/1898/917 855/1859/855
f 782/1895/782 835/1905/835 855/1859/855
f 834/1897/834 835/1905/835 782/1895/782
f 751/1856/751 782/1895/782 735/1854/735
f 735/1854/735 718/1894/718 682/1645/682
f 782/1895/782 718/1894/718 735/1854/735
f 718/1894/718 783/1858/783 804/1663/804
f 855/1859/855 901/1889/901 856/1860/856
f 917/1898/917 952/1890/952 901/1889/901
f 967/1893/967 996/1909/996 980/1891/980
f 980/1891/980 996/1909/996 1029/1877/1029
f 1030/1876/1030 1047/1874/1047 1016/1887/1016
f 1180/1870/1180 1202/1881/1202 1048/1871/1048
f 1202/1881/1202 1203/1892/1203 1079/1880/1079
f 1217/1868/1217 1127/1930/1127 1019/1865/1019
f 1127/1930/1127 1163/1817/1163 1019/1865/1019
f 1018/1866/1018 1109/1867/1109 1019/1865/1019
f 983/1808/983 1019/1865/1019 1163/1817/1163
f 981/1879/981 1018/1866/1018 982/1864/982
f 803/1896/803 751/1856/751 781/1857/781
f 651/1123/651 750/1122/750 700/1852/700
vt 0.557058 0.767116
f 750/1122/750 818/1986/818 780/1853/780
vt 0.549208 0.785988
f 779/1987/779 818/1986/818 750/1122/750
vt 0.547158 0.770550
f 802/1988/802 818/1986/818 779/1987/779
vt 0.547926 0.762891
f 802/1988/802 854/1989/854 818/1986/818
f 817/1116/817 853/1131/853 802/1988/802
f 749/1121/749 817/1116/817 802/1988/802
f 749/1121/749 802/1988/802 779/1987/779
f 749/1121/749 779/1987/779 750/1122/750
f 778/1117/778 817/1116/817 749/1121/749
vt 0.540032 0.746013
f 947/1133/947 915/1990/915 853/1131/853
vt 0.551902 0.747932
f 915/1990/915 888/1991/888 854/1989/854
f 888/1991/888 818/1986/818 854/1989/854
vt 0.559550 0.755931
f 888/1991/888 878/1992/878 818/1986/818
f 781/1857/781 834/1897/834 803/1896/803
vt 0.564389 0.733556
f 949/1993/949 994/1848/994 966/1849/966
vt 0.562557 0.750014
vt 0.573290 0.757803
f 878/1992/878 899/1994/899 879/1995/879
f 879/1995/879 899/1994/899 916/1907/916
f 899/1994/899 888/1991/888 949/1993/949
f 878/1992/878 888/1991/888 899/1994/899
f 948/1138/948 994/1848/994 949/1993/949
f 888/1991/888 948/1138/948 949/1993/949
f 915/1990/915 948/1138/948 888/1991/888
f 948/1138/948 915/1990/915 947/1133/947
f 1044/1114/1044 1061/1847/1061 948/1138/948
f 1265/1844/1265 1350/1841/1350 1199/1840/1199
vt 0.593577 0.636815
f 1265/1844/1265 1410/1996/1410 1350/1841/1350
f 1350/1841/1350 1410/1996/1410 1393/1839/1393
vt 0.566731 0.656220
vt 0.569840 0.638678
f 1392/1997/1392 1452/1998/1452 1410/1996/1410
f 1392/1997/1392 1410/1996/1410 1265/1844/1265
vt 0.549288 0.702648
f 1107/1999/1107 1141/1846/1141 1061/1847/1061
vt 0.557711 0.671562
f 1264/2000/1264 1236/1843/1236 1141/1846/1141
vt 0.573821 0.616641
f 1452/1998/1452 1586/2001/1586 1410/1996/1410
vt 0.593862 0.617882
f 1410/1996/1410 1586/2001/1586 1587/2002/1587
f 1587/2002/1587 1487/1837/1487 1410/1996/1410
vt 0.607175 0.609707
f 1587/2002/1587 1617/2003/1617 1487/1837/1487
vt 0.611102 0.613575
f 1617/2003/1617 1561/2004/1561 1487/1837/1487
f 1487/1837/1487 1561/2004/1561 1513/1838/1513
f 1513/1838/1513 1561/2004/1561 1533/1833/1533
f 1488/1962/1488 1513/1838/1513 1533/1833/1533
vt 0.621618 0.592762
vt 0.625844 0.595604
f 1636/1983/1636 1674/2005/1674 1651/2006/1651
vt 0.629030 0.590342
f 1651/2006/1651 1694/2007/1694 1637/1982/1637
f 1694/2007/1694 1715/1830/1715 1638/1832/1638
vt 0.663862 0.579941
vt 0.666685 0.577175
f 1789/2008/1789 1733/2009/1733 1619/1977/1619
vt 0.676621 0.577228
f 1804/2010/1804 1753/1980/1753 1652/1979/1652
f 1753/1980/1753 1696/1827/1696 1515/1829/1515
vt 0.686099 0.567832
f 1871/2011/1871 1790/1826/1790 1696/1827/1696
vt 0.702755 0.563296
f 1697/1823/1697 1893/2012/1893 1620/1970/1620
vt 0.639323 0.540236
vt 0.632619 0.571068
f 1942/2013/1942 1827/1981/1827 1826/2014/1826
vt 0.629088 0.580334
f 1694/2007/1694 1787/2015/1787 1715/1830/1715
f 1787/2015/1787 1826/2014/1826 1715/1830/1715
vt 0.620777 0.567133
vt 0.622315 0.584858
vt 0.620466 0.581429
f 1870/2016/1870 1752/2017/1752 1751/2018/1751
vt 0.610986 0.553230
vt 0.614580 0.559161
vt 0.617092 0.582208
f 1917/2019/1917 1869/2020/1869 1750/2021/1750
vt 0.614007 0.589417
f 1713/2022/1713 1917/2019/1917 1750/2021/1750
vt 0.593383 0.592986
vt 0.567306 0.584026
vt 0.590239 0.561937
f 1773/2023/1773 1824/2024/1824 1851/2025/1851
vt 0.616612 0.556075
f 1869/2020/1869 1890/2026/1890 1750/2021/1750
f 1890/2026/1890 1870/2016/1870 1751/2018/1751
vt 0.626985 0.550575
f 2008/2027/2008 1787/2015/1787 1870/2016/1870
f 2008/2027/2008 1826/2014/1826 1787/2015/1787
vt 0.594265 0.549349
vt 0.605075 0.568268
vt 0.597564 0.590437
f 1916/2028/1916 1825/2029/1825 1749/2030/1749
f 1916/2028/1916 1749/2030/1749 1851/2025/1851
vt 0.575554 0.546700
f 1824/2024/1824 1940/2031/1940 1851/2025/1851
vt 0.562220 0.663140
f 1236/1843/1236 1327/2032/1327 1392/1997/1392
vt 0.548906 0.692054
f 1160/2033/1160 1264/2000/1264 1141/1846/1141
f 1107/1999/1107 1160/2033/1160 1141/1846/1141
vt 0.550537 0.673888
f 1160/2033/1160 1235/2034/1235 1264/2000/1264
vt 0.562528 0.653615
f 1349/2035/1349 1392/1997/1392 1327/2032/1327
vt 0.564059 0.626518
f 1392/1997/1392 1532/2036/1532 1452/1998/1452
vt 0.565690 0.619722
f 1532/2036/1532 1585/2037/1585 1452/1998/1452
f 1452/1998/1452 1585/2037/1585 1586/2001/1586
vt 0.559673 0.564699
f 1850/2038/1850 1940/2031/1940 1824/2024/1824
vt 0.537329 0.579896
vt 0.544824 0.593845
vt 0.547189 0.617242
f 1711/2039/1711 1650/2040/1650 1512/2041/1512
vt 0.542733 0.611616
f 1649/2042/1649 1711/2039/1711 1512/2041/1512
vt 0.530097 0.598667
vt 0.536162 0.590502
vt 0.536399 0.623949
f 1748/2043/1748 1731/2044/1731 1484/2045/1484
vt 0.494189 0.585659
vt 0.512760 0.597590
f 1729/2046/1729 1584/2047/1584 1583/1094/1583
f 1693/1092/1693 1672/1095/1672 1582/1093/1582
vt 0.461673 0.576562
f 1672/1095/1672 1693/1092/1693 1728/2048/1728
vt 0.477717 0.567469
f 1802/2049/1802 1672/1095/1672 1728/2048/1728
f 1672/1095/1672 1729/2046/1729 1583/1094/1583
vt 0.504076 0.564307
vt 0.524101 0.591552
f 1584/2047/1584 1730/2050/1730 1771/2051/1771
f 1731/2044/1731 1711/2039/1711 1649/2042/1649
vt 0.553706 0.588710
vt 0.558412 0.588543
vt 0.559426 0.609952
f 1712/2052/1712 1732/2053/1732 1560/2054/1560
vt 0.605690 0.556319
f 1916/2028/1916 1852/2055/1852 1825/2029/1825
vt 0.615712 0.540309
f 1941/2056/1941 1870/2016/1870 1890/2026/1890
vt 0.623280 0.539206
f 1870/2016/1870 2113/2057/2113 2008/2027/2008
vt 0.629111 0.538990
f 1826/2014/1826 1967/2058/1967 1942/2013/1942
vt 0.613764 0.546337
f 1918/2059/1918 1941/2056/1941 1890/2026/1890
vt 0.609360 0.532253
f 1989/2060/1989 1918/2059/1918 1917/2019/1917
vt 0.595938 0.532666
f 1916/2028/1916 2007/2061/2007 1852/2055/1852
vt 0.564638 0.531779
vt 0.584662 0.511077
f 2111/2062/2111 2147/2063/2147 2007/2061/2007
vt 0.602051 0.532084
f 2007/2061/2007 2085/2064/2085 1852/2055/1852
f 2085/2064/2085 1989/2060/1989 1852/2055/1852
vt 0.596569 0.514480
f 2168/2065/2168 2085/2064/2085 2007/2061/2007
vt 0.565634 0.495548
f 2111/2062/2111 2316/2066/2316 2147/2063/2147
vt 0.444286 0.576099
f 1727/2067/1727 1728/2048/1728 1693/1092/1693
vt 0.453981 0.559251
f 1727/2067/1727 1848/2068/1848 1728/2048/1728
vt 0.444152 0.559822
f 1727/2067/1727 1821/2069/1821 1848/2068/1848
vt 0.453925 0.545244
vt 0.460721 0.546478
vt 0.463689 0.559885
f 1960/2070/1960 1961/2071/1961 1849/2072/1849
f 1802/2049/1802 1730/2050/1730 1729/2046/1729
vt 0.507724 0.540373
vt 0.484876 0.540403
f 1913/2073/1913 1730/2050/1730 2052/2074/2052
vt 0.543531 0.565721
vt 0.547891 0.588853
f 1868/2075/1868 1772/2076/1772 1650/2040/1650
vt 0.553476 0.553185
f 1823/2077/1823 1732/2053/1732 1712/2052/1712
f 1732/2053/1732 1823/2077/1823 1850/2038/1850
vt 0.547025 0.557402
f 1915/2078/1915 1823/2077/1823 1772/2076/1772
f 1868/2075/1868 1915/2078/1915 1772/2076/1772
vt 0.538502 0.553121
f 1711/2039/1711 1889/2079/1889 1868/2075/1868
vt 0.543964 0.540172
f 1889/2079/1889 2006/2080/2006 1868/2075/1868
vt 0.557235 0.546641
f 1823/2077/1823 1966/2081/1966 1850/2038/1850
vt 0.557460 0.525401
f 1966/2081/1966 2056/2082/2056 2111/2062/2111
vt 0.581173 0.481272
f 2316/2066/2316 2365/2083/2365 2147/2063/2147
vt 0.592016 0.490467
f 2365/2083/2365 2347/2084/2347 2147/2063/2147
f 2147/2063/2147 2168/2065/2168 2007/2061/2007
vt 0.611547 0.526462
f 1989/2060/1989 2086/2085/2086 1918/2059/1918
f 1918/2059/1918 2086/2085/2086 1941/2056/1941
vt 0.614283 0.522602
f 2112/2086/2112 2113/2057/2113 1941/2056/1941
vt 0.659480 0.552101
f 1788/1978/1788 1968/2087/1968 1789/2008/1789
vt 0.669865 0.551158
vt 0.673665 0.577131
f 1969/2088/1969 1804/2010/1804 1803/2089/1803
vt 0.676933 0.568589
f 1853/2090/1853 1871/2011/1871 1753/1980/1753
vt 0.694402 0.558683
f 1790/1826/1790 1892/2091/1892 1697/1823/1697
vt 0.705377 0.563054
f 1893/2012/1893 1894/2092/1894 1620/1970/1620
vt 0.712570 0.573244
f 1754/1822/1754 1791/2093/1791 1677/1819/1677
f 1791/2093/1791 1716/1984/1716 1677/1819/1677
vt 0.723746 0.581986
vt 0.727749 0.577580
f 1755/2094/1755 1774/2095/1774 1698/1985/1698
vt 0.730456 0.565530
f 1854/2096/1854 1756/1820/1756 1774/2095/1774
vt 0.719286 0.563941
f 1828/2097/1828 1774/2095/1774 1755/2094/1755
vt 0.707305 0.561328
f 1872/2098/1872 1791/2093/1791 1894/2092/1894
f 1828/2097/1828 1854/2096/1854 1774/2095/1774
f 1854/2096/1854 1805/1821/1805 1756/1820/1756
f 1641/1757/1641 1805/1821/1805 1655/1755/1655
vt 0.757484 0.587069
f 1830/2099/1830 1757/1754/1757 1655/1755/1655
f 1735/1769/1735 1736/1750/1736 1642/1670/1642
vt 0.784219 0.566929
f 1736/1750/1736 1831/2100/1831 1793/1686/1793
vt 0.785797 0.537438
vt 0.789720 0.554310
vt 0.787536 0.558951
f 2019/2101/2019 1921/2102/1921 1874/2103/1874
vt 0.797047 0.548306
f 1921/2102/1921 1972/2104/1972 1857/1748/1857
vt 0.800012 0.553738
f 1972/2104/1972 1875/2105/1875 1857/1748/1857
f 1776/1735/1776 1875/2105/1875 1833/1747/1833
vt 0.821033 0.555592
f 1858/1744/1858 1947/2106/1947 1806/1736/1806
vt 0.835461 0.553795
f 1836/1740/1836 1922/2107/1922 1923/1741/1923
vt 0.817093 0.530104
vt 0.817390 0.549559
f 2061/2108/2061 1947/2106/1947 1976/2109/1976
vt 0.807622 0.556642
vt 0.807949 0.545441
vt 0.809903 0.543988
f 1876/2110/1876 1946/2111/1946 1974/2112/1974
f 1876/2110/1876 1974/2112/1974 1834/1745/1834
vt 0.803584 0.545060
f 1876/2110/1876 1973/2113/1973 1946/2111/1946
vt 0.807849 0.531395
f 1946/2111/1946 2060/2114/2060 1974/2112/1974
vt 0.800714 0.525320
f 2059/2115/2059 2060/2114/2060 1973/2113/1973
vt 0.794474 0.527956
vt 0.797852 0.530102
f 2119/2116/2119 2039/2117/2039 1972/2104/1972
vt 0.767027 0.524107
vt 0.772192 0.547865
vt 0.768288 0.542820
f 2199/2118/2199 1971/2119/1971 1970/2120/1970
vt 0.758539 0.529339
vt 0.763604 0.554678
f 2092/2121/2092 1970/2120/1970 1898/2122/1898
vt 0.757936 0.538363
f 2092/2121/2092 1898/2122/1898 1992/2123/1992
vt 0.753450 0.583952
f 1717/2124/1717 1830/2099/1830 1655/1755/1655
vt 0.768608 0.582685
f 1734/2125/1734 1735/1769/1735 1516/1768/1516
vt 0.757377 0.556626
f 1943/2126/1943 1699/1751/1699 1757/1754/1757
vt 0.771687 0.563640
f 1734/2125/1734 1775/2127/1775 1735/1769/1735
vt 0.775872 0.568303
f 1856/2128/1856 1736/1750/1736 1735/1769/1735
f 1736/1750/1736 1856/2128/1856 1831/2100/1831
vt 0.779549 0.540801
f 1831/2100/1831 1944/2129/1944 1874/2103/1874
f 1944/2129/1944 2019/2101/2019 1874/2103/1874
vt 0.800424 0.546944
f 1875/2105/1875 1945/2130/1945 1973/2113/1973
f 2060/2114/2060 1946/2111/1946 1973/2113/1973
f 2039/2117/2039 1945/2130/1945 1972/2104/1972
f 1972/2104/1972 1945/2130/1945 1875/2105/1875
vt 0.787510 0.528329
f 2058/2131/2058 1972/2104/1972 1921/2102/1921
f 2019/2101/2019 2058/2131/2058 1921/2102/1921
f 1944/2129/1944 1831/2100/1831 1971/2119/1971
vt 0.748556 0.566287
vt 0.750809 0.554116
f 1829/2132/1829 1855/2133/1855 1717/2124/1717
vt 0.737220 0.546572
f 1854/2096/1854 1873/2134/1873 1805/1821/1805
vt 0.747814 0.552951
f 1896/2135/1896 1829/2132/1829 1805/1821/1805
f 1873/2134/1873 1896/2135/1896 1805/1821/1805
vt 0.745014 0.536745
f 2017/2136/2017 1896/2135/1896 1873/2134/1873
vt 0.756144 0.538711
vt 0.761198 0.557565
f 2018/2137/2018 1897/2138/1897 1943/2126/1943
f 1971/2119/1971 1856/2128/1856 1775/2127/1775
f 1970/2120/1970 1971/2119/1971 1775/2127/1775
f 1898/2122/1898 1970/2120/1970 1775/2127/1775
f 1992/2123/1992 1898/2122/1898 1897/2138/1897
f 1992/2123/1992 1897/2138/1897 2018/2137/2018
vt 0.746948 0.524176
f 2118/2139/2118 1943/2126/1943 1855/2133/1855
f 1896/2135/1896 2118/2139/2118 1855/2133/1855
f 1896/2135/1896 1855/2133/1855 1829/2132/1829
f 1855/2133/1855 1830/2099/1830 1717/2124/1717
f 1855/2133/1855 1943/2126/1943 1830/2099/1830
f 1943/2126/1943 1897/2138/1897 1699/1751/1699
vt 0.764730 0.570697
f 1897/2138/1897 1792/2140/1792 1699/1751/1699
f 1897/2138/1897 1898/2122/1898 1792/2140/1792
f 1898/2122/1898 1775/2127/1775 1734/2125/1734
f 1971/2119/1971 1831/2100/1831 1856/2128/1856
f 1898/2122/1898 1734/2125/1734 1792/2140/1792
f 1943/2126/1943 1757/1754/1757 1830/2099/1830
f 1699/1751/1699 1734/2125/1734 1565/1752/1565
f 1792/2140/1792 1734/2125/1734 1699/1751/1699
f 1775/2127/1775 1856/2128/1856 1735/1769/1735
f 1829/2132/1829 1717/2124/1717 1805/1821/1805
vt 0.736051 0.531911
f 2016/2141/2016 2017/2136/2017 1873/2134/1873
vt 0.751147 0.523149
f 2057/2142/2057 2018/2137/2018 1943/2126/1943
vt 0.755159 0.519121
f 2153/2143/2153 1992/2123/1992 2018/2137/2018
f 2153/2143/2153 2092/2121/2092 1992/2123/1992
vt 0.762991 0.517469
f 2092/2121/2092 2172/2144/2172 1970/2120/1970
f 2172/2144/2172 2199/2118/2199 1970/2120/1970
vt 0.743325 0.520939
f 2016/2141/2016 2117/2145/2117 2017/2136/2017
vt 0.757307 0.508795
f 2153/2143/2153 2171/2146/2171 2092/2121/2092
f 2171/2146/2171 2172/2144/2172 2092/2121/2092
vt 0.771286 0.500906
f 1944/2129/1944 2199/2118/2199 2254/2147/2254
vt 0.781243 0.514376
f 1944/2129/1944 2154/2148/2154 2019/2101/2019
vt 0.810314 0.530025
vt 0.811910 0.541230
f 2093/2149/2093 1975/2150/1975 1974/2112/1974
f 2093/2149/2093 2061/2108/2061 1975/2150/1975
f 2061/2108/2061 1976/2109/1976 1975/2150/1975
vt 0.819938 0.512669
f 2061/2108/2061 2174/2151/2174 1947/2106/1947
vt 0.822448 0.537113
vt 0.830501 0.536713
vt 0.830375 0.550604
f 2062/2152/2062 2020/2153/2020 1948/2154/1948
vt 0.832425 0.524882
vt 0.841439 0.523362
f 2133/2155/2133 2094/2156/2094 1923/1741/1923
vt 0.848904 0.535132
f 1923/1741/1923 2094/2156/2094 2063/2157/2063
vt 0.859203 0.543030
f 1859/1739/1859 1923/1741/1923 1924/2158/1924
vt 0.861787 0.538037
vt 0.863465 0.562871
f 1924/2158/1924 2040/2159/2040 1860/2160/1860
vt 0.871233 0.549174
f 2040/2159/2040 1977/2161/1977 1878/1733/1878
vt 0.874725 0.538558
f 1994/2162/1994 1900/1725/1900 1899/1726/1899
vt 0.880390 0.542131
vt 0.884073 0.546520
f 2021/2163/2021 1949/2164/1949 1900/1725/1900
f 1949/2164/1949 1861/1724/1861 1900/1725/1900
vt 0.896209 0.550701
f 1949/2164/1949 1925/2165/1925 1861/1724/1861
f 1861/1724/1861 1812/1722/1812 1811/1712/1811
vt 0.917713 0.567875
f 1862/1723/1862 1879/2166/1879 1765/1715/1765
f 1879/2166/1879 1701/1718/1701 1722/1717/1722
vt 0.927235 0.557065
f 1926/2167/1926 1780/1720/1780 1701/1718/1701
f 1926/2167/1926 1644/1506/1644 1780/1720/1780
vt 0.907022 0.548395
f 1951/2168/1951 1879/2166/1879 1862/1723/1862
f 2063/2157/2063 1924/2158/1924 1923/1741/1923
vt 0.856028 0.527974
f 2095/2169/2095 2040/2159/2040 1924/2158/1924
vt 0.865317 0.525105
f 2096/2170/2096 1977/2161/1977 2040/2159/2040
vt 0.868341 0.522685
f 2096/2170/2096 2064/2171/2064 1977/2161/1977
vt 0.872347 0.539847
f 2064/2171/2064 1993/2172/1993 1977/2161/1977
vt 0.874158 0.521566
vt 0.872452 0.527449
f 2134/2173/2134 2021/2163/2021 2097/2174/2097
vt 0.885107 0.532225
f 2021/2163/2021 1995/2175/1995 1949/2164/1949
vt 0.894373 0.535582
f 1995/2175/1995 1950/2176/1950 1949/2164/1949
f 1950/2176/1950 1951/2168/1951 1925/2165/1925
vt 0.929459 0.551079
f 1644/1506/1644 1901/2177/1901 1953/1503/1953
vt 0.889108 0.523628
f 1995/2175/1995 2098/2178/2098 1950/2176/1950
vt 0.880301 0.506569
f 2205/2179/2205 1995/2175/1995 2021/2163/2021
f 2134/2173/2134 2205/2179/2205 2021/2163/2021
vt 0.829298 0.517637
f 2062/2152/2062 2156/2180/2156 2020/2153/2020
vt 0.832277 0.498673
f 2156/2180/2156 2175/2181/2175 2133/2155/2133
vt 0.836903 0.503919
f 2133/2155/2133 2175/2181/2175 2203/2182/2203
vt 0.846858 0.506105
f 2094/2156/2094 2204/2183/2204 2063/2157/2063
f 2204/2183/2204 2095/2169/2095 2063/2157/2063
vt 0.852532 0.512356
vt 0.857326 0.517257
f 2157/2184/2157 2158/2185/2158 2040/2159/2040
vt 0.868232 0.510156
f 2177/2186/2177 2134/2173/2134 2097/2174/2097
f 2205/2179/2205 2098/2178/2098 1995/2175/1995
vt 0.900196 0.528686
f 2098/2178/2098 2065/2187/2065 1950/2176/1950
vt 0.909054 0.543840
f 2065/2187/2065 1952/2188/1952 1950/2176/1950
vt 0.917831 0.533103
f 2022/2189/2022 1926/2167/1926 1952/2188/1952
vt 0.893546 0.507153
f 2098/2178/2098 2159/2190/2159 2065/2187/2065
vt 0.861886 0.495517
f 2176/2191/2176 2177/2186/2177 2064/2171/2064
vt 0.860724 0.504521
f 2231/2192/2231 2176/2191/2176 2064/2171/2064
vt 0.848701 0.493670
f 2302/2193/2302 2231/2192/2231 2158/2185/2158
f 2204/2183/2204 2094/2156/2094 2203/2182/2203
vt 0.835275 0.488903
f 2175/2181/2175 2300/2194/2300 2203/2182/2203
vt 0.839725 0.491464
f 2203/2182/2203 2300/2194/2300 2257/2195/2257
vt 0.843610 0.489493
f 2204/2183/2204 2257/2195/2257 2274/2196/2274
f 2204/2183/2204 2274/2196/2274 2157/2184/2157
f 2274/2196/2274 2302/2193/2302 2157/2184/2157
vt 0.838825 0.484713
vt 0.839069 0.468333
f 2301/2197/2301 2383/2198/2383 2274/2196/2274
vt 0.859702 0.497074
f 2258/2199/2258 2176/2191/2176 2231/2192/2231
vt 0.873425 0.489353
vt 0.867858 0.500531
f 2303/2200/2303 2205/2179/2205 2275/2201/2275
vt 0.882239 0.493909
f 2276/2202/2276 2159/2190/2159 2205/2179/2205
f 2205/2179/2205 2159/2190/2159 2098/2178/2098
vt 0.920465 0.528205
f 1901/2177/1901 2120/2203/2120 2100/1500/2100
vt 0.993209 0.474708
f 2120/2203/2120 2357/2204/2357 2100/1500/2100
vt 0.917424 0.503039
f 2206/2205/2206 2357/2204/2357 2120/2203/2120
vt 0.913498 0.502645
f 2232/2206/2232 2206/2205/2206 2120/2203/2120
vt 0.904975 0.509950
f 2178/2207/2178 2232/2206/2232 2022/2189/2022
vt 0.904079 0.493980
f 2159/2190/2159 2259/2208/2259 2178/2207/2178
f 2259/2208/2259 2232/2206/2232 2178/2207/2178
f 2357/2204/2357 2206/2205/2206 2746/1501/2746
vt 0.966044 0.424125
f 2605/2209/2605 2746/1501/2746 2206/2205/2206
vt 0.913980 0.481245
f 2356/2210/2356 2605/2209/2605 2206/2205/2206
vt 0.911400 0.485412
f 2355/2211/2355 2356/2210/2356 2206/2205/2206
vt 0.853837 0.474121
f 2353/2212/2353 2176/2191/2176 2258/2199/2258
vt 0.850863 0.478652
f 2352/2213/2352 2353/2212/2353 2258/2199/2258
f 2274/2196/2274 2352/2213/2352 2302/2193/2302
vt 0.845982 0.469265
f 2369/2214/2369 2352/2213/2352 2274/2196/2274
f 2300/2194/2300 2383/2198/2383 2301/2197/2301
vt 0.822457 0.512184
f 2155/2215/2155 2175/2181/2175 2156/2180/2156
vt 0.832642 0.460595
vt 0.839648 0.461243
vt 0.829324 0.469373
f 2425/2216/2425 2426/2217/2426 2382/2218/2382
vt 0.822731 0.494658
vt 0.830211 0.477384
f 2256/2219/2256 2326/2220/2326 2175/2181/2175
f 2155/2215/2155 2256/2219/2256 2175/2181/2175
vt 0.818807 0.504682
f 2061/2108/2061 2230/2221/2230 2174/2151/2174
vt 0.817382 0.498778
f 2061/2108/2061 2273/2222/2273 2230/2221/2230
f 2174/2151/2174 2256/2219/2256 2155/2215/2155
f 2230/2221/2230 2256/2219/2256 2174/2151/2174
vt 0.810192 0.504576
f 2093/2149/2093 2202/2223/2202 2273/2222/2273
vt 0.826028 0.481290
f 2256/2219/2256 2325/2224/2325 2326/2220/2326
vt 0.822104 0.480854
f 2273/2222/2273 2324/2225/2324 2256/2219/2256
f 2230/2221/2230 2273/2222/2273 2256/2219/2256
vt 0.824878 0.467123
f 2324/2225/2324 2424/2226/2424 2382/2218/2382
vt 0.831901 0.455923
f 2424/2226/2424 2445/2227/2445 2425/2216/2425
f 2445/2227/2445 2426/2217/2426 2425/2216/2425
f 2426/2217/2426 2369/2214/2369 2383/2198/2383
f 2369/2214/2369 2353/2212/2353 2352/2213/2352
vt 0.858212 0.472724
f 2353/2212/2353 2384/2228/2384 2275/2201/2275
vt 0.868448 0.478233
f 2384/2228/2384 2385/2229/2385 2275/2201/2275
vt 0.874863 0.467352
f 2385/2229/2385 2354/2230/2354 2303/2200/2303
f 2303/2200/2303 2354/2230/2354 2276/2202/2276
vt 0.882829 0.477906
f 2354/2230/2354 2277/2231/2277 2276/2202/2276
vt 0.876020 0.457059
vt 0.890714 0.464355
f 2277/2231/2277 2486/2232/2486 2487/2233/2487
vt 0.894336 0.466063
f 2428/2234/2428 2355/2211/2355 2259/2208/2259
vt 0.884070 0.431595
f 2486/2232/2486 2572/2235/2572 2487/2233/2487
vt 0.845002 0.453849
vt 0.851687 0.464143
vt 0.846140 0.461275
f 2464/2236/2464 2446/2237/2446 2427/2238/2427
f 2464/2236/2464 2427/2238/2427 2426/2217/2426
vt 0.831613 0.441699
f 2445/2227/2445 2507/2239/2507 2464/2236/2464
vt 0.845672 0.438522
f 2464/2236/2464 2507/2239/2507 2546/2240/2546
vt 0.854632 0.450429
f 2546/2240/2546 2465/2241/2465 2464/2236/2464
f 2464/2236/2464 2465/2241/2465 2446/2237/2446
vt 0.854940 0.442828
vt 0.863289 0.444593
vt 0.863673 0.457316
f 2527/2242/2527 2485/2243/2485 2447/2244/2447
f 2485/2243/2485 2486/2232/2486 2447/2244/2447
vt 0.836766 0.434130
vt 0.847303 0.427673
f 2571/2245/2571 2620/2246/2620 2546/2240/2546
vt 0.854954 0.432834
f 2620/2246/2620 2603/2247/2603 2546/2240/2546
f 2546/2240/2546 2603/2247/2603 2527/2242/2527
vt 0.865466 0.438085
f 2603/2247/2603 2586/2248/2586 2485/2243/2485
vt 0.891752 0.449218
f 2487/2233/2487 2466/2249/2466 2428/2234/2428
vt 0.900543 0.458510
f 2467/2250/2467 2355/2211/2355 2428/2234/2428
f 2466/2249/2466 2467/2250/2467 2428/2234/2428
vt 0.896611 0.439949
f 2466/2249/2466 2604/2251/2604 2467/2250/2467
f 2572/2235/2572 2466/2249/2466 2487/2233/2487
f 2572/2235/2572 2604/2251/2604 2466/2249/2466
vt 0.901470 0.440088
f 2356/2210/2356 2488/2252/2488 2605/2209/2605
vt 0.993209 0.350195
f 2605/2209/2605 2488/2252/2488 2909/2253/2909
vt 0.985569 0.319066
f 3058/2254/3058 2909/2253/2909 2488/2252/2488
vt 0.877365 0.408662
vt 0.870155 0.403296
f 2744/2255/2744 2572/2235/2572 2695/2256/2695
vt 0.818551 0.387686
vt 0.859389 0.377044
f 2695/2256/2695 2763/2257/2763 2809/2258/2809
vt 0.854927 0.420596
f 2641/2259/2641 2695/2256/2695 2586/2248/2586
f 2586/2248/2586 2695/2256/2695 2572/2235/2572
vt 0.824490 0.422683
vt 0.837461 0.425320
vt 0.829804 0.435964
f 2640/2260/2640 2667/2261/2667 2526/2262/2526
vt 0.806568 0.492544
vt 0.811657 0.475886
vt 0.811810 0.489096
f 2299/2263/2299 2381/2264/2381 2255/2265/2255
f 2299/2263/2299 2255/2265/2255 2202/2223/2202
vt 0.807416 0.508461
f 2201/2266/2201 2299/2263/2299 2202/2223/2202
f 2060/2114/2060 2201/2266/2201 2202/2223/2202
f 2060/2114/2060 2202/2223/2202 2093/2149/2093
vt 0.804735 0.508106
f 2059/2115/2059 2200/2267/2200 2060/2114/2060
vt 0.783452 0.508392
f 2154/2148/2154 2228/2268/2228 2058/2131/2058
vt 0.788639 0.500455
f 2228/2268/2228 2173/2269/2173 2058/2131/2058
vt 0.794457 0.512080
f 2173/2269/2173 2132/2270/2132 2119/2116/2119
vt 0.796446 0.503136
f 2229/2271/2229 2059/2115/2059 2132/2270/2132
f 2229/2271/2229 2200/2267/2200 2059/2115/2059
vt 0.720325 0.554475
f 1828/2097/1828 1895/2272/1895 1854/2096/1854
vt 0.714844 0.548645
f 2014/2273/2014 1895/2272/1895 1828/2097/1828
vt 0.707714 0.545085
f 2013/2274/2013 2014/2273/2014 1828/2097/1828
vt 0.703658 0.538164
f 2012/2275/2012 1872/2098/1872 1894/2092/1894
vt 0.648524 0.535778
f 1891/2276/1891 1788/1978/1788 1827/1981/1827
f 1942/2013/1942 1891/2276/1891 1827/1981/1827
vt 0.669896 0.540259
vt 0.674599 0.551479
f 2011/2277/2011 1919/2278/1919 1853/2090/1853
vt 0.679327 0.541145
f 1919/2278/1919 2089/2279/2089 1871/2011/1871
vt 0.683839 0.538037
f 2089/2279/2089 1990/2280/1990 1871/2011/1871
f 1871/2011/1871 1990/2280/1990 1892/2091/1892
vt 0.686480 0.515048
vt 0.690965 0.533038
f 2130/2281/2130 2090/2282/2090 1990/2280/1990
f 1990/2280/1990 2090/2282/2090 1892/2091/1892
vt 0.700559 0.540856
f 2090/2282/2090 1991/2283/1991 1892/2091/1892
f 1892/2091/1892 1991/2283/1991 1893/2012/1893
f 1991/2283/1991 2012/2275/2012 1894/2092/1894
f 2012/2275/2012 2013/2274/2013 1872/2098/1872
vt 0.719191 0.542684
vt 0.723540 0.521776
f 2015/2284/2015 2091/2285/2091 2016/2141/2016
vt 0.695564 0.522906
vt 0.700003 0.523592
f 2115/2286/2115 2150/2287/2150 1991/2283/1991
vt 0.659286 0.513416
vt 0.663827 0.518349
vt 0.665094 0.541632
f 2195/2288/2195 2010/2289/2010 2009/2290/2009
vt 0.654190 0.526035
f 2195/2288/2195 2009/2290/2009 2087/2291/2087
vt 0.641791 0.508396
f 1891/2276/1891 2250/2292/2250 2087/2291/2087
vt 0.611415 0.500914
vt 0.618199 0.501462
f 2292/2293/2292 2225/2294/2225 2113/2057/2113
f 2292/2293/2292 2113/2057/2113 2112/2086/2112
vt 0.608624 0.503403
f 2193/2295/2193 2292/2293/2292 2112/2086/2112
vt 0.597441 0.502364
f 2347/2084/2347 2248/2296/2248 2168/2065/2168
vt 0.622926 0.489724
vt 0.624207 0.519455
f 2249/2297/2249 2148/2298/2148 2225/2294/2225
vt 0.630760 0.507655
f 2148/2298/2148 2249/2297/2249 2149/2299/2149
vt 0.621421 0.464603
vt 0.631492 0.476907
f 2396/2300/2396 2368/2301/2368 2249/2297/2249
f 2249/2297/2249 2368/2301/2368 2149/2299/2149
f 2368/2301/2368 2250/2292/2250 2149/2299/2149
vt 0.657614 0.498679
f 2294/2302/2294 2010/2289/2010 2195/2288/2195
vt 0.641960 0.480345
vt 0.648069 0.492759
vt 0.646836 0.502750
f 2348/2303/2348 2293/2304/2293 2194/2305/2194
f 2194/2305/2194 2293/2304/2293 2087/2291/2087
f 2293/2304/2293 2195/2288/2195 2087/2291/2087
vt 0.659384 0.491394
f 2319/2306/2319 2010/2289/2010 2294/2302/2294
vt 0.664941 0.506254
vt 0.671219 0.532353
f 2251/2307/2251 2089/2279/2089 2088/2308/2088
vt 0.672246 0.507868
f 2251/2307/2251 2196/2309/2196 2089/2279/2089
vt 0.650074 0.481630
f 2349/2310/2349 2294/2302/2294 2195/2288/2195
f 2293/2304/2293 2349/2310/2349 2195/2288/2195
vt 0.663864 0.478574
f 2251/2307/2251 2397/2311/2397 2196/2309/2196
vt 0.674615 0.499679
vt 0.679037 0.493846
vt 0.679174 0.526983
f 2268/2312/2268 2169/2313/2169 2114/2314/2114
f 2130/2281/2130 2115/2286/2115 2090/2282/2090
vt 0.700628 0.512959
f 2150/2287/2150 2170/2315/2170 2012/2275/2012
vt 0.710677 0.516580
f 2013/2274/2013 2116/2316/2116 2014/2273/2014
vt 0.714910 0.518668
f 2116/2316/2116 2151/2317/2151 2014/2273/2014
vt 0.726012 0.474415
vt 0.732815 0.502466
f 2091/2285/2091 2398/2318/2398 2226/2319/2226
vt 0.738212 0.469234
vt 0.740191 0.500439
f 2399/2320/2399 2198/2321/2198 2226/2319/2226
vt 0.741055 0.467515
vt 0.743110 0.493154
f 2419/2322/2419 2152/2323/2152 2198/2321/2198
vt 0.748206 0.489363
f 2419/2322/2419 2321/2324/2321 2152/2323/2152
vt 0.749467 0.467934
vt 0.751606 0.498497
f 2321/2324/2321 2401/2325/2401 2271/2326/2271
vt 0.753325 0.491820
f 2401/2325/2401 2297/2327/2297 2271/2326/2271
vt 0.761760 0.485454
vt 0.774545 0.488055
f 2227/2328/2227 2351/2329/2351 2254/2147/2254
vt 0.775506 0.480419
f 2322/2330/2322 2228/2268/2228 2351/2329/2351
f 2322/2330/2322 2173/2269/2173 2228/2268/2228
vt 0.786364 0.484962
vt 0.791551 0.496042
f 2272/2331/2272 2323/2332/2323 2173/2269/2173
f 2173/2269/2173 2323/2332/2323 2132/2270/2132
vt 0.801197 0.491648
f 2229/2271/2229 2298/2333/2298 2200/2267/2200
f 2298/2333/2298 2299/2263/2299 2201/2266/2201
vt 0.762112 0.464698
f 2421/2334/2421 2351/2329/2351 2227/2328/2227
vt 0.746361 0.465019
f 2419/2322/2419 2400/2335/2400 2321/2324/2321
vt 0.754130 0.472831
f 2402/2336/2402 2421/2334/2421 2227/2328/2227
vt 0.766582 0.462796
f 2422/2337/2422 2322/2330/2322 2351/2329/2351
vt 0.789040 0.475273
vt 0.795773 0.466347
f 2403/2338/2403 2443/2339/2443 2298/2333/2298
vt 0.801380 0.476971
f 2379/2340/2379 2299/2263/2299 2298/2333/2298
vt 0.807597 0.472501
f 2299/2263/2299 2380/2341/2380 2381/2264/2381
vt 0.812092 0.404592
vt 0.808237 0.433684
f 2716/2342/2716 2640/2260/2640 2602/2343/2602
vt 0.793781 0.413409
f 2694/2344/2694 2716/2342/2716 2602/2343/2602
vt 0.833350 0.412138
f 2716/2342/2716 2668/2345/2668 2640/2260/2640
vt 0.772225 0.400733
vt 0.781846 0.415945
f 2743/2346/2743 2694/2344/2694 2685/2347/2685
vt 0.771780 0.409131
f 2743/2346/2743 2685/2347/2685 2693/2348/2693
vt 0.752286 0.439777
vt 0.754150 0.418503
vt 0.758379 0.428081
f 2569/2349/2569 2601/2350/2601 2617/2351/2617
vt 0.758156 0.435143
f 2569/2349/2569 2617/2351/2617 2570/2352/2570
vt 0.751342 0.449377
f 2569/2349/2569 2570/2352/2570 2523/2353/2523
vt 0.751859 0.465827
f 2523/2353/2523 2420/2354/2420 2401/2325/2401
vt 0.754423 0.454129
f 2402/2336/2402 2461/2355/2461 2421/2334/2421
vt 0.763655 0.455824
f 2421/2334/2421 2481/2356/2481 2422/2337/2422
vt 0.768007 0.458347
f 2422/2337/2422 2462/2357/2462 2322/2330/2322
vt 0.773217 0.465864
f 2462/2357/2462 2423/2358/2423 2322/2330/2322
f 2423/2358/2423 2272/2331/2272 2322/2330/2322
vt 0.784275 0.467865
f 2442/2359/2442 2403/2338/2403 2323/2332/2323
f 2443/2339/2443 2379/2340/2379 2298/2333/2298
vt 0.784377 0.455978
f 2483/2360/2483 2443/2339/2443 2403/2338/2403
vt 0.778073 0.458628
f 2463/2361/2463 2272/2331/2272 2423/2358/2423
vt 0.760242 0.447177
vt 0.764873 0.440865
f 2505/2362/2505 2525/2363/2525 2481/2356/2481
vt 0.770472 0.443255
f 2525/2363/2525 2506/2364/2506 2462/2357/2462
f 2525/2363/2525 2462/2357/2462 2481/2356/2481
f 2506/2364/2506 2463/2361/2463 2423/2358/2423
f 2442/2359/2442 2483/2360/2483 2403/2338/2403
vt 0.801184 0.458603
f 2443/2339/2443 2484/2365/2484 2379/2340/2379
f 2484/2365/2484 2380/2341/2380 2379/2340/2379
vt 0.789914 0.436460
f 2585/2366/2585 2484/2365/2484 2443/2339/2443
vt 0.787614 0.441837
f 2544/2367/2544 2585/2366/2585 2443/2339/2443
vt 0.778117 0.439100
f 2584/2368/2584 2544/2367/2544 2483/2360/2483
vt 0.779271 0.451829
f 2506/2364/2506 2482/2369/2482 2463/2361/2463
vt 0.770766 0.436664
f 2570/2352/2570 2543/2370/2543 2525/2363/2525
vt 0.758985 0.440415
f 2570/2352/2570 2525/2363/2525 2524/2371/2524
f 2461/2355/2461 2505/2362/2505 2481/2356/2481
f 2523/2353/2523 2570/2352/2570 2524/2371/2524
f 2543/2370/2543 2584/2368/2584 2482/2369/2482
vt 0.782575 0.427793
f 2619/2372/2619 2585/2366/2585 2544/2367/2544
vt 0.765991 0.428939
vt 0.770826 0.430575
f 2583/2373/2583 2618/2374/2618 2543/2370/2543
vt 0.773056 0.415617
f 2639/2375/2639 2584/2368/2584 2618/2374/2618
f 2639/2375/2639 2619/2372/2619 2584/2368/2584
f 2685/2347/2685 2585/2366/2585 2619/2372/2619
f 2685/2347/2685 2619/2372/2619 2639/2375/2639
f 2639/2375/2639 2618/2374/2618 2583/2373/2583
vt 0.763025 0.413604
f 2666/2376/2666 2639/2375/2639 2583/2373/2583
f 2570/2352/2570 2617/2351/2617 2583/2373/2583
f 2617/2351/2617 2601/2350/2601 2666/2376/2666
vt 0.756299 0.408823
f 2692/2377/2692 2666/2376/2666 2601/2350/2601
f 2617/2351/2617 2666/2376/2666 2583/2373/2583
f 2666/2376/2666 2693/2348/2693 2639/2375/2639
f 2693/2348/2693 2685/2347/2685 2639/2375/2639
f 2585/2366/2585 2694/2344/2694 2484/2365/2484
f 2484/2365/2484 2694/2344/2694 2602/2343/2602
f 2694/2344/2694 2585/2366/2585 2685/2347/2685
f 2618/2374/2618 2584/2368/2584 2543/2370/2543
f 2619/2372/2619 2544/2367/2544 2584/2368/2584
f 2461/2355/2461 2524/2371/2524 2505/2362/2505
f 2505/2362/2505 2524/2371/2524 2525/2363/2525
f 2570/2352/2570 2583/2373/2583 2543/2370/2543
f 2543/2370/2543 2506/2364/2506 2525/2363/2525
f 2543/2370/2543 2482/2369/2482 2506/2364/2506
f 2584/2368/2584 2483/2360/2483 2482/2369/2482
f 2483/2360/2483 2544/2367/2544 2443/2339/2443
f 2482/2369/2482 2483/2360/2483 2442/2359/2442
f 2421/2334/2421 2461/2355/2461 2481/2356/2481
f 2462/2357/2462 2506/2364/2506 2423/2358/2423
f 2463/2361/2463 2442/2359/2442 2272/2331/2272
f 2482/2369/2482 2442/2359/2442 2463/2361/2463
f 2481/2356/2481 2462/2357/2462 2422/2337/2422
f 2400/2335/2400 2523/2353/2523 2401/2325/2401
vt 0.742424 0.440233
f 2542/2378/2542 2601/2350/2601 2569/2349/2569
vt 0.745562 0.399486
vt 0.757610 0.393633
f 2742/2379/2742 2776/2380/2776 2692/2377/2692
f 2776/2380/2776 2743/2346/2743 2692/2377/2692
vt 0.796417 0.386039
f 2743/2346/2743 2823/2381/2823 2694/2344/2694
vt 0.715843 0.393069
vt 0.739821 0.412680
vt 0.724246 0.417520
f 2796/2382/2796 2638/2383/2638 2684/2384/2684
vt 0.702191 0.430618
vt 0.706080 0.410677
vt 0.720473 0.433522
f 2567/2385/2567 2729/2386/2729 2616/2387/2616
vt 0.702381 0.450379
f 2522/2388/2522 2567/2385/2567 2616/2387/2616
vt 0.708532 0.483060
f 2522/2388/2522 2616/2387/2616 2270/2389/2270
vt 0.703797 0.468369
f 2522/2388/2522 2270/2389/2270 2418/2390/2418
vt 0.685583 0.468535
vt 0.683097 0.441724
vt 0.691549 0.479546
f 2441/2391/2441 2480/2392/2480 2252/2393/2252
vt 0.613902 0.474436
f 2318/2394/2318 2249/2297/2249 2225/2294/2225
vt 0.606339 0.483609
f 2367/2395/2367 2292/2293/2292 2193/2295/2193
vt 0.604334 0.488027
f 2366/2396/2366 2367/2395/2367 2193/2295/2193
vt 0.604005 0.502697
vt 0.607083 0.506287
f 2317/2397/2317 2366/2396/2366 2192/2398/2192
vt 0.591703 0.466494
f 2347/2084/2347 2438/2399/2438 2248/2296/2248
vt 0.570827 0.466695
vt 0.577528 0.457474
f 2378/2400/2378 2457/2401/2457 2365/2083/2365
vt 0.572763 0.445744
f 2561/2402/2561 2457/2401/2457 2378/2400/2378
vt 0.564993 0.476732
f 2316/2066/2316 2346/2403/2346 2378/2400/2378
vt 0.559808 0.506219
f 2056/2082/2056 2224/2404/2224 2316/2066/2316
f 1823/2077/1823 2056/2082/2056 1966/2081/1966
f 2224/2404/2224 2346/2403/2346 2316/2066/2316
vt 0.586974 0.456499
f 2457/2401/2457 2416/2405/2416 2365/2083/2365
vt 0.598088 0.462938
f 2439/2406/2439 2317/2397/2317 2438/2399/2438
f 2318/2394/2318 2225/2294/2225 2292/2293/2292
f 2367/2395/2367 2318/2394/2318 2292/2293/2292
f 2439/2406/2439 2366/2396/2366 2317/2397/2317
vt 0.601234 0.457322
f 2477/2407/2477 2367/2395/2367 2366/2396/2366
f 2318/2394/2318 2396/2300/2396 2249/2297/2249
vt 0.603689 0.458126
f 2478/2408/2478 2318/2394/2318 2367/2395/2367
vt 0.585019 0.436153
f 2457/2401/2457 2580/2409/2580 2416/2405/2416
f 2580/2409/2580 2438/2399/2438 2416/2405/2416
vt 0.610073 0.446115
f 2478/2408/2478 2563/2410/2563 2318/2394/2318
vt 0.629110 0.447007
vt 0.635662 0.460381
f 2396/2300/2396 2539/2411/2539 2417/2412/2417
vt 0.640205 0.445730
f 2417/2412/2417 2540/2413/2540 2348/2303/2348
f 2540/2413/2540 2349/2310/2349 2348/2303/2348
vt 0.647806 0.464992
f 2540/2413/2540 2458/2414/2458 2349/2310/2349
vt 0.678182 0.437291
f 2582/2415/2582 2480/2392/2480 2441/2391/2441
vt 0.666155 0.472333
vt 0.661990 0.443205
vt 0.672476 0.458607
f 2320/2416/2320 2541/2417/2541 2479/2418/2479
vt 0.646238 0.445239
vt 0.652416 0.459633
vt 0.651337 0.467255
f 2521/2419/2521 2440/2420/2440 2459/2421/2459
vt 0.577157 0.433991
f 2457/2401/2457 2597/2422/2597 2580/2409/2580
vt 0.599451 0.426438
f 2477/2407/2477 2659/2423/2659 2478/2408/2478
vt 0.606032 0.425631
f 2659/2423/2659 2660/2424/2660 2478/2408/2478
vt 0.612917 0.449972
vt 0.610345 0.429236
vt 0.623483 0.424303
f 2499/2425/2499 2634/2426/2634 2661/2427/2661
vt 0.596032 0.423872
vt 0.597032 0.441318
f 2658/2428/2658 2659/2423/2659 2498/2429/2498
vt 0.591552 0.412647
vt 0.594411 0.444014
f 2633/2430/2633 2562/2431/2562 2580/2409/2580
vt 0.583372 0.417289
f 2597/2422/2597 2657/2432/2657 2580/2409/2580
vt 0.573135 0.408679
f 2561/2402/2561 2656/2433/2656 2597/2422/2597
vt 0.569144 0.450473
f 2346/2403/2346 2497/2434/2497 2378/2400/2378
vt 0.547292 0.536695
vt 0.551027 0.517470
f 2038/2435/2038 2146/2436/2146 2056/2082/2056
f 1915/2078/1915 2038/2435/2038 1823/2077/1823
f 1868/2075/1868 2006/2080/2006 1915/2078/1915
f 2056/2082/2056 2146/2436/2146 2224/2404/2224
vt 0.553810 0.494306
f 2146/2436/2146 2247/2437/2247 2224/2404/2224
vt 0.559887 0.467367
f 2247/2437/2247 2345/2438/2345 2346/2403/2346
vt 0.569930 0.430740
f 2497/2434/2497 2632/2439/2632 2561/2402/2561
f 2632/2439/2632 2656/2433/2656 2561/2402/2561
vt 0.556956 0.458513
vt 0.555135 0.448105
vt 0.558439 0.424872
f 2415/2440/2415 2538/2441/2538 2559/2442/2559
vt 0.554608 0.481575
f 2247/2437/2247 2344/2443/2344 2345/2438/2345
vt 0.548035 0.513110
f 2084/2444/2084 2247/2437/2247 2146/2436/2146
f 2038/2435/2038 2084/2444/2084 2146/2436/2146
vt 0.538759 0.542733
f 1889/2079/1889 1988/2445/1988 2006/2080/2006
f 2006/2080/2006 2084/2444/2084 2038/2435/2038
vt 0.543965 0.520765
f 2006/2080/2006 2110/2446/2110 2084/2444/2084
vt 0.537665 0.532898
f 1988/2445/1988 2037/2447/2037 2110/2446/2110
f 1988/2445/1988 2110/2446/2110 2006/2080/2006
vt 0.532759 0.543818
f 1987/2448/1987 1988/2445/1988 1889/2079/1889
vt 0.530225 0.552884
f 1711/2039/1711 1914/2449/1914 1889/2079/1889
vt 0.526471 0.550302
f 1965/2450/1965 1914/2449/1914 1711/2039/1711
vt 0.486086 0.517666
vt 0.501202 0.513767
f 2082/2451/2082 2188/2452/2188 2052/2074/2052
vt 0.475106 0.528502
f 2051/2453/2051 2082/2451/2082 2052/2074/2052
vt 0.476075 0.502347
f 2082/2451/2082 2289/2454/2289 2188/2452/2188
f 2052/2074/2052 2188/2452/2188 1913/2073/1913
vt 0.517891 0.557793
f 1730/2050/1730 1913/2073/1913 1822/2455/1822
f 1987/2448/1987 1889/2079/1889 1914/2449/1914
vt 0.515618 0.535615
f 1964/2456/1964 1965/2450/1965 1822/2455/1822
f 1964/2456/1964 1822/2455/1822 1913/2073/1913
f 2188/2452/2188 1964/2456/1964 1913/2073/1913
vt 0.521225 0.528792
f 1964/2456/1964 2083/2457/2083 1965/2450/1965
vt 0.525528 0.532705
f 1965/2450/1965 2053/2458/2053 1914/2449/1914
vt 0.545305 0.505685
f 2110/2446/2110 2223/2459/2223 2084/2444/2084
vt 0.550734 0.479939
vt 0.550327 0.494311
f 2291/2460/2291 2344/2443/2344 2246/2461/2246
vt 0.536885 0.519405
f 2037/2447/2037 2109/2462/2109 2110/2446/2110
vt 0.533501 0.532659
f 2055/2463/2055 2109/2462/2109 2037/2447/2037
f 1987/2448/1987 2055/2463/2055 2037/2447/2037
vt 0.525639 0.523194
f 2054/2464/2054 2055/2463/2055 1987/2448/1987
vt 0.522399 0.504298
f 2190/2465/2190 2055/2463/2055 2054/2464/2054
vt 0.508908 0.508280
f 2189/2466/2189 2083/2457/2083 1964/2456/1964
vt 0.498220 0.486708
f 2364/2467/2364 2189/2466/2189 2188/2452/2188
vt 0.533558 0.515815
f 2190/2465/2190 2108/2468/2108 2055/2463/2055
vt 0.539931 0.493132
f 2109/2462/2109 2222/2469/2222 2223/2459/2223
f 2223/2459/2223 2222/2469/2222 2291/2460/2291
vt 0.554898 0.421927
f 2538/2441/2538 2629/2470/2629 2559/2442/2559
vt 0.562747 0.403087
vt 0.569415 0.402124
vt 0.563227 0.421849
f 2736/2471/2736 2708/2472/2708 2631/2473/2631
f 2708/2472/2708 2632/2439/2632 2631/2473/2631
vt 0.580996 0.405497
f 2597/2422/2597 2724/2474/2724 2657/2432/2657
f 2657/2432/2657 2633/2430/2633 2580/2409/2580
f 2633/2430/2633 2658/2428/2658 2498/2429/2498
f 2661/2427/2661 2396/2300/2396 2499/2425/2499
vt 0.643276 0.444754
f 2540/2413/2540 2564/2475/2564 2458/2414/2458
f 2564/2475/2564 2521/2419/2521 2459/2421/2459
vt 0.657720 0.450518
f 2460/2476/2460 2541/2417/2541 2320/2416/2320
vt 0.670328 0.437413
vt 0.677242 0.462687
f 2565/2477/2565 2582/2415/2582 2500/2478/2500
vt 0.686510 0.435377
vt 0.688329 0.426880
vt 0.690118 0.455171
f 2600/2479/2600 2637/2480/2637 2501/2481/2501
vt 0.697787 0.446318
vt 0.693796 0.462082
f 2637/2480/2637 2566/2482/2566 2502/2483/2502
vt 0.697699 0.422802
f 2615/2484/2615 2522/2388/2522 2566/2482/2566
vt 0.693688 0.419464
f 2664/2485/2664 2615/2484/2615 2566/2482/2566
f 2664/2485/2664 2566/2482/2566 2637/2480/2637
vt 0.681010 0.415395
f 2663/2486/2663 2480/2392/2480 2582/2415/2582
vt 0.676582 0.415222
f 2683/2487/2683 2663/2486/2663 2582/2415/2582
vt 0.668750 0.421443
f 2599/2488/2599 2683/2487/2683 2582/2415/2582
f 2663/2486/2663 2637/2480/2637 2600/2479/2600
vt 0.694228 0.407660
f 2715/2489/2715 2615/2484/2615 2664/2485/2664
vt 0.683917 0.408104
f 2714/2490/2714 2664/2485/2664 2637/2480/2637
f 2714/2490/2714 2637/2480/2637 2663/2486/2663
vt 0.677956 0.407361
vt 0.680511 0.406207
f 2663/2486/2663 2713/2491/2713 2728/2492/2728
vt 0.687827 0.398506
f 2714/2490/2714 2741/2493/2741 2664/2485/2664
f 2741/2493/2741 2715/2489/2715 2664/2485/2664
f 2796/2382/2796 2684/2384/2684 2729/2386/2729
vt 0.701375 0.375222
f 2807/2494/2807 2796/2382/2796 2729/2386/2729
vt 0.687471 0.388072
f 2807/2494/2807 2729/2386/2729 2762/2495/2762
vt 0.683544 0.368626
f 2841/2496/2841 2807/2494/2807 2762/2495/2762
vt 0.681267 0.384793
f 2795/2497/2795 2841/2496/2841 2762/2495/2762
vt 0.680683 0.392797
f 2713/2491/2713 2740/2498/2740 2728/2492/2728
vt 0.675268 0.390898
f 2713/2491/2713 2761/2499/2761 2740/2498/2740
f 2740/2498/2740 2761/2499/2761 2795/2497/2795
vt 0.734282 0.388969
f 2798/2500/2798 2638/2383/2638 2796/2382/2796
vt 0.702219 0.356879
f 2907/2501/2907 2807/2494/2807 2841/2496/2841
vt 0.682939 0.350705
f 2906/2502/2906 2907/2501/2907 2841/2496/2841
vt 0.671601 0.403811
vt 0.668904 0.394974
f 2727/2503/2727 2760/2504/2760 2761/2499/2761
vt 0.653736 0.424696
f 2636/2505/2636 2541/2417/2541 2460/2476/2460
vt 0.631158 0.441541
f 2661/2427/2661 2581/2506/2581 2539/2411/2539
vt 0.610258 0.409908
f 2709/2507/2709 2661/2427/2661 2634/2426/2634
vt 0.606833 0.395786
f 2660/2424/2660 2739/2508/2739 2634/2426/2634
f 2634/2426/2634 2739/2508/2739 2709/2507/2709
vt 0.617507 0.405708
f 2709/2507/2709 2690/2509/2690 2661/2427/2661
vt 0.636680 0.424275
f 2635/2510/2635 2564/2475/2564 2540/2413/2540
vt 0.642725 0.430606
f 2564/2475/2564 2598/2511/2598 2521/2419/2521
vt 0.648707 0.421637
f 2682/2512/2682 2460/2476/2460 2598/2511/2598
vt 0.630244 0.417591
f 2661/2427/2661 2681/2513/2681 2581/2506/2581
vt 0.597224 0.402986
vt 0.603467 0.397798
f 2725/2514/2725 2738/2515/2738 2660/2424/2660
f 2725/2514/2725 2660/2424/2660 2659/2423/2659
vt 0.593519 0.397768
f 2757/2516/2757 2725/2514/2725 2658/2428/2658
f 2633/2430/2633 2757/2516/2757 2658/2428/2658
vt 0.584727 0.402444
f 2724/2474/2724 2737/2517/2737 2657/2432/2657
vt 0.611102 0.391531
f 2739/2508/2739 2774/2518/2774 2709/2507/2709
f 2709/2507/2709 2774/2518/2774 2690/2509/2690
f 2690/2509/2690 2681/2513/2681 2661/2427/2661
vt 0.630837 0.410305
f 2726/2519/2726 2635/2510/2635 2681/2513/2681
vt 0.636244 0.411485
f 2710/2520/2710 2682/2512/2682 2598/2511/2598
vt 0.645765 0.403442
f 2711/2521/2711 2636/2505/2636 2682/2512/2682
vt 0.666698 0.410972
f 2599/2488/2599 2691/2522/2691 2727/2503/2727
f 2691/2522/2691 2760/2504/2760 2727/2503/2727
vt 0.638090 0.392380
vt 0.631822 0.370443
f 2759/2523/2759 2822/2524/2822 2711/2521/2711
vt 0.622768 0.379262
vt 0.629562 0.386927
vt 0.629400 0.397797
f 2821/2525/2821 2793/2526/2793 2775/2527/2775
vt 0.621013 0.388128
f 2821/2525/2821 2775/2527/2775 2792/2528/2792
vt 0.607200 0.387629
vt 0.612913 0.374012
f 2791/2529/2791 2820/2530/2820 2774/2518/2774
f 2792/2528/2792 2681/2513/2681 2690/2509/2690
f 2775/2527/2775 2710/2520/2710 2726/2519/2726
f 2726/2519/2726 2710/2520/2710 2635/2510/2635
f 2759/2523/2759 2682/2512/2682 2710/2520/2710
vt 0.662368 0.401360
f 2711/2521/2711 2712/2531/2712 2636/2505/2636
vt 0.664672 0.424634
f 2712/2531/2712 2662/2532/2662 2636/2505/2636
f 2691/2522/2691 2712/2531/2712 2760/2504/2760
vt 0.662811 0.376144
f 2833/2533/2833 2760/2504/2760 2712/2531/2712
f 2774/2518/2774 2792/2528/2792 2690/2509/2690
f 2820/2530/2820 2792/2528/2792 2774/2518/2774
f 2792/2528/2792 2775/2527/2775 2726/2519/2726
f 2793/2526/2793 2710/2520/2710 2775/2527/2775
f 2793/2526/2793 2759/2523/2759 2710/2520/2710
f 2759/2523/2759 2711/2521/2711 2682/2512/2682
f 2662/2532/2662 2712/2531/2712 2691/2522/2691
vt 0.646233 0.385619
f 2794/2534/2794 2712/2531/2712 2711/2521/2711
f 2794/2534/2794 2833/2533/2833 2712/2531/2712
vt 0.672605 0.383650
f 2833/2533/2833 2834/2535/2834 2760/2504/2760
f 2792/2528/2792 2726/2519/2726 2681/2513/2681
vt 0.605397 0.375360
f 2819/2536/2819 2820/2530/2820 2791/2529/2791
f 2820/2530/2820 2821/2525/2821 2792/2528/2792
f 2822/2524/2822 2759/2523/2759 2793/2526/2793
vt 0.637297 0.370702
f 2872/2537/2872 2711/2521/2711 2822/2524/2822
vt 0.647366 0.367120
f 2884/2538/2884 2833/2533/2833 2794/2534/2794
f 2872/2537/2872 2884/2538/2884 2794/2534/2794
vt 0.621101 0.353877
vt 0.622444 0.369663
f 2905/2539/2905 2822/2524/2822 2854/2540/2854
vt 0.602769 0.364162
vt 0.609474 0.361915
vt 0.605106 0.369262
f 2882/2541/2882 2883/2542/2883 2831/2543/2831
vt 0.600137 0.378546
f 2818/2544/2818 2882/2541/2882 2831/2543/2831
vt 0.597335 0.390711
f 2758/2545/2758 2818/2544/2818 2791/2529/2791
vt 0.597225 0.377744
f 2817/2546/2817 2818/2544/2818 2758/2545/2758
vt 0.610104 0.347594
vt 0.615606 0.364598
f 2924/2547/2924 2871/2548/2871 2883/2542/2883
f 2924/2547/2924 2905/2539/2905 2871/2548/2871
vt 0.624968 0.351432
f 2925/2549/2925 2822/2524/2822 2905/2539/2905
f 2925/2549/2925 2872/2537/2872 2822/2524/2822
f 2925/2549/2925 2884/2538/2884 2872/2537/2872
vt 0.644898 0.348276
vt 0.664175 0.359681
f 2926/2550/2926 2873/2551/2873 2884/2538/2884
vt 0.715906 0.375980
vt 0.723777 0.348238
vt 0.733950 0.358673
f 2797/2552/2797 2927/2553/2927 2885/2554/2885
f 2797/2552/2797 2885/2554/2885 2798/2500/2798
vt 0.754930 0.362783
f 2885/2554/2885 2874/2555/2874 2798/2500/2798
vt 0.751957 0.342915
f 2943/2556/2943 2874/2555/2874 2885/2554/2885
f 2763/2257/2763 2668/2345/2668 2716/2342/2716
f 2668/2345/2668 2667/2261/2667 2640/2260/2640
f 2668/2345/2668 2641/2259/2641 2620/2246/2620
f 2668/2345/2668 2695/2256/2695 2641/2259/2641
vt 0.807553 0.380638
f 2799/2557/2799 2763/2257/2763 2716/2342/2716
f 2823/2381/2823 2799/2557/2799 2716/2342/2716
vt 0.711119 0.339489
f 2907/2501/2907 2984/2558/2984 2927/2553/2927
f 2907/2501/2907 2927/2553/2927 2797/2552/2797
f 2906/2502/2906 2984/2558/2984 2907/2501/2907
f 2841/2496/2841 2873/2551/2873 2906/2502/2906
vt 0.673343 0.326010
vt 0.690661 0.327152
vt 0.681761 0.332011
f 3023/2559/3023 3037/2560/3037 2983/2561/2983
vt 0.663065 0.311616
vt 0.678988 0.308437
f 3023/2559/3023 3081/2562/3081 3106/2563/3106
vt 0.716979 0.321669
f 3057/2564/3057 2927/2553/2927 2984/2558/2984
vt 0.734997 0.339922
f 2885/2554/2885 2970/2565/2970 2943/2556/2943
vt 0.766903 0.373095
f 2943/2556/2943 2808/2566/2808 2874/2555/2874
vt 0.767231 0.353590
f 2943/2556/2943 2928/2567/2928 2808/2566/2808
vt 0.781650 0.360549
f 2928/2567/2928 2842/2568/2842 2808/2566/2808
vt 0.800849 0.367398
f 2843/2569/2843 2799/2557/2799 2823/2381/2823
vt 0.869058 0.387882
f 2809/2258/2809 2777/2570/2777 2695/2256/2695
vt 0.882264 0.397277
vt 0.891256 0.419185
f 2745/2571/2745 2669/2572/2669 2744/2255/2744
f 2744/2255/2744 2669/2572/2669 2572/2235/2572
f 2669/2572/2669 2604/2251/2604 2572/2235/2572
f 2669/2572/2669 2488/2252/2488 2604/2251/2604
vt 0.897066 0.421257
f 2669/2572/2669 2642/2573/2642 2488/2252/2488
vt 0.863024 0.373265
f 2855/2574/2855 2777/2570/2777 2809/2258/2809
vt 0.855024 0.353774
f 2944/2575/2944 2855/2574/2855 2809/2258/2809
vt 0.847264 0.351672
f 2929/2576/2929 2944/2575/2944 2809/2258/2809
f 2763/2257/2763 2929/2576/2929 2809/2258/2809
vt 0.827387 0.319089
f 2763/2257/2763 3000/2577/3000 2929/2576/2929
vt 0.817303 0.307032
f 2843/2569/2843 3082/2578/3082 3000/2577/3000
f 2843/2569/2843 3000/2577/3000 2763/2257/2763
vt 0.837291 0.325381
f 3000/2577/3000 3024/2579/3024 2929/2576/2929
vt 0.875179 0.377266
f 2855/2574/2855 2778/2580/2778 2777/2570/2777
f 2778/2580/2778 2745/2571/2745 2744/2255/2744
vt 0.879138 0.373781
f 2642/2573/2642 2844/2581/2844 3058/2254/3058
vt 0.950764 0.291829
f 2844/2581/2844 3152/2582/3152 3058/2254/3058
vt 0.996604 0.307393
f 3058/2254/3058 3152/2582/3152 3085/2583/3085
vt 0.998302 0.307393
f 3058/2254/3058 3085/2583/3085 3086/2584/3086
f 3152/2582/3152 3270/1499/3270 3085/2583/3085
vt 0.923599 0.241245
f 3152/2582/3152 3321/2585/3321 3270/1499/3270
vt 0.984720 0.151751
f 3321/2585/3321 3541/2586/3541 3270/1499/3270
vt 0.986418 0.000000
f 3321/2585/3321 3749/2587/3749 3541/2586/3541
f 3541/2586/3541 3749/2587/3749 3750/1497/3750
vt 0.969440 0.000000
f 3321/2585/3321 3747/2588/3747 3749/2587/3749
vt 0.979626 0.000000
f 3749/2587/3749 3747/2588/3747 3748/2589/3748
vt 0.799660 0.000000
vt 0.809847 0.000000
vt 0.789474 0.097276
f 3734/2590/3734 3735/2591/3735 3625/2592/3625
vt 0.772496 0.155642
f 3531/2593/3531 3734/2590/3734 3625/2592/3625
vt 0.754899 0.221766
f 3366/2594/3366 3531/2593/3531 3625/2592/3625
vt 0.764902 0.236579
f 3366/2594/3366 3625/2592/3625 3337/2595/3337
vt 0.752339 0.230681
f 3366/2594/3366 3337/2595/3337 3352/2596/3352
vt 0.748679 0.254956
vt 0.745695 0.243747
vt 0.754646 0.250895
f 3268/2597/3268 3320/2598/3320 3279/2599/3279
vt 0.769808 0.268061
vt 0.777655 0.303222
f 3268/2597/3268 3237/2600/3237 3151/2601/3151
vt 0.724071 0.315814
vt 0.754516 0.335014
f 2970/2565/2970 2999/2602/2999 2971/2603/2971
f 3057/2564/3057 2999/2602/2999 2970/2565/2970
vt 0.722811 0.248433
f 2999/2602/2999 3304/2604/3304 3268/2597/3268
vt 0.726719 0.240728
f 3268/2597/3268 3304/2604/3304 3327/2605/3327
f 3327/2605/3327 3320/2598/3320 3268/2597/3268
vt 0.736063 0.226521
f 3351/2606/3351 3352/2596/3352 3320/2598/3320
vt 0.725261 0.227731
vt 0.719603 0.219006
f 3350/2607/3350 3365/2608/3365 3351/2606/3351
f 3327/2605/3327 3350/2607/3350 3351/2606/3351
vt 0.717606 0.237392
f 3336/2609/3336 3350/2607/3350 3327/2605/3327
vt 0.707801 0.238645
f 3345/2610/3345 3336/2609/3336 3304/2604/3304
f 3336/2609/3336 3327/2605/3327 3304/2604/3304
vt 0.675799 0.298508
vt 0.691222 0.311224
f 3121/2611/3121 3345/2610/3345 3056/2612/3056
f 3056/2612/3056 2999/2602/2999 3057/2564/3057
f 2999/2602/2999 3056/2612/3056 3345/2610/3345
f 3106/2563/3106 3121/2611/3121 3056/2612/3056
vt 0.648090 0.298640
vt 0.688886 0.228991
f 3121/2611/3121 3120/2613/3120 3292/2614/3292
vt 0.667047 0.221955
f 3120/2613/3120 3363/2615/3363 3292/2614/3292
vt 0.624508 0.216562
vt 0.660782 0.213183
f 3363/2615/3363 3375/2616/3375 3388/2617/3388
vt 0.691790 0.211085
vt 0.700704 0.227712
f 3425/2618/3425 3364/2619/3364 3292/2614/3292
vt 0.702030 0.211510
f 3364/2619/3364 3425/2618/3425 3405/2620/3405
f 3405/2620/3405 3345/2610/3345 3364/2619/3364
vt 0.710453 0.219036
f 3389/2621/3389 3365/2608/3365 3336/2609/3336
f 3365/2608/3365 3350/2607/3350 3336/2609/3336
vt 0.710299 0.209200
f 3406/2622/3406 3365/2608/3365 3389/2621/3389
vt 0.716469 0.210117
f 3365/2608/3365 3406/2622/3406 3390/2623/3390
vt 0.734328 0.217152
f 3390/2623/3390 3391/2624/3391 3365/2608/3365
f 3365/2608/3365 3391/2624/3391 3351/2606/3351
f 3351/2606/3351 3391/2624/3391 3352/2596/3352
vt 0.779287 0.000000
f 3391/2624/3391 3733/2625/3733 3531/2593/3531
vt 0.762309 0.000000
f 3391/2624/3391 3731/2626/3731 3733/2625/3733
f 3390/2623/3390 3731/2626/3731 3391/2624/3391
vt 0.752122 0.000000
f 3406/2622/3406 3730/2627/3730 3390/2623/3390
vt 0.706282 0.202335
f 3426/2628/3426 3730/2627/3730 3406/2622/3406
f 3426/2628/3426 3406/2622/3406 3405/2620/3405
vt 0.689727 0.199867
f 3456/2629/3456 3426/2628/3426 3405/2620/3405
vt 0.718166 0.000000
vt 0.738540 0.000000
f 3456/2629/3456 3727/2630/3727 3729/2631/3729
vt 0.721562 0.000000
f 3729/2631/3729 3727/2630/3727 3728/2632/3728
vt 0.611205 0.171206
vt 0.629881 0.000000
vt 0.650255 0.000000
f 3502/2633/3502 3721/2634/3721 3722/2635/3722
vt 0.616514 0.177467
f 3502/2633/3502 3722/2635/3722 3492/2636/3492
vt 0.613079 0.182578
f 3502/2633/3502 3492/2636/3492 3491/2637/3491
vt 0.559641 0.277401
vt 0.602429 0.205755
vt 0.588107 0.283078
f 3236/2638/3236 3387/2639/3387 3194/2640/3194
vt 0.571148 0.294923
f 3169/2641/3169 3236/2638/3236 3194/2640/3194
vt 0.582240 0.293962
f 3170/2642/3170 3169/2641/3169 3194/2640/3194
vt 0.567212 0.317074
vt 0.579069 0.316105
vt 0.576409 0.333066
f 3053/2643/3053 3105/2644/3105 3020/2645/3020
vt 0.534848 0.324554
vt 0.543045 0.329823
vt 0.545038 0.339374
f 2980/2646/2980 3017/2647/3017 2981/2648/2981
vt 0.511609 0.334901
vt 0.521462 0.324834
vt 0.516976 0.336820
f 2978/2649/2978 3015/2650/3015 2979/2651/2979
vt 0.515525 0.343483
f 2939/2652/2939 2978/2649/2978 2979/2651/2979
vt 0.504338 0.344551
vt 0.507073 0.348319
f 2938/2653/2938 2939/2652/2939 2920/2654/2920
vt 0.497003 0.352263
f 2938/2653/2938 2920/2654/2920 2919/2655/2919
vt 0.474074 0.345308
vt 0.481993 0.357552
vt 0.484163 0.374230
f 2992/2656/2992 2878/2657/2878 2770/2658/2770
vt 0.451434 0.357373
vt 0.464877 0.356135
vt 0.471157 0.374501
f 2934/2659/2934 2918/2660/2918 2839/2661/2839
vt 0.454758 0.383133
f 2805/2662/2805 2934/2659/2934 2839/2661/2839
vt 0.473278 0.399548
f 2721/2663/2721 2805/2662/2805 2839/2661/2839
vt 0.421966 0.507450
f 2312/1062/2312 2336/384/2336 2126/2664/2126
vt 0.413932 0.501182
f 2312/1062/2312 2126/2664/2126 2219/2665/2219
f 2287/386/2287 2312/1062/2312 2219/2665/2219
vt 0.404233 0.528450
f 2311/388/2311 2106/2666/2106 2002/389/2002
vt 0.434873 0.580962
f 1747/1091/1747 1692/2667/1692 1693/1092/1693
f 1692/2667/1692 1727/2067/1727 1693/1092/1693
vt 0.450448 0.544067
f 1821/2069/1821 1959/2668/1959 1960/2070/1960
vt 0.464948 0.547070
f 1849/2072/1849 1961/2071/1961 1962/2669/1962
vt 0.470750 0.550252
f 1849/2072/1849 1962/2669/1962 1939/2670/1939
vt 0.470596 0.534233
f 1963/2671/1963 2051/2453/2051 1939/2670/1939
vt 0.456207 0.498362
vt 0.459634 0.494780
vt 0.462400 0.515154
f 2244/2672/2244 2288/2673/2288 2129/2674/2129
vt 0.460921 0.524166
f 2244/2672/2244 2129/2674/2129 2004/2675/2004
vt 0.450764 0.510439
f 2244/2672/2244 2004/2675/2004 2166/2676/2166
vt 0.445751 0.501538
vt 0.447281 0.512214
f 2221/2677/2221 2166/2676/2166 2107/2678/2107
f 1985/393/1985 2002/389/2002 1910/394/1910
vt 0.405373 0.561336
f 1786/1088/1786 1820/2679/1820 1747/1091/1747
f 1820/2679/1820 1786/1088/1786 1801/1087/1801
f 2002/389/2002 1801/1087/1801 1910/394/1910
vt 0.397518 0.539589
f 2002/389/2002 1936/2680/1936 1801/1087/1801
f 1936/2680/1936 1820/2679/1820 1801/1087/1801
vt 0.427049 0.557442
f 1888/2681/1888 1692/2667/1692 1820/2679/1820
f 1820/2679/1820 1692/2667/1692 1747/1091/1747
vt 0.454268 0.527968
f 1960/2070/1960 2036/2682/2036 1961/2071/1961
vt 0.472906 0.516861
f 1963/2671/1963 2145/2683/2145 2051/2453/2051
vt 0.454244 0.518072
vt 0.451548 0.519913
f 2166/2676/2166 2081/2684/2081 2080/2685/2080
f 2107/2678/2107 2166/2676/2166 2080/2685/2080
vt 0.443156 0.520632
f 2128/2686/2128 2107/2678/2107 2080/2685/2080
vt 0.427449 0.514819
vt 0.426134 0.505599
vt 0.437522 0.523207
f 2127/2687/2127 2187/2688/2187 2079/2689/2079
vt 0.422400 0.515767
f 2126/2664/2126 2127/2687/2127 2125/2690/2125
vt 0.401234 0.503577
vt 0.411675 0.520565
f 2186/2691/2186 2078/2692/2078 2106/2666/2106
vt 0.417602 0.548028
f 1911/2693/1911 1888/2681/1888 1820/2679/1820
vt 0.435694 0.561548
f 1847/2694/1847 1727/2067/1727 1692/2667/1692
f 1727/2067/1727 1847/2694/1847 1821/2069/1821
vt 0.442563 0.551107
vt 0.444647 0.535662
f 1867/2695/1867 1986/2696/1986 1959/2668/1959
vt 0.451325 0.530583
f 1986/2696/1986 2003/2697/2003 1959/2668/1959
f 2036/2682/2036 2004/2675/2004 1961/2071/1961
f 2004/2675/2004 1962/2669/1962 1961/2071/1961
vt 0.464958 0.526214
f 1962/2669/1962 2005/2698/2005 1963/2671/1963
f 2081/2684/2081 2004/2675/2004 2036/2682/2036
f 2080/2685/2080 2081/2684/2081 2036/2682/2036
vt 0.445263 0.527646
f 2128/2686/2128 2080/2685/2080 2035/2699/2035
f 2128/2686/2128 2035/2699/2035 2079/2689/2079
vt 0.440673 0.531052
f 2127/2687/2127 2079/2689/2079 2034/2700/2034
vt 0.436951 0.534448
f 2127/2687/2127 2034/2700/2034 2033/2701/2033
f 2125/2690/2125 2127/2687/2127 2033/2701/2033
vt 0.420947 0.531436
f 2125/2690/2125 2033/2701/2033 2032/2702/2032
f 2078/2692/2078 2125/2690/2125 2032/2702/2032
f 2106/2666/2106 1911/2693/1911 1936/2680/1936
f 1986/2696/1986 2035/2699/2035 2003/2697/2003
f 2035/2699/2035 2080/2685/2080 2003/2697/2003
f 2034/2700/2034 2035/2699/2035 1986/2696/1986
vt 0.427221 0.540519
vt 0.435458 0.545411
f 1937/2703/1937 2033/2701/2033 1938/2704/1938
f 2032/2702/2032 1937/2703/1937 1911/2693/1911
f 2032/2702/2032 1911/2693/1911 2106/2666/2106
f 2078/2692/2078 2032/2702/2032 2106/2666/2106
f 2032/2702/2032 2033/2701/2033 1937/2703/1937
f 1911/2693/1911 1937/2703/1937 1888/2681/1888
vt 0.432866 0.550989
f 1937/2703/1937 1912/2705/1912 1888/2681/1888
f 1912/2705/1912 1847/2694/1847 1888/2681/1888
f 1938/2704/1938 1867/2695/1867 1912/2705/1912
f 1912/2705/1912 1867/2695/1867 1847/2694/1847
f 1937/2703/1937 1938/2704/1938 1912/2705/1912
f 2033/2701/2033 1867/2695/1867 1938/2704/1938
f 2033/2701/2033 1986/2696/1986 1867/2695/1867
f 2033/2701/2033 2034/2700/2034 1986/2696/1986
f 2034/2700/2034 2079/2689/2079 2035/2699/2035
f 2004/2675/2004 2129/2674/2129 2005/2698/2005
f 1963/2671/1963 2005/2698/2005 2145/2683/2145
f 2004/2675/2004 2005/2698/2005 1962/2669/1962
f 2003/2697/2003 2080/2685/2080 2036/2682/2036
f 1847/2694/1847 1867/2695/1867 1821/2069/1821
f 1936/2680/1936 1911/2693/1911 1820/2679/1820
f 2219/2665/2219 2125/2690/2125 2078/2692/2078
f 2126/2664/2126 2187/2688/2187 2127/2687/2127
f 2187/2688/2187 2128/2686/2128 2079/2689/2079
vt 0.431832 0.494391
f 2187/2688/2187 2220/2706/2220 2128/2686/2128
f 2220/2706/2220 2107/2678/2107 2128/2686/2128
vt 0.465877 0.514722
f 2005/2698/2005 2129/2674/2129 2144/2707/2144
vt 0.462977 0.499690
f 2267/2708/2267 2144/2707/2144 2129/2674/2129
f 2005/2698/2005 2144/2707/2144 2145/2683/2145
f 1959/2668/1959 2003/2697/2003 2036/2682/2036
f 1888/2681/1888 1847/2694/1847 1692/2667/1692
f 2311/388/2311 2186/2691/2186 2106/2666/2106
f 2186/2691/2186 2219/2665/2219 2078/2692/2078
f 2219/2665/2219 2126/2664/2126 2125/2690/2125
f 2336/384/2336 2187/2688/2187 2126/2664/2126
f 2220/2706/2220 2187/2688/2187 2337/383/2337
f 2266/380/2266 2221/2677/2221 2220/2706/2220
f 2220/2706/2220 2221/2677/2221 2107/2678/2107
f 2243/1085/2243 2166/2676/2166 2221/2677/2221
f 2267/2708/2267 2145/2683/2145 2144/2707/2144
vt 0.467126 0.478597
vt 0.472084 0.486931
f 2412/2709/2412 2339/2710/2339 2145/2683/2145
f 2375/1086/2375 2243/1085/2243 2221/2677/2221
f 2243/1085/2243 2338/1084/2338 2244/2672/2244
f 2338/1084/2338 2411/1082/2411 2244/2672/2244
vt 0.458458 0.471734
f 2376/2711/2376 2412/2709/2412 2267/2708/2267
vt 0.480496 0.467029
f 2339/2710/2339 2414/2712/2414 2289/2454/2289
vt 0.490475 0.483145
f 2414/2712/2414 2363/2713/2363 2289/2454/2289
vt 0.505605 0.489253
f 2364/2467/2364 2340/2714/2340 2189/2466/2189
vt 0.517951 0.489368
vt 0.519737 0.508682
f 2342/2715/2342 2190/2465/2190 2167/2716/2167
vt 0.534845 0.506897
f 2108/2468/2108 2191/2717/2191 2109/2462/2109
f 2109/2462/2109 2191/2717/2191 2222/2469/2222
vt 0.543682 0.472069
f 2222/2469/2222 2395/2718/2395 2291/2460/2291
vt 0.546821 0.451904
f 2395/2718/2395 2476/2719/2476 2538/2441/2538
vt 0.547118 0.438736
f 2476/2719/2476 2614/2720/2614 2538/2441/2538
f 2614/2720/2614 2629/2470/2629 2538/2441/2538
vt 0.529644 0.483826
vt 0.534347 0.453844
vt 0.535807 0.483168
f 2245/2721/2245 2394/2722/2394 2315/2723/2315
vt 0.527600 0.491046
f 2290/2724/2290 2191/2717/2191 2108/2468/2108
vt 0.519736 0.485016
f 2342/2715/2342 2343/2725/2343 2190/2465/2190
f 2290/2724/2290 2245/2721/2245 2191/2717/2191
vt 0.506862 0.461187
vt 0.514355 0.484762
vt 0.513915 0.495982
f 2436/2726/2436 2341/2727/2341 2314/2728/2314
f 2436/2726/2436 2314/2728/2314 2340/2714/2340
vt 0.496104 0.453342
f 2435/2729/2435 2364/2467/2364 2363/2713/2363
vt 0.465129 0.453401
f 2534/2730/2534 2339/2710/2339 2412/2709/2412
vt 0.472853 0.465867
f 2534/2730/2534 2413/2731/2413 2339/2710/2339
vt 0.479949 0.449687
f 2413/2731/2413 2518/2732/2518 2414/2712/2414
vt 0.488798 0.435386
f 2518/2732/2518 2596/2733/2596 2414/2712/2414
f 2596/2733/2596 2435/2729/2435 2414/2712/2414
f 2435/2729/2435 2340/2714/2340 2364/2467/2364
f 2435/2729/2435 2436/2726/2436 2340/2714/2340
vt 0.508179 0.451770
f 2436/2726/2436 2496/2734/2496 2341/2727/2341
vt 0.511767 0.452287
f 2496/2734/2496 2519/2735/2519 2343/2725/2343
vt 0.522995 0.468086
f 2519/2735/2519 2377/2736/2377 2343/2725/2343
f 2377/2736/2377 2245/2721/2245 2290/2724/2290
vt 0.489385 0.422920
f 2596/2733/2596 2627/2737/2627 2435/2729/2435
vt 0.502195 0.440155
f 2578/2738/2578 2496/2734/2496 2436/2726/2436
vt 0.515855 0.437255
f 2558/2739/2558 2377/2736/2377 2519/2735/2519
vt 0.525482 0.452730
f 2377/2736/2377 2536/2740/2536 2245/2721/2245
f 2245/2721/2245 2536/2740/2536 2394/2722/2394
vt 0.531834 0.431249
f 2536/2740/2536 2537/2741/2537 2394/2722/2394
vt 0.547699 0.386973
vt 0.548686 0.416183
vt 0.541370 0.423127
f 2755/2742/2755 2655/2743/2655 2613/2744/2613
vt 0.555951 0.398983
f 2655/2743/2655 2756/2745/2756 2629/2470/2629
f 2629/2470/2629 2756/2745/2756 2559/2442/2559
vt 0.559552 0.406446
vt 0.560338 0.423203
f 2559/2442/2559 2723/2746/2723 2630/2747/2630
f 2630/2747/2630 2723/2746/2723 2736/2471/2736
vt 0.559643 0.391658
f 2790/2748/2790 2736/2471/2736 2723/2746/2723
vt 0.556252 0.377292
f 2851/2749/2851 2723/2746/2723 2756/2745/2756
f 2851/2749/2851 2790/2748/2790 2723/2746/2723
vt 0.592971 0.383607
f 2737/2517/2737 2773/2750/2773 2633/2430/2633
f 2633/2430/2633 2773/2750/2773 2757/2516/2757
f 2757/2516/2757 2817/2546/2817 2758/2545/2758
f 2757/2516/2757 2773/2750/2773 2817/2546/2817
f 2882/2541/2882 2924/2547/2924 2883/2542/2883
vt 0.617082 0.342256
f 2958/2751/2958 2905/2539/2905 2924/2547/2924
f 2958/2751/2958 2925/2549/2925 2905/2539/2905
vt 0.626925 0.330063
f 2998/2752/2998 2926/2550/2926 2925/2549/2925
f 2998/2752/2998 2925/2549/2925 2958/2751/2958
vt 0.598996 0.331975
f 2958/2751/2958 3022/2753/3022 2998/2752/2998
vt 0.651397 0.333051
f 2982/2754/2982 2873/2551/2873 2926/2550/2926
f 2982/2754/2982 2906/2502/2906 2873/2551/2873
vt 0.590659 0.309185
vt 0.616898 0.306675
f 3022/2753/3022 3054/2755/3054 3119/2756/3119
f 3022/2753/3022 3119/2756/3119 2998/2752/2998
vt 0.600618 0.343564
f 2882/2541/2882 2923/2757/2923 2924/2547/2924
vt 0.593407 0.357156
f 2881/2758/2881 2923/2757/2923 2882/2541/2882
vt 0.585635 0.375608
vt 0.596588 0.369105
f 2773/2750/2773 2840/2759/2840 2853/2760/2853
f 2737/2517/2737 2840/2759/2840 2773/2750/2773
vt 0.581750 0.374098
f 2724/2474/2724 2870/2761/2870 2737/2517/2737
f 2870/2761/2870 2840/2759/2840 2737/2517/2737
f 2840/2759/2840 2881/2758/2881 2853/2760/2853
vt 0.591437 0.348709
f 2881/2758/2881 2957/2762/2957 2923/2757/2923
vt 0.632464 0.317662
vt 0.656951 0.326493
f 3055/2763/3055 3036/2764/3036 2982/2754/2982
f 2982/2754/2982 2983/2561/2983 2906/2502/2906
f 2982/2754/2982 3036/2764/3036 2983/2561/2983
f 3081/2562/3081 3121/2611/3121 3106/2563/3106
f 3036/2764/3036 3081/2562/3081 3023/2559/3023
f 3081/2562/3081 3120/2613/3120 3121/2611/3121
vt 0.644517 0.306245
f 3055/2763/3055 3080/2765/3080 3036/2764/3036
vt 0.620931 0.291905
f 3150/2766/3150 3055/2763/3055 3119/2756/3119
vt 0.592659 0.291392
f 3171/2767/3171 3150/2766/3150 3119/2756/3119
f 3080/2765/3080 3081/2562/3081 3036/2764/3036
vt 0.621064 0.285574
f 3172/2768/3172 3080/2765/3080 3150/2766/3150
f 3172/2768/3172 3194/2640/3194 3375/2616/3375
f 3375/2616/3375 3363/2615/3363 3172/2768/3172
f 3120/2613/3120 3172/2768/3172 3363/2615/3363
f 3120/2613/3120 3081/2562/3081 3080/2765/3080
f 3080/2765/3080 3172/2768/3172 3120/2613/3120
vt 0.612721 0.199717
f 3453/2769/3453 3375/2616/3375 3387/2639/3387
vt 0.626562 0.209673
f 3453/2769/3453 3404/2770/3404 3375/2616/3375
vt 0.627045 0.197011
f 3440/2771/3440 3404/2770/3404 3453/2769/3453
f 3491/2637/3491 3440/2771/3440 3453/2769/3453
vt 0.659860 0.195646
f 3388/2617/3388 3440/2771/3440 3454/2772/3454
f 3404/2770/3404 3440/2771/3440 3388/2617/3388
vt 0.678165 0.218566
f 3388/2617/3388 3383/2773/3383 3363/2615/3363
vt 0.678864 0.199911
f 3442/2774/3442 3292/2614/3292 3383/2773/3383
f 3442/2774/3442 3425/2618/3425 3292/2614/3292
vt 0.669858 0.199580
f 3454/2772/3454 3441/2775/3441 3388/2617/3388
vt 0.625960 0.189210
f 3440/2771/3440 3474/2776/3474 3454/2772/3454
vt 0.664720 0.188249
f 3474/2776/3474 3466/2777/3466 3454/2772/3454
vt 0.679117 0.190661
f 3456/2629/3456 3455/2778/3455 3727/2630/3727
f 3455/2778/3455 3456/2629/3456 3442/2774/3442
f 3442/2774/3442 3466/2777/3466 3455/2778/3455
vt 0.704584 0.000000
f 3466/2777/3466 3726/2779/3726 3455/2778/3455
f 3454/2772/3454 3466/2777/3466 3441/2775/3441
vt 0.674024 0.000000
f 3466/2777/3466 3724/2780/3724 3726/2779/3726
vt 0.687606 0.000000
f 3724/2780/3724 3725/2781/3725 3726/2779/3726
vt 0.641766 0.081712
vt 0.660441 0.000000
f 3657/2782/3657 3722/2635/3722 3723/2783/3723
vt 0.622407 0.178951
f 3483/2784/3483 3657/2782/3657 3723/2783/3723
f 3483/2784/3483 3723/2783/3723 3474/2776/3474
f 3492/2636/3492 3474/2776/3474 3491/2637/3491
f 3491/2637/3491 3474/2776/3474 3440/2771/3440
f 3474/2776/3474 3723/2783/3723 3466/2777/3466
vt 0.670628 0.027237
f 3466/2777/3466 3723/2783/3723 3679/2785/3679
f 3466/2777/3466 3679/2785/3679 3724/2780/3724
f 3492/2636/3492 3483/2784/3483 3474/2776/3474
f 3492/2636/3492 3657/2782/3657 3483/2784/3483
f 3723/2783/3723 3724/2780/3724 3679/2785/3679
f 3441/2775/3441 3466/2777/3466 3442/2774/3442
f 3441/2775/3441 3442/2774/3442 3383/2773/3383
f 3456/2629/3456 3425/2618/3425 3442/2774/3442
f 3456/2629/3456 3405/2620/3405 3425/2618/3425
f 3441/2775/3441 3383/2773/3383 3388/2617/3388
f 3194/2640/3194 3387/2639/3387 3375/2616/3375
vt 0.586459 0.333122
f 3054/2755/3054 3021/2786/3021 3105/2644/3105
f 3105/2644/3105 3170/2642/3170 3054/2755/3054
f 3105/2644/3105 3021/2786/3021 3020/2645/3020
vt 0.554680 0.328032
vt 0.558662 0.327453
vt 0.562176 0.348155
f 2968/2787/2968 3019/2788/3019 2956/2789/2956
vt 0.545541 0.325758
vt 0.553621 0.348506
f 3018/2790/3018 2968/2787/2968 2941/2791/2941
f 3017/2647/3017 3018/2790/3018 2941/2791/2941
vt 0.543833 0.346096
f 2980/2646/2980 2981/2648/2981 2904/2792/2904
vt 0.534767 0.331890
f 2980/2646/2980 2904/2792/2904 2996/2793/2996
vt 0.537053 0.387162
vt 0.509138 0.391111
vt 0.524613 0.368567
f 2754/2794/2754 2806/2795/2806 2816/2796/2816
vt 0.519305 0.412576
f 2654/2797/2654 2806/2795/2806 2754/2794/2754
f 2654/2797/2654 2754/2794/2754 2613/2744/2613
f 2654/2797/2654 2613/2744/2613 2537/2741/2537
vt 0.505478 0.421819
f 2680/2798/2680 2558/2739/2558 2519/2735/2519
vt 0.500418 0.425271
vt 0.505484 0.436631
f 2653/2799/2653 2579/2800/2579 2578/2738/2578
f 2578/2738/2578 2436/2726/2436 2627/2737/2627
vt 0.462274 0.429157
vt 0.482275 0.412808
vt 0.479902 0.432088
f 2611/2801/2611 2722/2802/2722 2595/2803/2595
vt 0.494697 0.413117
f 2707/2804/2707 2653/2799/2653 2578/2738/2578
vt 0.511001 0.414349
f 2680/2798/2680 2628/2805/2628 2558/2739/2558
vt 0.518788 0.428053
vt 0.521706 0.449534
f 2558/2739/2558 2612/2806/2612 2535/2807/2535
f 2611/2801/2611 2721/2663/2721 2722/2802/2722
vt 0.479014 0.390512
f 2789/2808/2789 2722/2802/2722 2721/2663/2721
vt 0.497726 0.406051
f 2653/2799/2653 2679/2809/2679 2579/2800/2579
f 2679/2809/2679 2680/2798/2680 2579/2800/2579
f 2628/2805/2628 2654/2797/2654 2612/2806/2612
f 2612/2806/2612 2654/2797/2654 2537/2741/2537
vt 0.497617 0.398378
vt 0.506059 0.400043
f 2771/2810/2771 2735/2811/2735 2680/2798/2680
vt 0.491483 0.390096
f 2734/2812/2734 2679/2809/2679 2653/2799/2653
f 2789/2808/2789 2707/2804/2707 2627/2737/2627
f 2789/2808/2789 2770/2658/2770 2707/2804/2707
f 2734/2812/2734 2771/2810/2771 2679/2809/2679
f 2806/2795/2806 2654/2797/2654 2628/2805/2628
vt 0.501946 0.378865
f 2828/2813/2828 2806/2795/2806 2735/2811/2735
f 2828/2813/2828 2735/2811/2735 2771/2810/2771
vt 0.489921 0.365161
f 2899/2814/2899 2828/2813/2828 2771/2810/2771
vt 0.471178 0.359813
f 2850/2815/2850 2789/2808/2789 2839/2661/2839
f 2850/2815/2850 2770/2658/2770 2789/2808/2789
vt 0.484522 0.356573
f 2935/2816/2935 2771/2810/2771 2734/2812/2734
f 2935/2816/2935 2899/2814/2899 2771/2810/2771
f 2992/2656/2992 2770/2658/2770 2850/2815/2850
f 2770/2658/2770 2878/2657/2878 2734/2812/2734
f 2878/2657/2878 2935/2816/2935 2734/2812/2734
vt 0.502966 0.362209
f 2879/2817/2879 2816/2796/2816 2806/2795/2806
vt 0.494550 0.356866
f 2899/2814/2899 2900/2818/2900 2828/2813/2828
f 2900/2818/2900 2919/2655/2919 2828/2813/2828
f 2919/2655/2919 2879/2817/2879 2828/2813/2828
vt 0.516980 0.359406
f 2867/2819/2867 2816/2796/2816 2879/2817/2879
f 2920/2654/2920 2867/2819/2867 2879/2817/2879
f 2920/2654/2920 2939/2652/2939 2867/2819/2867
f 2828/2813/2828 2879/2817/2879 2806/2795/2806
f 2918/2660/2918 2850/2815/2850 2839/2661/2839
f 2735/2811/2735 2806/2795/2806 2628/2805/2628
f 2839/2661/2839 2789/2808/2789 2721/2663/2721
f 2770/2658/2770 2734/2812/2734 2707/2804/2707
f 2735/2811/2735 2628/2805/2628 2680/2798/2680
f 2771/2810/2771 2680/2798/2680 2679/2809/2679
f 2734/2812/2734 2653/2799/2653 2707/2804/2707
f 2789/2808/2789 2627/2737/2627 2722/2802/2722
f 2628/2805/2628 2612/2806/2612 2558/2739/2558
f 2707/2804/2707 2578/2738/2578 2627/2737/2627
f 2722/2802/2722 2627/2737/2627 2596/2733/2596
f 2534/2730/2534 2611/2801/2611 2595/2803/2595
f 2722/2802/2722 2596/2733/2596 2595/2803/2595
f 2627/2737/2627 2436/2726/2436 2435/2729/2435
f 2579/2800/2579 2519/2735/2519 2496/2734/2496
f 2535/2807/2535 2536/2740/2536 2377/2736/2377
f 2558/2739/2558 2535/2807/2535 2377/2736/2377
f 2578/2738/2578 2579/2800/2579 2496/2734/2496
f 2579/2800/2579 2680/2798/2680 2519/2735/2519
f 2612/2806/2612 2536/2740/2536 2535/2807/2535
f 2612/2806/2612 2537/2741/2537 2536/2740/2536
vt 0.540316 0.370252
f 2754/2794/2754 2829/2820/2829 2755/2742/2755
vt 0.553825 0.375330
f 2755/2742/2755 2830/2821/2830 2756/2745/2756
f 2830/2821/2830 2851/2749/2851 2756/2745/2756
vt 0.559211 0.371726
f 2790/2748/2790 2868/2822/2868 2736/2471/2736
f 2957/2762/2957 3021/2786/3021 3022/2753/3022
vt 0.582535 0.346711
f 2942/2823/2942 3021/2786/3021 2957/2762/2957
f 2840/2759/2840 2957/2762/2957 2881/2758/2881
f 2840/2759/2840 2870/2761/2870 2957/2762/2957
vt 0.571656 0.384169
f 2772/2824/2772 2870/2761/2870 2724/2474/2724
f 2656/2433/2656 2772/2824/2772 2724/2474/2724
vt 0.533895 0.356331
f 2754/2794/2754 2902/2825/2902 2829/2820/2829
f 2816/2796/2816 2902/2825/2902 2754/2794/2754
vt 0.523317 0.353005
f 2867/2819/2867 2901/2826/2901 2816/2796/2816
vt 0.524814 0.344657
f 2901/2826/2901 2939/2652/2939 2940/2827/2940
f 2979/2651/2979 2940/2827/2940 2939/2652/2939
f 2867/2819/2867 2939/2652/2939 2901/2826/2901
f 2816/2796/2816 2901/2826/2901 2902/2825/2902
vt 0.530340 0.340989
f 2967/2828/2967 2902/2825/2902 2940/2827/2940
vt 0.542334 0.363543
f 2903/2829/2903 2755/2742/2755 2829/2820/2829
vt 0.550360 0.360084
f 2903/2829/2903 2880/2830/2880 2755/2742/2755
f 2880/2830/2880 2830/2821/2830 2755/2742/2755
f 2708/2472/2708 2772/2824/2772 2656/2433/2656
vt 0.564305 0.361555
f 2869/2831/2869 2772/2824/2772 2708/2472/2708
f 2967/2828/2967 2903/2829/2903 2902/2825/2902
f 2967/2828/2967 2904/2792/2904 2903/2829/2903
f 2904/2792/2904 2880/2830/2880 2903/2829/2903
vt 0.554470 0.360765
f 2941/2791/2941 2868/2822/2868 2921/2832/2921
vt 0.567707 0.354122
f 2869/2831/2869 2852/2833/2852 2772/2824/2772
f 2996/2793/2996 2904/2792/2904 2967/2828/2967
f 2904/2792/2904 2981/2648/2981 2880/2830/2880
f 2981/2648/2981 2921/2832/2921 2880/2830/2880
f 3017/2647/3017 2921/2832/2921 2981/2648/2981
f 3017/2647/3017 2941/2791/2941 2921/2832/2921
f 2941/2791/2941 2956/2789/2956 2869/2831/2869
vt 0.574399 0.355169
f 2852/2833/2852 2922/2834/2922 2772/2824/2772
f 2922/2834/2922 2870/2761/2870 2772/2824/2772
f 2968/2787/2968 2956/2789/2956 2941/2791/2941
f 2942/2823/2942 3020/2645/3020 3021/2786/3021
vt 0.573912 0.337561
f 2969/2835/2969 2922/2834/2922 2852/2833/2852
f 2922/2834/2922 2969/2835/2969 2942/2823/2942
f 2969/2835/2969 3020/2645/3020 2942/2823/2942
f 2922/2834/2922 2942/2823/2942 2870/2761/2870
f 3021/2786/3021 3054/2755/3054 3022/2753/3022
vt 0.569317 0.331900
f 2997/2836/2997 2969/2835/2969 2852/2833/2852
f 3019/2788/3019 2852/2833/2852 2956/2789/2956
f 2956/2789/2956 2852/2833/2852 2869/2831/2869
f 2941/2791/2941 2869/2831/2869 2868/2822/2868
f 2880/2830/2880 2851/2749/2851 2830/2821/2830
f 2880/2830/2880 2921/2832/2921 2851/2749/2851
f 2868/2822/2868 2869/2831/2869 2708/2472/2708
f 2921/2832/2921 2868/2822/2868 2851/2749/2851
f 2902/2825/2902 2903/2829/2903 2829/2820/2829
f 2901/2826/2901 2940/2827/2940 2902/2825/2902
f 2851/2749/2851 2868/2822/2868 2790/2748/2790
f 2870/2761/2870 2942/2823/2942 2957/2762/2957
f 2868/2822/2868 2708/2472/2708 2736/2471/2736
f 2979/2651/2979 2967/2828/2967 2940/2827/2940
f 3019/2788/3019 2997/2836/2997 2852/2833/2852
f 2997/2836/2997 3020/2645/3020 2969/2835/2969
f 3171/2767/3171 3172/2768/3172 3150/2766/3150
f 3170/2642/3170 3194/2640/3194 3171/2767/3171
f 3054/2755/3054 3170/2642/3170 3171/2767/3171
f 3171/2767/3171 3194/2640/3194 3172/2768/3172
f 3054/2755/3054 3171/2767/3171 3119/2756/3119
f 3150/2766/3150 3080/2765/3080 3055/2763/3055
f 3036/2764/3036 3023/2559/3023 2983/2561/2983
f 2957/2762/2957 3022/2753/3022 2923/2757/2923
f 2924/2547/2924 2923/2757/2923 2958/2751/2958
f 2998/2752/2998 3119/2756/3119 3055/2763/3055
f 2998/2752/2998 3055/2763/3055 2926/2550/2926
f 2926/2550/2926 3055/2763/3055 2982/2754/2982
f 2923/2757/2923 3022/2753/3022 2958/2751/2958
f 2853/2760/2853 2881/2758/2881 2882/2541/2882
f 2756/2745/2756 2723/2746/2723 2559/2442/2559
f 2755/2742/2755 2756/2745/2756 2655/2743/2655
f 2754/2794/2754 2755/2742/2755 2613/2744/2613
f 2534/2730/2534 2595/2803/2595 2518/2732/2518
f 2534/2730/2534 2518/2732/2518 2413/2731/2413
f 2595/2803/2595 2596/2733/2596 2518/2732/2518
f 2496/2734/2496 2342/2715/2342 2341/2727/2341
f 2496/2734/2496 2343/2725/2343 2342/2715/2342
f 2343/2725/2343 2377/2736/2377 2290/2724/2290
f 2414/2712/2414 2435/2729/2435 2363/2713/2363
f 2314/2728/2314 2341/2727/2341 2167/2716/2167
f 2343/2725/2343 2290/2724/2290 2190/2465/2190
f 2190/2465/2190 2290/2724/2290 2108/2468/2108
vt 0.543396 0.446435
f 2537/2741/2537 2613/2744/2613 2520/2837/2520
f 2394/2722/2394 2537/2741/2537 2520/2837/2520
vt 0.540897 0.465586
f 2394/2722/2394 2437/2838/2437 2315/2723/2315
f 2191/2717/2191 2315/2723/2315 2222/2469/2222
f 2315/2723/2315 2395/2718/2395 2222/2469/2222
f 2520/2837/2520 2476/2719/2476 2395/2718/2395
f 2476/2719/2476 2520/2837/2520 2614/2720/2614
f 2394/2722/2394 2520/2837/2520 2437/2838/2437
f 2520/2837/2520 2613/2744/2613 2614/2720/2614
f 2437/2838/2437 2520/2837/2520 2395/2718/2395
f 2315/2723/2315 2437/2838/2437 2395/2718/2395
f 2245/2721/2245 2315/2723/2315 2191/2717/2191
f 2613/2744/2613 2655/2743/2655 2614/2720/2614
f 2614/2720/2614 2655/2743/2655 2629/2470/2629
f 2341/2727/2341 2342/2715/2342 2167/2716/2167
f 2339/2710/2339 2413/2731/2413 2414/2712/2414
f 2243/1085/2243 2244/2672/2244 2166/2676/2166
f 2411/1082/2411 2288/2673/2288 2244/2672/2244
f 2376/2711/2376 2267/2708/2267 2288/2673/2288
f 2267/2708/2267 2412/2709/2412 2145/2683/2145
f 2375/1086/2375 2221/2677/2221 2266/380/2266
f 2166/2676/2166 2004/2675/2004 2081/2684/2081
f 2288/2673/2288 2267/2708/2267 2129/2674/2129
f 2145/2683/2145 2289/2454/2289 2051/2453/2051
f 2339/2710/2339 2289/2454/2289 2145/2683/2145
f 1962/2669/1962 1963/2671/1963 1939/2670/1939
f 1959/2668/1959 2036/2682/2036 1960/2070/1960
f 1867/2695/1867 1959/2668/1959 1821/2069/1821
f 2106/2666/2106 1936/2680/1936 2002/389/2002
vt 0.393928 0.491673
f 2242/2839/2242 2186/2691/2186 2311/388/2311
f 2287/386/2287 2219/2665/2219 2186/2691/2186
f 2336/384/2336 2337/383/2337 2187/2688/2187
f 2313/381/2313 2220/2706/2220 2337/383/2337
f 2411/1082/2411 2376/2711/2376 2288/2673/2288
vt 0.461274 0.446517
f 2517/1083/2517 2533/2840/2533 2376/2711/2376
vt 0.452428 0.436783
f 2593/1081/2593 2557/2841/2557 2517/1083/2517
vt 0.402930 0.425378
f 2576/2842/2576 2495/377/2495 2456/1076/2456
vt 0.397662 0.423997
f 2626/2843/2626 2494/1068/2494 2609/1075/2609
vt 0.384032 0.414176
f 2677/2844/2677 2608/1067/2608 2676/1074/2676
vt 0.363207 0.392317
f 2704/1073/2704 2766/2845/2766 2689/1071/2689
vt 0.340676 0.389874
vt 0.340860 0.398082
vt 0.335197 0.399295
f 2787/2846/2787 2719/2847/2719 2786/2848/2786
vt 0.328134 0.382918
vt 0.331410 0.391580
vt 0.330345 0.400779
f 2765/2849/2765 2803/2850/2803 2750/2851/2750
vt 0.323778 0.373085
f 2785/2852/2785 2765/2849/2765 2750/2851/2750
f 2703/1064/2703 2766/2845/2766 2704/1073/2704
vt 0.376555 0.397435
f 2689/1071/2689 2767/2853/2767 2648/1070/2648
f 2767/2853/2767 2676/1074/2676 2648/1070/2648
vt 0.383257 0.400345
f 2768/2854/2768 2609/1075/2609 2677/2844/2677
f 2677/2844/2677 2609/1075/2609 2608/1067/2608
vt 0.423734 0.423548
f 2649/2855/2649 2515/378/2515 2495/377/2495
vt 0.457372 0.423853
f 2594/2856/2594 2533/2840/2533 2517/1083/2517
f 2557/2841/2557 2594/2856/2594 2517/1083/2517
vt 0.437755 0.409661
f 2610/2857/2610 2593/1081/2593 2577/1080/2577
vt 0.435670 0.419896
f 2651/2858/2651 2610/2857/2610 2577/1080/2577
vt 0.427098 0.415687
f 2650/2859/2650 2651/2858/2651 2556/1077/2556
vt 0.417573 0.411028
f 2705/2860/2705 2649/2855/2649 2495/377/2495
f 2495/377/2495 2576/2842/2576 2705/2860/2705
vt 0.379618 0.396508
f 2788/2861/2788 2768/2854/2768 2677/2844/2677
f 2788/2861/2788 2677/2844/2677 2676/1074/2676
f 2767/2853/2767 2788/2861/2788 2676/1074/2676
vt 0.364292 0.379050
f 2814/2862/2814 2689/1071/2689 2766/2845/2766
vt 0.359631 0.375386
f 2824/2863/2824 2766/2845/2766 2703/1064/2703
vt 0.352545 0.352048
f 2813/2864/2813 2824/2863/2824 2703/1064/2703
f 2824/2863/2824 2814/2862/2814 2766/2845/2766
vt 0.371186 0.376891
f 2814/2862/2814 2862/2865/2862 2689/1071/2689
f 2862/2865/2862 2767/2853/2767 2689/1071/2689
vt 0.390306 0.399670
f 2768/2854/2768 2752/2866/2752 2609/1075/2609
vt 0.395533 0.405260
f 2752/2866/2752 2720/2867/2720 2626/2843/2626
f 2720/2867/2720 2576/2842/2576 2626/2843/2626
vt 0.445452 0.409055
f 2652/2868/2652 2593/1081/2593 2610/2857/2610
f 2593/1081/2593 2652/2868/2652 2557/2841/2557
f 2594/2856/2594 2611/2801/2611 2533/2840/2533
f 2533/2840/2533 2611/2801/2611 2534/2730/2534
vt 0.448777 0.405128
f 2733/2869/2733 2594/2856/2594 2557/2841/2557
vt 0.408752 0.384729
vt 0.420016 0.392052
f 2838/2870/2838 2769/2871/2769 2705/2860/2705
vt 0.426206 0.377687
vt 0.432168 0.402717
f 2769/2871/2769 2827/2872/2827 2706/2873/2706
vt 0.430966 0.384310
f 2827/2872/2827 2804/2874/2804 2706/2873/2706
vt 0.441524 0.380894
f 2610/2857/2610 2815/2875/2815 2652/2868/2652
vt 0.452054 0.388884
vt 0.456978 0.400693
f 2753/2876/2753 2678/2877/2678 2594/2856/2594
f 2805/2662/2805 2721/2663/2721 2678/2877/2678
vt 0.416371 0.376424
f 2838/2870/2838 2826/2878/2826 2769/2871/2769
vt 0.390498 0.382849
f 2720/2867/2720 2825/2879/2825 2838/2870/2838
vt 0.343680 0.364248
f 2860/2880/2860 2813/2864/2813 2703/1064/2703
vt 0.309237 0.361886
vt 0.309493 0.346547
vt 0.317049 0.383232
f 2894/2881/2894 2962/2882/2962 2764/2883/2764
vt 0.275658 0.402288
vt 0.309283 0.382728
vt 0.288852 0.422268
f 2701/2884/2701 2749/2885/2749 2624/2886/2624
vt 0.264749 0.390805
vt 0.268512 0.413402
f 2783/2887/2783 2701/2884/2701 2687/2888/2687
vt 0.278166 0.430049
vt 0.237549 0.460292
f 2687/2888/2687 2552/2889/2552 2453/2890/2453
vt 0.222970 0.467370
f 2453/2890/2453 2218/1042/2218 2407/2891/2407
f 2309/1022/2309 2491/1041/2491 2407/2891/2407
vt 0.213115 0.443282
f 2510/2892/2510 2453/2890/2453 2407/2891/2407
f 2510/2892/2510 2407/2891/2407 2491/1041/2491
f 2670/516/2670 2644/1039/2644 2588/1038/2588
f 2718/517/2718 2670/516/2670 2588/1038/2588
f 2781/576/2781 2686/578/2686 2509/1036/2509
f 2686/578/2686 2551/1040/2551 2509/1036/2509
f 2747/512/2747 2731/514/2731 2644/1039/2644
f 2670/516/2670 2747/512/2747 2644/1039/2644
f 2801/574/2801 2747/512/2747 2670/516/2670
f 2731/514/2731 2811/513/2811 2671/1035/2671
f 2453/2890/2453 2783/2887/2783 2687/2888/2687
vt 0.205394 0.430397
f 2606/2893/2606 2783/2887/2783 2453/2890/2453
f 2510/2892/2510 2606/2893/2606 2453/2890/2453
vt 0.246258 0.384229
f 2606/2893/2606 2782/2894/2782 2783/2887/2783
vt 0.260341 0.380090
f 2783/2887/2783 2782/2894/2782 2802/2895/2802
vt 0.272466 0.377719
f 2701/2884/2701 2835/2896/2835 2749/2885/2749
vt 0.299511 0.344028
f 2835/2896/2835 3042/2897/3042 2749/2885/2749
f 3042/2897/3042 2894/2881/2894 2749/2885/2749
f 2962/2882/2962 2785/2852/2785 2764/2883/2764
vt 0.335453 0.363010
vt 0.338379 0.357367
vt 0.341660 0.378807
f 2877/2898/2877 2896/2899/2896 2836/2900/2836
vt 0.333863 0.335482
f 3007/2901/3007 2896/2899/2896 2877/2898/2877
vt 0.329606 0.337606
f 3006/2902/3006 3007/2901/3007 2877/2898/2877
vt 0.302014 0.341428
f 2947/2903/2947 2894/2881/2894 3042/2897/3042
vt 0.259737 0.357515
f 2835/2896/2835 2893/2904/2893 3042/2897/3042
vt 0.289990 0.306936
f 2893/2904/2893 3157/2905/3157 3042/2897/3042
f 2947/2903/2947 2962/2882/2962 2894/2881/2894
vt 0.317556 0.334192
vt 0.322235 0.347060
vt 0.317977 0.346494
f 3028/2906/3028 2948/2907/2948 2930/2908/2930
vt 0.341495 0.346804
f 2949/2909/2949 2813/2864/2813 2860/2880/2860
vt 0.357932 0.354130
f 2813/2864/2813 2932/2910/2932 2824/2863/2824
f 2932/2910/2932 2814/2862/2814 2824/2863/2824
vt 0.374516 0.375765
f 2862/2865/2862 2837/2911/2837 2767/2853/2767
f 2752/2866/2752 2825/2879/2825 2720/2867/2720
vt 0.385547 0.373780
f 2864/2912/2864 2752/2866/2752 2768/2854/2768
vt 0.377477 0.369980
f 2863/2913/2863 2864/2912/2864 2768/2854/2768
f 2837/2911/2837 2863/2913/2863 2788/2861/2788
vt 0.361158 0.352528
f 2932/2910/2932 2861/2914/2861 2814/2862/2814
vt 0.365741 0.345077
f 2950/2915/2950 2862/2865/2862 2861/2914/2861
vt 0.370344 0.354688
f 2914/2916/2914 2837/2911/2837 2862/2865/2862
vt 0.404221 0.361515
f 2865/2917/2865 2826/2878/2826 2838/2870/2838
f 2826/2878/2826 2827/2872/2827 2769/2871/2769
vt 0.442490 0.360987
f 2815/2875/2815 2933/2918/2933 2733/2869/2733
vt 0.448662 0.363513
f 2933/2918/2933 2866/2919/2866 2733/2869/2733
f 2866/2919/2866 2753/2876/2753 2733/2869/2733
f 2866/2919/2866 2805/2662/2805 2753/2876/2753
vt 0.437823 0.353049
f 2917/2920/2917 2933/2918/2933 2815/2875/2815
f 2866/2919/2866 2934/2659/2934 2805/2662/2805
vt 0.423565 0.353610
vt 0.433204 0.345303
f 2916/2921/2916 2964/2922/2964 2917/2920/2917
vt 0.436858 0.329088
f 2991/2923/2991 2933/2918/2933 2917/2920/2917
vt 0.460608 0.333069
f 2934/2659/2934 3010/2924/3010 2918/2660/2918
f 3010/2924/3010 2992/2656/2992 2850/2815/2850
vt 0.484285 0.344791
vt 0.490158 0.344532
f 2955/2925/2955 2936/2926/2936 2899/2814/2899
f 2900/2818/2900 2936/2926/2936 2919/2655/2919
vt 0.513164 0.323279
vt 0.523034 0.316996
f 3014/2927/3014 3016/2928/3016 3015/2650/3015
vt 0.530054 0.315239
f 3066/2929/3066 2980/2646/2980 3016/2928/3016
f 3016/2928/3016 2980/2646/2980 2996/2793/2996
vt 0.536217 0.320387
f 2980/2646/2980 3066/2929/3066 3035/2930/3035
vt 0.537130 0.314842
f 3067/2931/3067 3017/2647/3017 3035/2930/3035
f 3067/2931/3067 3018/2790/3018 3017/2647/3017
vt 0.555083 0.318262
f 3079/2932/3079 3053/2643/3053 3019/2788/3019
vt 0.567930 0.309136
f 3053/2643/3053 3104/2933/3104 3105/2644/3105
f 3104/2933/3104 3169/2641/3169 3105/2644/3105
vt 0.546616 0.296762
vt 0.557777 0.297320
f 3102/2934/3102 3103/2935/3103 3079/2932/3079
vt 0.541559 0.300357
f 3137/2936/3137 3102/2934/3102 3079/2932/3079
vt 0.503317 0.314559
vt 0.512934 0.308912
vt 0.507254 0.317702
f 3051/2937/3051 3077/2938/3077 3052/2939/3052
vt 0.499028 0.321320
f 3051/2937/3051 3052/2939/3052 3034/2940/3034
vt 0.497272 0.328288
vt 0.504870 0.324147
f 2995/2941/2995 3034/2940/3034 3013/2942/3013
vt 0.497382 0.333174
f 2977/2943/2977 2995/2941/2995 3013/2942/3013
vt 0.494551 0.343003
f 2937/2944/2937 2977/2943/2977 2938/2653/2938
f 2919/2655/2919 2937/2944/2937 2938/2653/2938
vt 0.496310 0.319299
f 3065/2945/3065 3034/2940/3034 2995/2941/2995
vt 0.493979 0.328981
f 3065/2945/3065 2995/2941/2995 2994/2946/2994
vt 0.489186 0.328027
vt 0.490346 0.337281
f 3012/2947/3012 2994/2946/2994 2965/2948/2965
vt 0.486650 0.335401
f 2993/2949/2993 3012/2947/3012 2965/2948/2965
vt 0.474864 0.327495
f 3011/2950/3011 2993/2949/2993 2955/2925/2955
vt 0.445942 0.342762
f 2991/2923/2991 2954/2951/2954 2933/2918/2933
vt 0.446059 0.319328
f 3048/2952/3048 2934/2659/2934 2954/2951/2954
vt 0.443732 0.324169
f 3032/2953/3032 3048/2952/3048 2954/2951/2954
f 3032/2953/3032 2954/2951/2954 2991/2923/2991
vt 0.429087 0.339210
vt 0.433513 0.320963
f 2975/2954/2975 3031/2955/3031 2964/2922/2964
f 2916/2921/2916 2804/2874/2804 2827/2872/2827
vt 0.418605 0.350572
f 2898/2956/2898 2827/2872/2827 2826/2878/2826
vt 0.384209 0.342815
f 2952/2957/2952 2865/2917/2865 2838/2870/2838
f 2825/2879/2825 2952/2957/2952 2838/2870/2838
f 2864/2912/2864 2952/2957/2952 2825/2879/2825
vt 0.373283 0.352082
vt 0.374001 0.364867
f 2897/2958/2897 2863/2913/2863 2849/2959/2849
f 2914/2916/2914 2897/2958/2897 2849/2959/2849
f 2950/2915/2950 2914/2916/2914 2862/2865/2862
vt 0.357697 0.333707
f 3044/2960/3044 2861/2914/2861 2932/2910/2932
f 3044/2960/3044 2950/2915/2950 2861/2914/2861
vt 0.380724 0.346892
f 2897/2958/2897 2951/2961/2951 2863/2913/2863
f 2863/2913/2863 2951/2961/2951 2864/2912/2864
vt 0.369271 0.335763
f 2950/2915/2950 3008/2962/3008 2914/2916/2914
f 3008/2962/3008 2897/2958/2897 2914/2916/2914
vt 0.384155 0.329895
vt 0.396481 0.330401
f 3030/2963/3030 2915/2964/2915 2865/2917/2865
f 2952/2957/2952 3030/2963/3030 2865/2917/2865
vt 0.379669 0.329331
f 3029/2965/3029 2952/2957/2952 2951/2961/2951
vt 0.372347 0.309797
f 3131/2966/3131 3029/2965/3029 2897/2958/2897
vt 0.370043 0.314443
f 3093/2967/3093 3131/2966/3131 3008/2962/3008
f 3008/2962/3008 3131/2966/3131 2897/2958/2897
vt 0.388423 0.321280
f 3046/2968/3046 2915/2964/2915 3030/2963/3030
vt 0.407496 0.348680
f 2915/2964/2915 2953/2969/2953 2865/2917/2865
f 2953/2969/2953 2898/2956/2898 2826/2878/2826
f 2898/2956/2898 2916/2921/2916 2827/2872/2827
vt 0.401210 0.322890
f 2915/2964/2915 3073/2970/3073 2953/2969/2953
vt 0.412582 0.338804
f 3073/2970/3073 2973/2971/2973 2953/2969/2953
vt 0.418049 0.336257
f 2963/2972/2963 2916/2921/2916 2898/2956/2898
vt 0.425575 0.343820
f 2916/2921/2916 2974/2973/2974 2964/2922/2964
f 2974/2973/2974 2975/2954/2975 2964/2922/2964
vt 0.435566 0.310690
f 3097/2974/3097 2991/2923/2991 3031/2955/3031
vt 0.449098 0.314421
f 3048/2952/3048 3063/2975/3063 3010/2924/3010
vt 0.467785 0.319966
vt 0.474024 0.336926
f 3049/2976/3049 2976/2977/2976 2992/2656/2992
f 3049/2976/3049 3011/2950/3011 2976/2977/2976
vt 0.468076 0.301901
vt 0.482436 0.322751
f 3033/2978/3033 3075/2979/3075 2993/2949/2993
vt 0.486160 0.325494
vt 0.489682 0.314543
f 3050/2980/3050 3076/2981/3076 3012/2947/3012
f 3012/2947/3012 3076/2981/3076 3065/2945/3065
f 3034/2940/3034 3065/2945/3065 3051/2937/3051
vt 0.503434 0.307458
f 3065/2945/3065 3118/2982/3118 3051/2937/3051
vt 0.514323 0.301491
f 3118/2982/3118 3136/2983/3136 3077/2938/3077
f 3051/2937/3051 3118/2982/3118 3077/2938/3077
vt 0.518171 0.288705
vt 0.529663 0.293760
f 3167/2984/3167 3149/2985/3149 3136/2983/3136
vt 0.528120 0.306060
f 3136/2983/3136 3149/2985/3149 3101/2986/3101
vt 0.534137 0.289608
f 3149/2985/3149 3168/2987/3168 3137/2936/3137
f 3168/2987/3168 3102/2934/3102 3137/2936/3137
f 3236/2638/3236 3104/2933/3104 3103/2935/3103
vt 0.546314 0.277922
f 3193/2988/3193 3103/2935/3103 3102/2934/3102
vt 0.528634 0.282662
vt 0.537922 0.275742
f 3211/2989/3211 3248/2990/3248 3168/2987/3168
f 3211/2989/3211 3168/2987/3168 3167/2984/3167
vt 0.509353 0.286379
f 3178/2991/3178 3211/2989/3211 3167/2984/3167
vt 0.493799 0.302123
vt 0.501028 0.291105
f 3117/2992/3117 3166/2993/3166 3118/2982/3118
vt 0.504904 0.278235
vt 0.521845 0.278599
f 3210/2994/3210 3222/2995/3222 3178/2991/3178
f 3193/2988/3193 3236/2638/3236 3103/2935/3103
f 3236/2638/3236 3169/2641/3169 3104/2933/3104
vt 0.549125 0.260187
f 3278/2996/3278 3236/2638/3236 3193/2988/3193
vt 0.531531 0.264203
f 3222/2995/3222 3210/2994/3210 3247/2997/3247
vt 0.517773 0.254570
f 3210/2994/3210 3291/2998/3291 3247/2997/3247
vt 0.495131 0.241132
f 3256/2999/3256 3291/2998/3291 3210/2994/3210
vt 0.481248 0.259913
vt 0.462260 0.241169
vt 0.479360 0.235316
f 3302/3000/3302 3301/3001/3301 3344/3002/3344
vt 0.436835 0.298478
vt 0.442611 0.284029
vt 0.443814 0.289880
f 3115/3003/3115 3207/3004/3207 3163/3005/3163
vt 0.442938 0.295478
f 3115/3003/3115 3163/3005/3163 3134/3006/3134
vt 0.438245 0.307024
vt 0.445261 0.309752
f 3098/3007/3098 3134/3006/3134 3074/3008/3074
f 3032/2953/3032 3098/3007/3098 3074/3008/3074
f 3032/2953/3032 3074/3008/3074 3048/2952/3048
vt 0.453590 0.311346
f 3099/3009/3099 3010/2924/3010 3063/2975/3063
f 3099/3009/3099 3049/2976/3049 3010/2924/3010
vt 0.466532 0.307583
f 3100/3010/3100 3011/2950/3011 3049/2976/3049
f 3100/3010/3100 3033/2978/3033 3011/2950/3011
f 3076/2981/3076 3117/2992/3117 3065/2945/3065
f 3065/2945/3065 3117/2992/3117 3118/2982/3118
f 3166/2993/3166 3210/2994/3210 3178/2991/3178
vt 0.484959 0.313324
f 3064/3011/3064 3117/2992/3117 3076/2981/3076
vt 0.492274 0.275222
f 3210/2994/3210 3235/3012/3235 3256/2999/3256
vt 0.490941 0.291451
f 3192/3013/3192 3235/3012/3235 3210/2994/3210
vt 0.459060 0.285691
vt 0.458620 0.267494
vt 0.470531 0.286662
f 3165/3014/3165 3234/3015/3234 3191/3016/3191
vt 0.455241 0.278737
vt 0.450183 0.281394
f 3209/3017/3209 3165/3014/3165 3208/3018/3208
vt 0.456085 0.290357
vt 0.450034 0.293162
f 3163/3005/3163 3164/3019/3164 3148/3020/3148
f 3163/3005/3163 3207/3004/3207 3208/3018/3208
vt 0.444505 0.267015
f 3246/3021/3246 3209/3017/3209 3208/3018/3208
f 3246/3021/3246 3234/3015/3234 3209/3017/3209
f 3209/3017/3209 3234/3015/3234 3165/3014/3165
vt 0.472184 0.279566
f 3234/3015/3234 3221/3022/3221 3191/3016/3191
vt 0.458076 0.262221
f 3266/3023/3266 3234/3015/3234 3246/3021/3246
f 3207/3004/3207 3246/3021/3246 3208/3018/3208
vt 0.465687 0.262957
f 3266/3023/3266 3301/3001/3301 3277/3024/3277
f 3302/3000/3302 3256/2999/3256 3235/3012/3235
f 3302/3000/3302 3344/3002/3344 3256/2999/3256
vt 0.444066 0.258289
f 3265/3025/3265 3301/3001/3301 3266/3023/3266
f 3265/3025/3265 3266/3023/3266 3246/3021/3246
f 3266/3023/3266 3277/3024/3277 3234/3015/3234
f 3277/3024/3277 3302/3000/3302 3221/3022/3221
f 3277/3024/3277 3221/3022/3221 3234/3015/3234
f 3134/3006/3134 3163/3005/3163 3148/3020/3148
vt 0.449034 0.306286
f 3074/3008/3074 3116/3026/3116 3063/2975/3063
f 3116/3026/3116 3099/3009/3099 3063/2975/3063
vt 0.458169 0.300826
f 3135/3027/3135 3049/2976/3049 3099/3009/3099
f 3135/3027/3135 3100/3010/3100 3049/2976/3049
f 3148/3020/3148 3135/3027/3135 3099/3009/3099
f 3116/3026/3116 3148/3020/3148 3099/3009/3099
f 3134/3006/3134 3148/3020/3148 3116/3026/3116
f 3164/3019/3164 3135/3027/3135 3148/3020/3148
f 3165/3014/3165 3100/3010/3100 3164/3019/3164
f 3165/3014/3165 3033/2978/3033 3100/3010/3100
f 3191/3016/3191 3075/2979/3075 3033/2978/3033
f 3075/2979/3075 3064/3011/3064 3050/2980/3050
f 3050/2980/3050 3064/3011/3064 3076/2981/3076
f 3165/3014/3165 3191/3016/3191 3033/2978/3033
f 3221/3022/3221 3064/3011/3064 3191/3016/3191
f 3064/3011/3064 3192/3013/3192 3117/2992/3117
f 3191/3016/3191 3064/3011/3064 3075/2979/3075
f 3164/3019/3164 3100/3010/3100 3135/3027/3135
f 3074/3008/3074 3134/3006/3134 3116/3026/3116
f 3163/3005/3163 3208/3018/3208 3164/3019/3164
f 3208/3018/3208 3165/3014/3165 3164/3019/3164
f 3221/3022/3221 3192/3013/3192 3064/3011/3064
f 3302/3000/3302 3192/3013/3192 3221/3022/3221
f 3302/3000/3302 3235/3012/3235 3192/3013/3192
f 3117/2992/3117 3192/3013/3192 3166/2993/3166
f 3192/3013/3192 3210/2994/3210 3166/2993/3166
f 3048/2952/3048 3074/3008/3074 3063/2975/3063
f 2991/2923/2991 3097/2974/3097 3098/3007/3098
vt 0.433279 0.307233
f 3031/2955/3031 3114/3028/3114 3097/2974/3097
f 3115/3003/3115 3098/3007/3098 3097/2974/3097
f 3114/3028/3114 3115/3003/3115 3097/2974/3097
vt 0.435843 0.292457
f 3114/3028/3114 3162/3029/3162 3115/3003/3115
f 3098/3007/3098 3115/3003/3115 3134/3006/3134
f 3162/3029/3162 3207/3004/3207 3115/3003/3115
vt 0.434316 0.274415
f 3162/3029/3162 3233/3030/3233 3207/3004/3207
f 3233/3030/3233 3246/3021/3246 3207/3004/3207
f 3233/3030/3233 3265/3025/3265 3246/3021/3246
vt 0.446543 0.229756
f 3343/3031/3343 3301/3001/3301 3265/3025/3265
vt 0.461965 0.213963
vt 0.451785 0.214850
f 3403/3032/3403 3344/3002/3344 3423/3033/3423
vt 0.430399 0.243198
f 3335/3034/3335 3343/3031/3343 3265/3025/3265
vt 0.426896 0.323816
f 3009/3035/3009 3114/3028/3114 3031/2955/3031
f 2974/2973/2974 3009/3035/3009 2975/2954/2975
vt 0.412789 0.326661
f 3047/3036/3047 2963/2972/2963 2898/2956/2898
vt 0.390553 0.305269
f 3112/3037/3112 2915/2964/2915 3046/2968/3046
vt 0.383223 0.309280
f 3030/2963/3030 3095/3038/3095 3046/2968/3046
f 3095/3038/3095 3112/3037/3112 3046/2968/3046
f 3112/3037/3112 3073/2970/3073 2915/2964/2915
vt 0.414113 0.321404
f 3047/3036/3047 3061/3039/3061 2963/2972/2963
vt 0.423383 0.335380
f 3061/3039/3061 2990/3040/2990 2963/2972/2963
f 2990/3040/2990 3009/3035/3009 2974/2973/2974
vt 0.423658 0.321498
f 2990/3040/2990 3062/3041/3062 3009/3035/3009
vt 0.428620 0.289812
f 3009/3035/3009 3190/3042/3190 3114/3028/3114
f 3190/3042/3190 3162/3029/3162 3114/3028/3114
vt 0.425208 0.286744
f 3190/3042/3190 3206/3043/3206 3233/3030/3233
vt 0.428293 0.270072
vt 0.408935 0.247959
f 3255/3044/3255 3319/3045/3319 3335/3034/3335
vt 0.419489 0.304444
vt 0.412400 0.309522
f 3147/3046/3147 3062/3041/3062 3113/3047/3113
vt 0.406328 0.311130
f 3096/3048/3096 3061/3039/3061 3047/3036/3047
vt 0.386581 0.290718
f 3095/3038/3095 3187/3049/3187 3112/3037/3112
f 3029/2965/3029 3095/3038/3095 3030/2963/3030
vt 0.378760 0.312346
vt 0.381393 0.295616
f 3094/3050/3094 3132/3051/3132 3095/3038/3095
f 3094/3050/3094 3131/2966/3131 3132/3051/3132
f 3132/3051/3132 3187/3049/3187 3095/3038/3095
vt 0.390743 0.290877
vt 0.399109 0.294782
f 3159/3052/3159 3160/3053/3160 3073/2970/3073
f 3160/3053/3160 3096/3048/3096 3073/2970/3073
vt 0.405174 0.300200
f 3161/3054/3161 3113/3047/3113 3061/3039/3061
vt 0.405197 0.285753
f 3188/3055/3188 3147/3046/3147 3113/3047/3113
vt 0.423753 0.304374
f 3147/3046/3147 3133/3056/3133 3062/3041/3062
f 3133/3056/3133 3206/3043/3206 3190/3042/3190
vt 0.382541 0.288930
vt 0.385301 0.272680
f 3186/3057/3186 3220/3058/3220 3187/3049/3187
vt 0.394758 0.271966
vt 0.392983 0.277568
f 3220/3058/3220 3232/3059/3232 3205/3060/3205
vt 0.412259 0.265718
vt 0.417020 0.282921
vt 0.410568 0.274865
f 3264/3061/3264 3189/3062/3189 3245/3063/3245
vt 0.388819 0.262194
vt 0.395857 0.267397
f 3263/3064/3263 3254/3065/3254 3232/3059/3232
vt 0.382662 0.268008
f 3231/3066/3231 3263/3064/3263 3232/3059/3232
f 3231/3066/3231 3232/3059/3232 3220/3058/3220
vt 0.380750 0.263230
f 3231/3066/3231 3253/3067/3253 3263/3064/3263
vt 0.376150 0.281674
f 3204/3068/3204 3220/3058/3220 3186/3057/3186
f 3132/3051/3132 3204/3068/3204 3186/3057/3186
vt 0.375789 0.276149
f 3204/3068/3204 3219/3069/3219 3220/3058/3220
f 3219/3069/3219 3231/3066/3231 3220/3058/3220
vt 0.392000 0.249581
f 3289/3070/3289 3254/3065/3254 3263/3064/3263
vt 0.401256 0.254684
f 3289/3070/3289 3290/3071/3290 3254/3065/3254
f 3290/3071/3290 3264/3061/3264 3245/3063/3245
f 3264/3061/3264 3319/3045/3319 3255/3044/3255
vt 0.395444 0.243868
f 3318/3072/3318 3319/3045/3319 3290/3071/3290
f 3318/3072/3318 3290/3071/3290 3289/3070/3289
vt 0.385077 0.245015
f 3317/3073/3317 3318/3072/3318 3289/3070/3289
vt 0.376680 0.267907
f 3252/3074/3252 3253/3067/3253 3231/3066/3231
vt 0.370906 0.286098
f 3185/3075/3185 3219/3069/3219 3204/3068/3204
vt 0.368250 0.300354
vt 0.370645 0.297995
f 3144/3076/3144 3185/3075/3185 3145/3077/3145
f 3144/3076/3144 3145/3077/3145 3093/2967/3093
vt 0.365931 0.326855
vt 0.366129 0.304725
f 3045/3078/3045 3130/3079/3130 3144/3076/3144
vt 0.357926 0.307383
f 3111/3080/3111 3130/3079/3130 3045/3078/3045
vt 0.367722 0.284703
f 3130/3079/3130 3203/3081/3203 3144/3076/3144
vt 0.371534 0.273930
f 3203/3081/3203 3230/3082/3230 3185/3075/3185
vt 0.377813 0.246709
f 3253/3067/3253 3288/3083/3288 3317/3073/3317
f 3253/3067/3253 3317/3073/3317 3263/3064/3263
vt 0.395037 0.234241
f 3317/3073/3317 3334/3084/3334 3318/3072/3318
f 3334/3084/3334 3319/3045/3319 3318/3072/3318
vt 0.416685 0.226657
f 3334/3084/3334 3349/3085/3349 3319/3045/3319
f 3349/3085/3349 3335/3034/3335 3319/3045/3319
f 3335/3034/3335 3349/3085/3349 3343/3031/3343
f 3349/3085/3349 3423/3033/3423 3343/3031/3343
vt 0.397848 0.210537
vt 0.412948 0.212428
f 3421/3086/3421 3422/3087/3422 3349/3085/3349
vt 0.392688 0.224833
f 3360/3088/3360 3421/3086/3421 3349/3085/3349
vt 0.376015 0.235697
f 3317/3073/3317 3316/3089/3316 3334/3084/3334
vt 0.368530 0.260093
f 3244/3090/3244 3288/3083/3288 3252/3074/3252
f 3203/3081/3203 3244/3090/3244 3230/3082/3230
vt 0.360001 0.287706
f 3130/3079/3130 3143/3091/3143 3203/3081/3203
f 3111/3080/3111 3143/3091/3143 3130/3079/3130
f 3143/3091/3143 3244/3090/3244 3203/3081/3203
f 3288/3083/3288 3316/3089/3316 3317/3073/3317
vt 0.368061 0.251140
f 3300/3092/3300 3316/3089/3316 3288/3083/3288
f 3244/3090/3244 3300/3092/3300 3288/3083/3288
vt 0.361789 0.270343
f 3143/3091/3143 3251/3093/3251 3244/3090/3244
vt 0.355659 0.287737
f 3184/3094/3184 3143/3091/3143 3111/3080/3111
vt 0.351342 0.300407
f 3044/2960/3044 3142/3095/3142 3111/3080/3111
vt 0.340707 0.329529
f 3043/3096/3043 3142/3095/3142 3044/2960/3044
f 3251/3093/3251 3300/3092/3300 3244/3090/3244
vt 0.483055 0.217313
f 3403/3032/3403 3361/3097/3361 3344/3002/3344
vt 0.538131 0.249632
f 3247/2997/3247 3267/3098/3267 3248/2990/3248
f 3267/3098/3267 3278/2996/3278 3248/2990/3248
vt 0.467151 0.201596
f 3433/3099/3433 3361/3097/3361 3403/3032/3403
vt 0.414852 0.197160
f 3422/3087/3422 3437/3100/3437 3423/3033/3423
vt 0.453419 0.197235
f 3437/3100/3437 3438/3101/3438 3423/3033/3423
f 3438/3101/3438 3433/3099/3433 3403/3032/3403
vt 0.502174 0.218928
vt 0.506084 0.229442
f 3382/3102/3382 3362/3103/3362 3361/3097/3361
f 3361/3097/3361 3362/3103/3362 3256/2999/3256
vt 0.526351 0.240139
f 3303/3104/3303 3247/2997/3247 3291/2998/3291
f 3303/3104/3303 3267/3098/3267 3247/2997/3247
vt 0.541061 0.174239
vt 0.568084 0.187517
f 3303/3104/3303 3500/3105/3500 3424/3106/3424
f 3303/3104/3303 3424/3106/3424 3267/3098/3267
vt 0.585239 0.195884
f 3278/2996/3278 3424/3106/3424 3434/3107/3434
f 3267/3098/3267 3424/3106/3424 3278/2996/3278
vt 0.490203 0.171506
vt 0.516504 0.171347
f 3382/3102/3382 3489/3108/3489 3499/3109/3499
f 3382/3102/3382 3500/3105/3500 3303/3104/3303
vt 0.564738 0.175554
f 3501/3110/3501 3424/3106/3424 3500/3105/3500
f 3382/3102/3382 3499/3109/3499 3500/3105/3500
vt 0.523297 0.160316
f 3537/3111/3537 3500/3105/3500 3499/3109/3499
vt 0.508754 0.161839
f 3499/3109/3499 3518/3112/3518 3537/3111/3537
vt 0.508983 0.146083
vt 0.520674 0.141440
f 3537/3111/3537 3558/3113/3558 3559/3114/3559
vt 0.535487 0.150073
vt 0.545677 0.166621
f 3537/3111/3537 3546/3115/3546 3519/3116/3519
vt 0.551111 0.150168
f 3546/3115/3546 3560/3117/3560 3519/3116/3519
vt 0.573848 0.181549
f 3424/3106/3424 3482/3118/3482 3434/3107/3434
vt 0.597430 0.181577
vt 0.598909 0.196008
f 3482/3118/3482 3490/3119/3490 3439/3120/3439
vt 0.575481 0.168653
f 3501/3110/3501 3520/3121/3520 3482/3118/3482
f 3519/3116/3519 3560/3117/3560 3501/3110/3501
vt 0.526307 0.138790
f 3558/3113/3558 3570/3122/3570 3559/3114/3559
f 3518/3112/3518 3499/3109/3499 3489/3108/3489
f 3559/3114/3559 3570/3122/3570 3546/3115/3546
f 3546/3115/3546 3570/3122/3570 3560/3117/3560
vt 0.568495 0.158384
f 3560/3117/3560 3530/3123/3530 3501/3110/3501
f 3530/3123/3530 3520/3121/3520 3501/3110/3501
f 3491/2637/3491 3453/2769/3453 3490/3119/3490
f 3490/3119/3490 3453/2769/3453 3439/3120/3439
vt 0.551783 0.140078
vt 0.553946 0.144029
f 3561/3124/3561 3550/3125/3550 3560/3117/3560
vt 0.572156 0.000000
f 3550/3125/3550 3561/3124/3561 3717/3126/3717
vt 0.556876 0.143969
f 3550/3125/3550 3551/3127/3551 3560/3117/3560
vt 0.564593 0.149026
f 3551/3127/3551 3552/3128/3552 3560/3117/3560
f 3552/3128/3552 3530/3123/3530 3560/3117/3560
vt 0.570458 0.151751
vt 0.572604 0.153363
f 3538/3129/3538 3539/3130/3539 3530/3123/3530
f 3530/3123/3530 3539/3130/3539 3520/3121/3520
vt 0.575552 0.159533
f 3539/3130/3539 3521/3131/3521 3520/3121/3520
vt 0.595925 0.000000
f 3539/3130/3539 3719/3132/3719 3521/3131/3521
f 3539/3130/3539 3538/3129/3538 3719/3132/3719
f 3552/3128/3552 3538/3129/3538 3530/3123/3530
vt 0.589134 0.000000
f 3552/3128/3552 3718/3133/3718 3538/3129/3538
f 3552/3128/3552 3551/3127/3551 3718/3133/3718
f 3550/3125/3550 3717/3126/3717 3551/3127/3551
vt 0.565365 0.000000
f 3561/3124/3561 3716/3134/3716 3717/3126/3717
vt 0.548387 0.093385
f 3635/3135/3635 3716/3134/3716 3561/3124/3561
f 3570/3122/3570 3635/3135/3635 3561/3124/3561
vt 0.531409 0.000000
f 3570/3122/3570 3715/3136/3715 3716/3134/3716
vt 0.524618 0.000000
vt 0.528014 0.000000
f 3713/3137/3713 3714/3138/3714 3715/3136/3715
f 3570/3122/3570 3713/3137/3713 3715/3136/3715
vt 0.499755 0.142702
f 3518/3112/3518 3580/3139/3580 3558/3113/3558
vt 0.500849 0.124514
vt 0.506335 0.124936
f 3580/3139/3580 3586/3140/3586 3587/3141/3587
f 3361/3097/3361 3489/3108/3489 3382/3102/3382
vt 0.455564 0.189308
f 3465/3142/3465 3433/3099/3433 3438/3101/3438
f 3437/3100/3437 3465/3142/3465 3438/3101/3438
vt 0.384140 0.190848
vt 0.384940 0.206195
f 3452/3143/3452 3421/3086/3421 3432/3144/3432
vt 0.376028 0.211842
f 3420/3145/3420 3452/3143/3452 3432/3144/3432
vt 0.402262 0.192700
f 3452/3143/3452 3464/3146/3464 3421/3086/3421
vt 0.408229 0.187129
f 3464/3146/3464 3473/3147/3473 3437/3100/3437
vt 0.429142 0.140858
f 3465/3142/3465 3473/3147/3473 3556/3148/3556
vt 0.446952 0.135145
f 3465/3142/3465 3556/3148/3556 3534/3149/3534
vt 0.472129 0.152079
f 3465/3142/3465 3534/3149/3534 3545/3150/3545
f 3465/3142/3465 3545/3150/3545 3489/3108/3489
f 3465/3142/3465 3489/3108/3489 3433/3099/3433
vt 0.488889 0.162630
f 3545/3150/3545 3535/3151/3535 3489/3108/3489
vt 0.490294 0.148354
f 3536/3152/3536 3535/3151/3535 3545/3150/3545
vt 0.469113 0.142683
f 3567/3153/3567 3545/3150/3545 3534/3149/3534
vt 0.455899 0.126006
f 3566/3154/3566 3567/3153/3567 3534/3149/3534
vt 0.486222 0.136238
f 3536/3152/3536 3592/3155/3592 3580/3139/3580
vt 0.479780 0.138872
f 3592/3155/3592 3536/3152/3536 3557/3156/3557
vt 0.443055 0.115254
f 3617/3157/3617 3566/3154/3566 3534/3149/3534
f 3556/3148/3556 3617/3157/3617 3534/3149/3534
vt 0.425686 0.115986
f 3604/3158/3604 3617/3157/3617 3556/3148/3556
vt 0.419131 0.139484
f 3473/3147/3473 3549/3159/3549 3556/3148/3556
vt 0.473330 0.119802
f 3606/3160/3606 3592/3155/3592 3557/3156/3557
vt 0.504245 0.070039
f 3592/3155/3592 3674/3161/3674 3586/3140/3586
f 3592/3155/3592 3586/3140/3586 3580/3139/3580
vt 0.521222 0.000000
f 3586/3140/3586 3674/3161/3674 3712/3162/3712
vt 0.497453 0.000000
f 3592/3155/3592 3711/3163/3711 3674/3161/3674
vt 0.487267 0.050584
f 3592/3155/3592 3677/3164/3677 3711/3163/3711
vt 0.480475 0.000000
f 3710/3165/3710 3711/3163/3711 3677/3164/3677
vt 0.469622 0.097903
f 3620/3166/3620 3710/3165/3710 3677/3164/3677
f 3606/3160/3606 3620/3166/3620 3677/3164/3677
vt 0.453630 0.106645
vt 0.465931 0.104534
vt 0.456743 0.112092
f 3618/3167/3618 3619/3168/3619 3605/3169/3605
vt 0.416477 0.110536
vt 0.425159 0.089036
f 3613/3170/3613 3656/3171/3656 3604/3158/3604
vt 0.438552 0.095426
f 3656/3171/3656 3634/3172/3634 3617/3157/3617
vt 0.454593 0.093627
f 3618/3167/3618 3634/3172/3634 3649/3173/3649
vt 0.462679 0.095491
f 3649/3173/3649 3642/3174/3642 3618/3167/3618
f 3642/3174/3642 3619/3168/3619 3618/3167/3618
f 3642/3174/3642 3620/3166/3620 3619/3168/3619
vt 0.465195 0.085603
f 3649/3173/3649 3650/3175/3650 3642/3174/3642
vt 0.424448 0.077821
vt 0.434576 0.085293
f 3656/3171/3656 3668/3176/3668 3669/3177/3669
vt 0.443124 0.000000
f 3668/3176/3668 3708/3178/3708 3669/3177/3669
vt 0.463497 0.000000
f 3669/3177/3669 3708/3178/3708 3709/3179/3709
f 3669/3177/3669 3709/3179/3709 3649/3173/3649
f 3650/3175/3650 3709/3179/3709 3710/3165/3710
f 3650/3175/3650 3710/3165/3710 3620/3166/3620
f 3650/3175/3650 3620/3166/3620 3642/3174/3642
vt 0.300509 0.077821
vt 0.310696 0.000000
f 3661/3180/3661 3701/486/3701 3702/3181/3702
vt 0.304396 0.077266
f 3661/3180/3661 3702/3181/3702 3662/3182/3662
vt 0.298954 0.086444
f 3653/3183/3653 3661/3180/3661 3662/3182/3662
vt 0.223758 0.165245
vt 0.234608 0.169014
vt 0.224883 0.173114
f 3516/3184/3516 3517/3185/3517 3498/3186/3498
vt 0.206906 0.204434
vt 0.217397 0.196535
vt 0.215615 0.203867
f 3414/3187/3414 3444/3188/3444 3415/3189/3415
f 3372/600/3372 3386/507/3386 3415/3189/3415
vt 0.215313 0.223579
vt 0.201721 0.235988
f 3372/600/3372 3354/3190/3354 3331/3191/3331
vt 0.198952 0.269275
vt 0.210405 0.246984
vt 0.220264 0.244853
f 3227/3192/3227 3239/3193/3239 3314/3194/3314
vt 0.257139 0.254426
f 3227/3192/3227 3314/3194/3314 3285/3195/3285
vt 0.196156 0.293814
f 3155/3196/3155 3227/3192/3227 3285/3195/3285
vt 0.276097 0.270743
f 3155/3196/3155 3285/3195/3285 3156/3197/3156
vt 0.256367 0.295720
f 3128/3198/3128 3155/3196/3155 3156/3197/3156
f 3157/2905/3157 3128/3198/3128 3156/3197/3156
vt 0.237614 0.367125
vt 0.249478 0.365751
f 2848/3199/2848 2876/3200/2876 2782/2894/2782
vt 0.240970 0.349631
f 2848/3199/2848 2913/3201/2913 2876/3200/2876
vt 0.198385 0.352634
vt 0.224476 0.355143
f 2732/875/2732 2912/3202/2912 2892/3203/2892
vt 0.187224 0.418442
f 2590/3204/2590 2732/875/2732 2892/3203/2892
f 2732/875/2732 2590/3204/2590 2551/1040/2551
f 2732/875/2732 2551/1040/2551 2686/578/2686
f 2748/874/2748 2732/875/2732 2686/578/2686
f 2732/875/2732 2858/581/2858 2912/3202/2912
f 2858/581/2858 2946/580/2946 2912/3202/2912
f 3025/592/3025 2912/3202/2912 2946/580/2946
f 2892/3203/2892 2913/3201/2913 2848/3199/2848
f 2893/2904/2893 2913/3201/2913 3157/2905/3157
vt 0.227620 0.335337
f 2988/3205/2988 2913/3201/2913 2892/3203/2892
f 2892/3203/2892 2912/3202/2912 2988/3205/2988
vt 0.199579 0.329615
f 3025/592/3025 3041/3206/3041 2912/3202/2912
f 2988/3205/2988 3128/3198/3128 2913/3201/2913
f 2988/3205/2988 3155/3196/3155 3128/3198/3128
f 3041/3206/3041 3155/3196/3155 2988/3205/2988
f 3025/592/3025 3154/511/3154 3041/3206/3041
f 3154/511/3154 3155/3196/3155 3041/3206/3041
f 3155/3196/3155 3177/510/3177 3227/3192/3227
f 3154/511/3154 3177/510/3177 3155/3196/3155
vt 0.201542 0.253806
f 3275/593/3275 3331/3191/3331 3284/3207/3284
vt 0.214128 0.182940
vt 0.230006 0.178764
f 3469/3208/3469 3476/501/3476 3477/3209/3477
vt 0.230863 0.183113
f 3469/3208/3469 3477/3209/3477 3470/3210/3470
f 3498/3186/3498 3477/3209/3477 3476/501/3476
vt 0.242000 0.153464
vt 0.253382 0.159979
vt 0.243779 0.161807
f 3544/3211/3544 3528/3212/3528 3527/3213/3527
vt 0.264891 0.158841
vt 0.262793 0.170568
f 3528/3212/3528 3529/3214/3529 3507/3215/3507
vt 0.275940 0.156772
vt 0.275796 0.183949
f 3529/3214/3529 3513/3216/3513 3461/3217/3461
vt 0.276450 0.111129
vt 0.300269 0.106306
f 3513/3216/3513 3600/3218/3600 3628/3219/3628
vt 0.285351 0.104175
f 3600/3218/3600 3623/3220/3623 3628/3219/3628
f 3623/3220/3623 3653/3183/3653 3628/3219/3628
f 3623/3220/3623 3652/489/3652 3653/3183/3653
f 3652/489/3652 3623/3220/3623 3622/494/3622
vt 0.240284 0.143331
vt 0.260034 0.138883
f 3554/3221/3554 3577/3222/3577 3528/3212/3528
vt 0.240586 0.133424
f 3576/3223/3576 3577/3222/3577 3554/3221/3554
f 3565/644/3565 3575/499/3575 3576/3223/3576
vt 0.224531 0.149849
f 3515/646/3515 3542/873/3542 3543/3224/3543
f 3458/504/3458 3469/3208/3469 3436/604/3436
f 3396/506/3396 3436/604/3436 3414/3187/3414
f 3386/507/3386 3396/506/3396 3414/3187/3414
f 3371/508/3371 3386/507/3386 3372/600/3372
f 3458/504/3458 3468/502/3468 3469/3208/3469
f 3468/502/3468 3476/501/3476 3469/3208/3469
f 3497/500/3497 3516/3184/3516 3498/3186/3498
f 3497/500/3497 3512/642/3512 3516/3184/3516
f 3512/642/3512 3515/646/3515 3516/3184/3516
f 3497/500/3497 3498/3186/3498 3476/501/3476
f 3543/3224/3543 3565/644/3565 3554/3221/3554
f 3542/873/3542 3565/644/3565 3543/3224/3543
f 3565/644/3565 3576/3223/3576 3554/3221/3554
f 3576/3223/3576 3600/3218/3600 3577/3222/3577
f 3576/3223/3576 3599/498/3599 3600/3218/3600
f 3515/646/3515 3543/3224/3543 3516/3184/3516
f 3543/3224/3543 3527/3213/3527 3517/3185/3517
f 3543/3224/3543 3544/3211/3544 3527/3213/3527
f 3554/3221/3554 3544/3211/3544 3543/3224/3543
f 3554/3221/3554 3528/3212/3528 3544/3211/3544
f 3513/3216/3513 3577/3222/3577 3600/3218/3600
f 3577/3222/3577 3513/3216/3513 3529/3214/3529
f 3610/497/3610 3623/3220/3623 3600/3218/3600
f 3622/494/3622 3623/3220/3623 3610/497/3610
f 3652/489/3652 3672/487/3672 3653/3183/3653
f 3672/487/3672 3661/3180/3661 3653/3183/3653
f 3577/3222/3577 3529/3214/3529 3528/3212/3528
f 3543/3224/3543 3517/3185/3517 3516/3184/3516
f 3436/604/3436 3469/3208/3469 3444/3188/3444
f 3177/510/3177 3284/3207/3284 3227/3192/3227
f 3227/3192/3227 3284/3207/3284 3239/3193/3239
f 2912/3202/2912 3041/3206/3041 2988/3205/2988
f 2876/3200/2876 2913/3201/2913 2893/2904/2893
f 2606/2893/2606 2491/1041/2491 2551/1040/2551
f 2590/3204/2590 2782/2894/2782 2606/2893/2606
f 2590/3204/2590 2892/3203/2892 2848/3199/2848
f 2590/3204/2590 2848/3199/2848 2782/2894/2782
vt 0.298323 0.318087
f 3026/3225/3026 2962/2882/2962 2947/2903/2947
vt 0.313661 0.327260
f 3027/3226/3027 2930/2908/2930 2962/2882/2962
f 3027/3226/3027 3028/2906/3028 2930/2908/2930
vt 0.319174 0.329880
vt 0.320030 0.320731
f 2989/3227/2989 3092/3228/3092 2948/2907/2948
vt 0.328269 0.360920
f 3092/3228/3092 2931/3229/2931 2948/2907/2948
f 3007/2901/3007 3043/3096/3043 2949/2909/2949
vt 0.352405 0.280036
f 3184/3094/3184 3229/3230/3229 3251/3093/3251
vt 0.363294 0.250544
f 3229/3230/3229 3299/3231/3299 3251/3093/3251
f 3299/3231/3299 3316/3089/3316 3300/3092/3300
vt 0.374360 0.196337
vt 0.381649 0.184235
f 3451/3232/3451 3472/3233/3472 3452/3143/3452
f 3472/3233/3472 3464/3146/3464 3452/3143/3452
f 3464/3146/3464 3472/3233/3472 3473/3147/3473
f 3472/3233/3472 3549/3159/3549 3473/3147/3473
vt 0.387761 0.138332
vt 0.396072 0.124384
f 3579/3234/3579 3591/3235/3591 3549/3159/3549
vt 0.415006 0.124540
f 3549/3159/3549 3591/3235/3591 3594/3236/3594
vt 0.419607 0.083387
f 3656/3171/3656 3667/3237/3667 3668/3176/3668
vt 0.415959 0.000000
f 3667/3237/3667 3707/3238/3707 3668/3176/3668
vt 0.414903 0.094148
f 3613/3170/3613 3641/3239/3641 3656/3171/3656
f 3641/3239/3641 3667/3237/3667 3656/3171/3656
vt 0.397753 0.110632
vt 0.394101 0.095557
f 3616/3240/3616 3633/3241/3633 3641/3239/3641
f 3616/3240/3616 3641/3239/3641 3613/3170/3613
vt 0.387253 0.119760
f 3616/3240/3616 3591/3235/3591 3583/3242/3583
vt 0.388245 0.105554
f 3612/3243/3612 3616/3240/3616 3583/3242/3583
f 3472/3233/3472 3579/3234/3579 3549/3159/3549
vt 0.328904 0.214171
vt 0.368421 0.221790
f 3374/3244/3374 3420/3145/3420 3359/3245/3359
vt 0.319753 0.275571
f 3202/3246/3202 3374/3244/3374 3359/3245/3359
f 3202/3246/3202 3359/3245/3359 3299/3231/3299
f 3202/3246/3202 3299/3231/3299 3229/3230/3229
vt 0.328702 0.315581
f 3060/3247/3060 3007/2901/3007 3006/2902/3006
f 3157/2905/3157 3026/3225/3026 3042/2897/3042
vt 0.287857 0.287683
f 3201/3248/3201 3026/3225/3026 3157/2905/3157
vt 0.298632 0.305195
f 3026/3225/3026 3158/3249/3158 2962/2882/2962
f 3201/3248/3201 3158/3249/3158 3026/3225/3026
f 3201/3248/3201 3157/2905/3157 3156/3197/3156
vt 0.222487 0.235051
vt 0.244495 0.221850
vt 0.247132 0.239865
f 3332/3250/3332 3355/3251/3355 3297/3252/3297
vt 0.262194 0.248997
f 3297/3252/3297 3260/3253/3260 3285/3195/3285
vt 0.281475 0.265469
f 3260/3253/3260 3240/3254/3240 3156/3197/3156
vt 0.289177 0.278400
f 3228/3255/3228 3158/3249/3158 3201/3248/3201
vt 0.306516 0.301530
f 3158/3249/3158 3129/3256/3129 2962/2882/2962
f 3129/3256/3129 3027/3226/3027 2962/2882/2962
vt 0.315745 0.317984
f 3028/2906/3028 3072/3257/3072 2989/3227/2989
f 3072/3257/3072 3092/3228/3092 2989/3227/2989
vt 0.322550 0.297209
f 3092/3228/3092 3140/3258/3140 3006/2902/3006
f 3140/3258/3140 3060/3247/3060 3006/2902/3006
vt 0.297267 0.276158
f 3241/3259/3241 3129/3256/3129 3228/3255/3228
f 3228/3255/3228 3129/3256/3129 3158/3249/3158
vt 0.309099 0.299917
vt 0.309408 0.293137
f 3091/3260/3091 3182/3261/3182 3072/3257/3072
vt 0.312435 0.297068
f 3182/3261/3182 3183/3262/3183 3072/3257/3072
vt 0.328566 0.302506
f 3140/3258/3140 3141/3263/3141 3060/3247/3060
f 3043/3096/3043 3141/3263/3141 3142/3095/3142
vt 0.310362 0.282016
f 3243/3264/3243 3140/3258/3140 3092/3228/3092
f 3243/3264/3243 3092/3228/3092 3183/3262/3183
vt 0.302437 0.280059
f 3218/3265/3218 3091/3260/3091 3129/3256/3129
f 3241/3259/3241 3218/3265/3218 3129/3256/3129
vt 0.284255 0.258145
f 3261/3266/3261 3241/3259/3241 3228/3255/3228
vt 0.258568 0.230627
vt 0.274910 0.241321
f 3342/3267/3342 3333/3268/3333 3260/3253/3260
f 3333/3268/3333 3240/3254/3240 3260/3253/3260
vt 0.298205 0.266586
f 3241/3259/3241 3262/3269/3262 3218/3265/3218
f 3218/3265/3218 3182/3261/3182 3091/3260/3091
f 3202/3246/3202 3141/3263/3141 3140/3258/3140
vt 0.300902 0.265595
f 3242/3270/3242 3183/3262/3183 3182/3261/3182
f 3242/3270/3242 3182/3261/3182 3218/3265/3218
f 3262/3269/3262 3242/3270/3242 3218/3265/3218
vt 0.288581 0.247538
f 3315/3271/3315 3262/3269/3262 3241/3259/3241
f 3333/3268/3333 3315/3271/3315 3261/3266/3261
vt 0.250842 0.211681
f 3355/3251/3355 3397/3272/3397 3342/3267/3342
vt 0.258190 0.213670
f 3397/3272/3397 3398/3273/3398 3342/3267/3342
vt 0.280595 0.229524
f 3356/3274/3356 3315/3271/3315 3333/3268/3333
vt 0.288528 0.233874
vt 0.297804 0.257281
vt 0.289038 0.240818
f 3323/3275/3323 3286/3276/3286 3298/3277/3298
f 3298/3277/3298 3286/3276/3286 3262/3269/3262
f 3286/3276/3286 3242/3270/3242 3262/3269/3262
vt 0.312433 0.267650
f 3276/3278/3276 3202/3246/3202 3140/3258/3140
vt 0.298726 0.250071
f 3323/3275/3323 3324/3279/3324 3286/3276/3286
vt 0.282389 0.224943
vt 0.280095 0.211505
f 3357/3280/3357 3380/3281/3380 3323/3275/3323
f 3314/3194/3314 3332/3250/3332 3297/3252/3297
f 3332/3250/3332 3354/3190/3354 3355/3251/3355
vt 0.222864 0.215255
f 3354/3190/3354 3378/3282/3378 3355/3251/3355
vt 0.229862 0.196350
vt 0.238511 0.204151
vt 0.224598 0.203964
f 3445/3283/3445 3417/3284/3417 3416/3285/3416
f 3444/3188/3444 3445/3283/3445 3416/3285/3416
f 3444/3188/3444 3416/3285/3416 3415/3189/3415
f 3378/3282/3378 3416/3285/3416 3417/3284/3417
f 3354/3190/3354 3372/600/3372 3378/3282/3378
f 3284/3207/3284 3331/3191/3331 3239/3193/3239
f 3331/3191/3331 3354/3190/3354 3239/3193/3239
f 3415/3189/3415 3416/3285/3416 3372/600/3372
f 3239/3193/3239 3354/3190/3354 3332/3250/3332
f 3239/3193/3239 3332/3250/3332 3314/3194/3314
f 3372/600/3372 3416/3285/3416 3378/3282/3378
vt 0.241039 0.198780
f 3445/3283/3445 3446/3286/3446 3417/3284/3417
f 3417/3284/3417 3446/3286/3446 3397/3272/3397
vt 0.249607 0.190090
f 3446/3286/3446 3459/3287/3459 3397/3272/3397
f 3459/3287/3459 3398/3273/3398 3397/3272/3397
vt 0.266747 0.210313
f 3398/3273/3398 3399/3288/3399 3333/3268/3333
f 3399/3288/3399 3356/3274/3356 3333/3268/3333
vt 0.276003 0.218412
f 3399/3288/3399 3379/3289/3379 3356/3274/3356
vt 0.277327 0.214049
f 3379/3289/3379 3401/3290/3401 3356/3274/3356
f 3401/3290/3401 3380/3281/3380 3357/3280/3357
vt 0.306651 0.243447
vt 0.309870 0.241197
f 3287/3291/3287 3326/3292/3326 3202/3246/3202
f 3326/3292/3326 3374/3244/3374 3202/3246/3202
vt 0.313021 0.211567
vt 0.324405 0.210383
f 3431/3293/3431 3419/3294/3419 3374/3244/3374
f 3326/3292/3326 3431/3293/3431 3374/3244/3374
vt 0.288962 0.227212
vt 0.302826 0.244307
f 3358/3295/3358 3325/3296/3325 3324/3279/3324
vt 0.269961 0.207044
f 3400/3297/3400 3379/3289/3379 3399/3288/3399
f 3470/3210/3470 3459/3287/3459 3446/3286/3446
vt 0.240191 0.180054
f 3470/3210/3470 3478/3298/3478 3459/3287/3459
vt 0.261260 0.194643
vt 0.260020 0.199126
f 3459/3287/3459 3447/3299/3447 3429/3300/3429
f 3447/3299/3447 3400/3297/3400 3429/3300/3429
vt 0.270118 0.199968
f 3400/3297/3400 3447/3299/3447 3448/3301/3448
f 3448/3301/3448 3401/3290/3401 3400/3297/3400
f 3448/3301/3448 3380/3281/3380 3401/3290/3401
vt 0.286647 0.202632
vt 0.293037 0.215572
f 3430/3302/3430 3381/3303/3381 3380/3281/3380
f 3381/3303/3381 3325/3296/3325 3358/3295/3358
vt 0.301087 0.228936
f 3373/3304/3373 3287/3291/3287 3325/3296/3325
f 3461/3217/3461 3430/3302/3430 3380/3281/3380
vt 0.261545 0.188527
f 3460/3305/3460 3448/3301/3448 3447/3299/3447
vt 0.253482 0.184821
f 3480/3306/3480 3460/3305/3460 3447/3299/3447
vt 0.245502 0.179043
vt 0.249814 0.184859
f 3479/3307/3479 3471/3308/3471 3478/3298/3478
vt 0.246412 0.174538
f 3506/3309/3506 3479/3307/3479 3478/3298/3478
vt 0.237068 0.175465
f 3488/3310/3488 3506/3309/3506 3478/3298/3478
f 3488/3310/3488 3478/3298/3478 3477/3209/3477
f 3498/3186/3498 3488/3310/3488 3477/3209/3477
f 3477/3209/3477 3478/3298/3478 3470/3210/3470
f 3517/3185/3517 3506/3309/3506 3488/3310/3488
f 3479/3307/3479 3506/3309/3506 3471/3308/3471
f 3460/3305/3460 3461/3217/3461 3448/3301/3448
vt 0.294432 0.209629
f 3418/3311/3418 3373/3304/3373 3381/3303/3381
vt 0.297963 0.208908
f 3402/3312/3402 3326/3292/3326 3373/3304/3373
vt 0.288794 0.193926
f 3462/3313/3462 3402/3312/3402 3418/3311/3418
f 3461/3217/3461 3462/3313/3462 3430/3302/3430
vt 0.283126 0.173190
f 3481/3314/3481 3462/3313/3462 3461/3217/3461
f 3462/3313/3462 3431/3293/3431 3402/3312/3402
f 3402/3312/3402 3431/3293/3431 3326/3292/3326
vt 0.315601 0.194303
f 3431/3293/3431 3449/3315/3449 3419/3294/3419
vt 0.332459 0.196558
f 3449/3315/3449 3450/3316/3450 3419/3294/3419
vt 0.354550 0.143579
f 3472/3233/3472 3555/3317/3555 3579/3234/3579
vt 0.359355 0.135641
vt 0.375677 0.125884
f 3569/3318/3569 3582/3319/3582 3579/3234/3579
f 3555/3317/3555 3569/3318/3569 3579/3234/3579
vt 0.365145 0.119422
vt 0.375602 0.119324
f 3582/3319/3582 3590/3320/3590 3596/3321/3596
f 3596/3321/3596 3583/3242/3583 3582/3319/3582
f 3582/3319/3582 3583/3242/3583 3579/3234/3579
vt 0.410866 0.089494
f 3633/3241/3633 3640/3322/3640 3641/3239/3641
vt 0.414261 0.085603
f 3640/3322/3640 3648/3323/3648 3641/3239/3641
vt 0.379641 0.090475
f 3647/3324/3647 3648/3323/3648 3640/3322/3640
f 3647/3324/3647 3640/3322/3640 3633/3241/3633
f 3612/3243/3612 3647/3324/3647 3633/3241/3633
vt 0.372716 0.095605
vt 0.380472 0.102905
vt 0.376449 0.109096
f 3632/3325/3632 3624/3326/3624 3603/3327/3603
f 3624/3326/3624 3632/3325/3632 3647/3324/3647
vt 0.395586 0.000000
f 3647/3324/3647 3706/3328/3706 3648/3323/3648
vt 0.373514 0.085603
f 3647/3324/3647 3646/3329/3646 3706/3328/3706
f 3632/3325/3632 3646/3329/3646 3647/3324/3647
vt 0.368005 0.103645
f 3639/3330/3639 3646/3329/3646 3632/3325/3632
f 3639/3330/3639 3632/3325/3632 3603/3327/3603
vt 0.349721 0.122548
f 3569/3318/3569 3589/3331/3589 3590/3320/3590
vt 0.338775 0.122887
vt 0.346913 0.134730
f 3593/3332/3593 3589/3331/3589 3578/3333/3578
vt 0.341412 0.134600
f 3593/3332/3593 3578/3333/3578 3568/3334/3568
vt 0.330758 0.120359
f 3588/3335/3588 3593/3332/3593 3568/3334/3568
vt 0.301916 0.181854
f 3481/3314/3481 3508/3336/3508 3462/3313/3462
f 3508/3336/3508 3449/3315/3449 3431/3293/3431
vt 0.323430 0.185668
f 3449/3315/3449 3508/3336/3508 3463/3337/3463
vt 0.322279 0.107631
f 3508/3336/3508 3611/3338/3611 3588/3335/3588
vt 0.343241 0.110586
f 3601/3339/3601 3589/3331/3589 3593/3332/3593
vt 0.352060 0.114793
f 3601/3339/3601 3602/3340/3602 3589/3331/3589
f 3602/3340/3602 3590/3320/3590 3589/3331/3589
f 3602/3340/3602 3639/3330/3639 3590/3320/3590
f 3508/3336/3508 3628/3219/3628 3611/3338/3611
vt 0.324250 0.100410
vt 0.328857 0.087507
f 3630/3341/3630 3655/3342/3655 3588/3335/3588
vt 0.335786 0.103808
f 3655/3342/3655 3631/3343/3631 3588/3335/3588
vt 0.338604 0.097414
f 3631/3343/3631 3638/3344/3638 3601/3339/3601
vt 0.346350 0.101167
f 3638/3344/3638 3615/3345/3615 3601/3339/3601
f 3601/3339/3601 3615/3345/3615 3602/3340/3602
vt 0.358234 0.000000
f 3615/3345/3615 3638/3344/3638 3704/3346/3704
vt 0.323597 0.085548
f 3654/3347/3654 3655/3342/3655 3630/3341/3630
vt 0.310145 0.100075
f 3630/3341/3630 3629/3348/3629 3654/3347/3654
vt 0.309639 0.082711
f 3629/3348/3629 3663/3349/3663 3654/3347/3654
f 3655/3342/3655 3638/3344/3638 3631/3343/3631
vt 0.331070 0.077821
f 3655/3342/3655 3666/3350/3666 3638/3344/3638
vt 0.329372 0.077821
f 3665/3351/3665 3666/3350/3666 3655/3342/3655
vt 0.324676 0.076684
f 3664/3352/3664 3665/3351/3665 3655/3342/3655
f 3664/3352/3664 3655/3342/3655 3654/3347/3654
vt 0.308998 0.073930
f 3663/3349/3663 3673/3353/3673 3664/3352/3664
vt 0.337861 0.000000
f 3673/3353/3673 3703/3354/3703 3664/3352/3664
f 3662/3182/3662 3673/3353/3673 3663/3349/3663
f 3628/3219/3628 3629/3348/3629 3611/3338/3611
f 3629/3348/3629 3630/3341/3630 3611/3338/3611
f 3628/3219/3628 3663/3349/3663 3629/3348/3629
f 3662/3182/3662 3702/3181/3702 3673/3353/3673
f 3653/3183/3653 3662/3182/3662 3663/3349/3663
f 3663/3349/3663 3664/3352/3664 3654/3347/3654
f 3664/3352/3664 3703/3354/3703 3665/3351/3665
f 3666/3350/3666 3665/3351/3665 3704/3346/3704
f 3666/3350/3666 3704/3346/3704 3638/3344/3638
f 3630/3341/3630 3588/3335/3588 3611/3338/3611
f 3631/3343/3631 3601/3339/3601 3593/3332/3593
vt 0.371817 0.000000
f 3615/3345/3615 3705/3355/3705 3602/3340/3602
f 3631/3343/3631 3593/3332/3593 3588/3335/3588
f 3513/3216/3513 3508/3336/3508 3481/3314/3481
f 3462/3313/3462 3508/3336/3508 3431/3293/3431
f 3450/3316/3450 3472/3233/3472 3451/3232/3451
f 3450/3316/3450 3451/3232/3451 3420/3145/3420
f 3374/3244/3374 3450/3316/3450 3420/3145/3420
f 3450/3316/3450 3463/3337/3463 3472/3233/3472
f 3463/3337/3463 3450/3316/3450 3449/3315/3449
f 3589/3331/3589 3569/3318/3569 3578/3333/3578
f 3578/3333/3578 3569/3318/3569 3555/3317/3555
f 3568/3334/3568 3578/3333/3578 3555/3317/3555
f 3463/3337/3463 3568/3334/3568 3555/3317/3555
f 3463/3337/3463 3588/3335/3588 3568/3334/3568
f 3508/3336/3508 3588/3335/3588 3463/3337/3463
f 3602/3340/3602 3705/3355/3705 3639/3330/3639
f 3639/3330/3639 3705/3355/3705 3646/3329/3646
f 3583/3242/3583 3603/3327/3603 3612/3243/3612
f 3624/3326/3624 3612/3243/3612 3603/3327/3603
f 3612/3243/3612 3633/3241/3633 3616/3240/3616
f 3647/3324/3647 3612/3243/3612 3624/3326/3624
f 3596/3321/3596 3603/3327/3603 3583/3242/3583
f 3596/3321/3596 3639/3330/3639 3603/3327/3603
f 3590/3320/3590 3639/3330/3639 3596/3321/3596
f 3569/3318/3569 3590/3320/3590 3582/3319/3582
f 3463/3337/3463 3555/3317/3555 3472/3233/3472
f 3419/3294/3419 3450/3316/3450 3374/3244/3374
f 3513/3216/3513 3481/3314/3481 3461/3217/3461
f 3418/3311/3418 3402/3312/3402 3373/3304/3373
f 3462/3313/3462 3418/3311/3418 3430/3302/3430
f 3507/3215/3507 3461/3217/3461 3460/3305/3460
f 3506/3309/3506 3507/3215/3507 3460/3305/3460
f 3506/3309/3506 3460/3305/3460 3480/3306/3480
f 3506/3309/3506 3480/3306/3480 3471/3308/3471
f 3471/3308/3471 3480/3306/3480 3459/3287/3459
f 3430/3302/3430 3418/3311/3418 3381/3303/3381
f 3373/3304/3373 3326/3292/3326 3287/3291/3287
f 3381/3303/3381 3373/3304/3373 3325/3296/3325
f 3461/3217/3461 3380/3281/3380 3448/3301/3448
f 3480/3306/3480 3447/3299/3447 3459/3287/3459
f 3478/3298/3478 3471/3308/3471 3459/3287/3459
f 3470/3210/3470 3446/3286/3446 3445/3283/3445
f 3459/3287/3459 3429/3300/3429 3398/3273/3398
f 3429/3300/3429 3400/3297/3400 3399/3288/3399
f 3400/3297/3400 3401/3290/3401 3379/3289/3379
f 3380/3281/3380 3381/3303/3381 3358/3295/3358
f 3325/3296/3325 3276/3278/3276 3324/3279/3324
f 3325/3296/3325 3287/3291/3287 3276/3278/3276
f 3429/3300/3429 3399/3288/3399 3398/3273/3398
f 3470/3210/3470 3445/3283/3445 3444/3188/3444
f 3469/3208/3469 3470/3210/3470 3444/3188/3444
f 3417/3284/3417 3355/3251/3355 3378/3282/3378
f 3401/3290/3401 3357/3280/3357 3356/3274/3356
f 3357/3280/3357 3298/3277/3298 3356/3274/3356
f 3380/3281/3380 3358/3295/3358 3323/3275/3323
f 3357/3280/3357 3323/3275/3323 3298/3277/3298
f 3358/3295/3358 3324/3279/3324 3323/3275/3323
f 3324/3279/3324 3276/3278/3276 3243/3264/3243
f 3287/3291/3287 3202/3246/3202 3276/3278/3276
f 3324/3279/3324 3243/3264/3243 3242/3270/3242
f 3286/3276/3286 3324/3279/3324 3242/3270/3242
f 3356/3274/3356 3298/3277/3298 3315/3271/3315
f 3398/3273/3398 3333/3268/3333 3342/3267/3342
f 3315/3271/3315 3298/3277/3298 3262/3269/3262
f 3242/3270/3242 3243/3264/3243 3183/3262/3183
f 3243/3264/3243 3276/3278/3276 3140/3258/3140
f 3417/3284/3417 3397/3272/3397 3355/3251/3355
f 3355/3251/3355 3342/3267/3342 3297/3252/3297
f 3342/3267/3342 3260/3253/3260 3297/3252/3297
f 3333/3268/3333 3261/3266/3261 3240/3254/3240
f 3315/3271/3315 3241/3259/3241 3261/3266/3261
f 3141/3263/3141 3229/3230/3229 3142/3095/3142
f 3240/3254/3240 3261/3266/3261 3228/3255/3228
f 3129/3256/3129 3091/3260/3091 3027/3226/3027
f 3091/3260/3091 3072/3257/3072 3028/2906/3028
f 3183/3262/3183 3092/3228/3092 3072/3257/3072
f 3141/3263/3141 3043/3096/3043 3060/3247/3060
f 3091/3260/3091 3028/2906/3028 3027/3226/3027
f 3240/3254/3240 3228/3255/3228 3201/3248/3201
f 3285/3195/3285 3260/3253/3260 3156/3197/3156
f 3240/3254/3240 3201/3248/3201 3156/3197/3156
f 3060/3247/3060 3043/3096/3043 3007/2901/3007
f 3299/3231/3299 3359/3245/3359 3316/3089/3316
f 3142/3095/3142 3229/3230/3229 3184/3094/3184
f 3141/3263/3141 3202/3246/3202 3229/3230/3229
f 3359/3245/3359 3420/3145/3420 3316/3089/3316
f 3579/3234/3579 3583/3242/3583 3591/3235/3591
f 3641/3239/3641 3648/3323/3648 3667/3237/3667
f 3648/3323/3648 3707/3238/3707 3667/3237/3667
f 3549/3159/3549 3594/3236/3594 3604/3158/3604
f 3420/3145/3420 3451/3232/3451 3452/3143/3452
f 3092/3228/3092 3006/2902/3006 2931/3229/2931
f 3028/2906/3028 2989/3227/2989 2948/2907/2948
f 3026/3225/3026 2947/2903/2947 3042/2897/3042
f 2913/3201/2913 3128/3198/3128 3157/2905/3157
f 3285/3195/3285 3314/3194/3314 3297/3252/3297
f 3386/507/3386 3414/3187/3414 3415/3189/3415
f 3414/3187/3414 3436/604/3436 3444/3188/3444
f 3498/3186/3498 3517/3185/3517 3488/3310/3488
f 3527/3213/3527 3506/3309/3506 3517/3185/3517
f 3528/3212/3528 3507/3215/3507 3527/3213/3527
f 3527/3213/3527 3507/3215/3507 3506/3309/3506
f 3529/3214/3529 3461/3217/3461 3507/3215/3507
f 3513/3216/3513 3628/3219/3628 3508/3336/3508
f 3628/3219/3628 3653/3183/3653 3663/3349/3663
f 3672/487/3672 3701/486/3701 3661/3180/3661
f 3673/3353/3673 3702/3181/3702 3703/3354/3703
f 3665/3351/3665 3703/3354/3703 3704/3346/3704
f 3615/3345/3615 3704/3346/3704 3705/3355/3705
f 3646/3329/3646 3705/3355/3705 3706/3328/3706
f 3648/3323/3648 3706/3328/3706 3707/3238/3707
f 3668/3176/3668 3707/3238/3707 3708/3178/3708
f 3634/3172/3634 3669/3177/3669 3649/3173/3649
f 3649/3173/3649 3709/3179/3709 3650/3175/3650
f 3669/3177/3669 3634/3172/3634 3656/3171/3656
f 3617/3157/3617 3634/3172/3634 3618/3167/3618
f 3566/3154/3566 3617/3157/3617 3605/3169/3605
vt 0.465172 0.123739
f 3605/3169/3605 3619/3168/3619 3584/3356/3584
f 3618/3167/3618 3605/3169/3605 3617/3157/3617
f 3620/3166/3620 3606/3160/3606 3619/3168/3619
f 3584/3356/3584 3619/3168/3619 3606/3160/3606
f 3606/3160/3606 3677/3164/3677 3592/3155/3592
vt 0.473514 0.129798
f 3584/3356/3584 3606/3160/3606 3585/3357/3585
f 3566/3154/3566 3605/3169/3605 3584/3356/3584
f 3656/3171/3656 3617/3157/3617 3604/3158/3604
f 3594/3236/3594 3616/3240/3616 3613/3170/3613
f 3591/3235/3591 3616/3240/3616 3594/3236/3594
f 3613/3170/3613 3604/3158/3604 3594/3236/3594
f 3549/3159/3549 3604/3158/3604 3556/3148/3556
f 3566/3154/3566 3584/3356/3584 3567/3153/3567
f 3584/3356/3584 3585/3357/3585 3567/3153/3567
f 3606/3160/3606 3557/3156/3557 3585/3357/3585
f 3585/3357/3585 3557/3156/3557 3567/3153/3567
f 3567/3153/3567 3557/3156/3557 3545/3150/3545
f 3557/3156/3557 3536/3152/3536 3545/3150/3545
f 3464/3146/3464 3437/3100/3437 3422/3087/3422
f 3437/3100/3437 3473/3147/3473 3465/3142/3465
f 3361/3097/3361 3433/3099/3433 3489/3108/3489
f 3586/3140/3586 3713/3137/3713 3587/3141/3587
f 3535/3151/3535 3536/3152/3536 3518/3112/3518
f 3489/3108/3489 3535/3151/3535 3518/3112/3518
f 3536/3152/3536 3580/3139/3580 3518/3112/3518
f 3570/3122/3570 3587/3141/3587 3713/3137/3713
f 3586/3140/3586 3712/3162/3712 3713/3137/3713
f 3711/3163/3711 3712/3162/3712 3674/3161/3674
f 3570/3122/3570 3716/3134/3716 3635/3135/3635
f 3570/3122/3570 3561/3124/3561 3560/3117/3560
vt 0.582708 0.163387
f 3521/3131/3521 3522/3358/3522 3520/3121/3520
vt 0.612903 0.000000
vt 0.612903 0.007782
f 3522/3358/3522 3720/3359/3720 3683/3360/3683
vt 0.591994 0.171331
f 3522/3358/3522 3683/3360/3683 3509/3361/3509
f 3509/3361/3509 3683/3360/3683 3721/2634/3721
f 3521/3131/3521 3720/3359/3720 3522/3358/3522
f 3520/3121/3520 3509/3361/3509 3490/3119/3490
f 3522/3358/3522 3509/3361/3509 3520/3121/3520
f 3490/3119/3490 3509/3361/3509 3491/2637/3491
f 3580/3139/3580 3587/3141/3587 3558/3113/3558
f 3587/3141/3587 3570/3122/3570 3558/3113/3558
f 3501/3110/3501 3482/3118/3482 3424/3106/3424
f 3520/3121/3520 3490/3119/3490 3482/3118/3482
f 3482/3118/3482 3439/3120/3439 3434/3107/3434
f 3559/3114/3559 3546/3115/3546 3537/3111/3537
f 3518/3112/3518 3558/3113/3558 3537/3111/3537
f 3537/3111/3537 3519/3116/3519 3500/3105/3500
f 3519/3116/3519 3501/3110/3501 3500/3105/3500
f 3382/3102/3382 3303/3104/3303 3362/3103/3362
f 3236/2638/3236 3434/3107/3434 3387/2639/3387
f 3434/3107/3434 3439/3120/3439 3387/2639/3387
f 3278/2996/3278 3434/3107/3434 3236/2638/3236
f 3423/3033/3423 3438/3101/3438 3403/3032/3403
f 3256/2999/3256 3303/3104/3303 3291/2998/3291
f 3362/3103/3362 3303/3104/3303 3256/2999/3256
f 3361/3097/3361 3256/2999/3256 3344/3002/3344
f 3464/3146/3464 3422/3087/3422 3421/3086/3421
f 3316/3089/3316 3420/3145/3420 3432/3144/3432
f 3251/3093/3251 3299/3231/3299 3300/3092/3300
f 3184/3094/3184 3251/3093/3251 3143/3091/3143
f 2949/2909/2949 3043/3096/3043 2813/2864/2813
f 2813/2864/2813 3043/3096/3043 3044/2960/3044
f 3142/3095/3142 3184/3094/3184 3111/3080/3111
f 3316/3089/3316 3360/3088/3360 3334/3084/3334
f 3432/3144/3432 3421/3086/3421 3360/3088/3360
f 3316/3089/3316 3432/3144/3432 3360/3088/3360
f 3334/3084/3334 3360/3088/3360 3349/3085/3349
f 3252/3074/3252 3288/3083/3288 3253/3067/3253
f 3230/3082/3230 3244/3090/3244 3252/3074/3252
f 3145/3077/3145 3204/3068/3204 3131/2966/3131
f 3093/2967/3093 3145/3077/3145 3131/2966/3131
f 3144/3076/3144 3203/3081/3203 3185/3075/3185
f 3145/3077/3145 3185/3075/3185 3204/3068/3204
f 3185/3075/3185 3230/3082/3230 3219/3069/3219
f 3219/3069/3219 3230/3082/3230 3252/3074/3252
f 3317/3073/3317 3289/3070/3289 3263/3064/3263
f 3290/3071/3290 3319/3045/3319 3264/3061/3264
f 3189/3062/3189 3264/3061/3264 3255/3044/3255
f 3252/3074/3252 3231/3066/3231 3219/3069/3219
f 3131/2966/3131 3204/3068/3204 3132/3051/3132
f 3254/3065/3254 3290/3071/3290 3188/3055/3188
f 3290/3071/3290 3245/3063/3245 3188/3055/3188
f 3187/3049/3187 3205/3060/3205 3159/3052/3159
f 3220/3058/3220 3205/3060/3205 3187/3049/3187
f 3160/3053/3160 3161/3054/3161 3096/3048/3096
vt 0.405800 0.294811
f 3146/3362/3146 3113/3047/3113 3161/3054/3161
f 3146/3362/3146 3188/3055/3188 3113/3047/3113
f 3189/3062/3189 3133/3056/3133 3147/3046/3147
f 3245/3063/3245 3189/3062/3189 3147/3046/3147
f 3232/3059/3232 3188/3055/3188 3146/3362/3146
f 3232/3059/3232 3146/3362/3146 3161/3054/3161
f 3205/3060/3205 3161/3054/3161 3160/3053/3160
f 3232/3059/3232 3161/3054/3161 3205/3060/3205
f 3245/3063/3245 3147/3046/3147 3188/3055/3188
f 3205/3060/3205 3160/3053/3160 3159/3052/3159
f 3254/3065/3254 3188/3055/3188 3232/3059/3232
f 3206/3043/3206 3189/3062/3189 3255/3044/3255
f 3189/3062/3189 3206/3043/3206 3133/3056/3133
f 3132/3051/3132 3186/3057/3186 3187/3049/3187
f 3131/2966/3131 3094/3050/3094 3029/2965/3029
f 3029/2965/3029 3094/3050/3094 3095/3038/3095
f 3187/3049/3187 3159/3052/3159 3112/3037/3112
f 3112/3037/3112 3159/3052/3159 3073/2970/3073
f 3096/3048/3096 2973/2971/2973 3073/2970/3073
f 3113/3047/3113 3062/3041/3062 2990/3040/2990
f 3161/3054/3161 3061/3039/3061 3096/3048/3096
f 3206/3043/3206 3255/3044/3255 3233/3030/3233
f 3255/3044/3255 3335/3034/3335 3265/3025/3265
f 3233/3030/3233 3255/3044/3255 3265/3025/3265
f 3133/3056/3133 3190/3042/3190 3009/3035/3009
f 3062/3041/3062 3133/3056/3133 3009/3035/3009
f 3113/3047/3113 2990/3040/2990 3061/3039/3061
f 3096/3048/3096 3047/3036/3047 2973/2971/2973
f 2963/2972/2963 2990/3040/2990 2974/2973/2974
f 3190/3042/3190 3233/3030/3233 3162/3029/3162
f 3349/3085/3349 3422/3087/3422 3423/3033/3423
f 3423/3033/3423 3301/3001/3301 3343/3031/3343
f 3423/3033/3423 3344/3002/3344 3301/3001/3301
f 3301/3001/3301 3302/3000/3302 3277/3024/3277
f 3247/2997/3247 3248/2990/3248 3211/2989/3211
f 3278/2996/3278 3193/2988/3193 3248/2990/3248
f 3222/2995/3222 3247/2997/3247 3211/2989/3211
f 3166/2993/3166 3178/2991/3178 3118/2982/3118
f 3118/2982/3118 3178/2991/3178 3136/2983/3136
f 3222/2995/3222 3211/2989/3211 3178/2991/3178
f 3167/2984/3167 3168/2987/3168 3149/2985/3149
f 3248/2990/3248 3193/2988/3193 3102/2934/3102
f 3248/2990/3248 3102/2934/3102 3168/2987/3168
f 3136/2983/3136 3178/2991/3178 3167/2984/3167
f 3050/2980/3050 2993/2949/2993 3075/2979/3075
f 3049/2976/3049 2992/2656/2992 3010/2924/3010
f 2991/2923/2991 3098/3007/3098 3032/2953/3032
f 3009/3035/3009 3031/2955/3031 2975/2954/2975
f 2963/2972/2963 2974/2973/2974 2916/2921/2916
f 3047/3036/3047 2898/2956/2898 2973/2971/2973
f 2973/2971/2973 2898/2956/2898 2953/2969/2953
f 3144/3076/3144 3093/2967/3093 3008/2962/3008
f 3045/3078/3045 3144/3076/3144 3008/2962/3008
f 3029/2965/3029 3030/2963/3030 2952/2957/2952
f 3029/2965/3029 2951/2961/2951 2897/2958/2897
f 3111/3080/3111 3045/3078/3045 3044/2960/3044
f 3044/2960/3044 3045/3078/3045 2950/2915/2950
f 3045/3078/3045 3008/2962/3008 2950/2915/2950
f 2952/2957/2952 2864/2912/2864 2951/2961/2951
f 2813/2864/2813 3044/2960/3044 2932/2910/2932
f 2865/2917/2865 2953/2969/2953 2826/2878/2826
f 3031/2955/3031 2991/2923/2991 2964/2922/2964
f 2954/2951/2954 2934/2659/2934 2866/2919/2866
f 3048/2952/3048 3010/2924/3010 2934/2659/2934
f 3010/2924/3010 2850/2815/2850 2918/2660/2918
f 3011/2950/3011 2935/2816/2935 2976/2977/2976
f 2976/2977/2976 2935/2816/2935 2878/2657/2878
f 3011/2950/3011 2955/2925/2955 2935/2816/2935
f 3033/2978/3033 2993/2949/2993 3011/2950/3011
f 2993/2949/2993 2936/2926/2936 2955/2925/2955
f 2993/2949/2993 2965/2948/2965 2936/2926/2936
f 2965/2948/2965 2937/2944/2937 2936/2926/2936
vt 0.493364 0.336118
f 2994/2946/2994 2977/2943/2977 2966/3363/2966
f 2994/2946/2994 2995/2941/2995 2977/2943/2977
f 2965/2948/2965 2966/3363/2966 2937/2944/2937
f 2993/2949/2993 3050/2980/3050 3012/2947/3012
f 2965/2948/2965 2994/2946/2994 2966/3363/2966
f 2994/2946/2994 3012/2947/3012 3065/2945/3065
f 2966/3363/2966 2977/2943/2977 2937/2944/2937
f 2977/2943/2977 3013/2942/3013 2978/2649/2978
vt 0.524695 0.310116
f 3016/2928/3016 3077/2938/3077 3078/3364/3078
f 3078/3364/3078 3066/2929/3066 3016/2928/3016
f 3066/2929/3066 3067/2931/3067 3035/2930/3035
vt 0.545283 0.311309
f 3067/2931/3067 3068/3365/3068 3018/2790/3018
f 3079/2932/3079 2968/2787/2968 3068/3365/3068
f 3103/2935/3103 3104/2933/3104 3079/2932/3079
f 3137/2936/3137 3079/2932/3079 3068/3365/3068
f 3137/2936/3137 3068/3365/3068 3067/2931/3067
f 3101/2986/3101 3067/2931/3067 3066/2929/3066
f 3101/2986/3101 3066/2929/3066 3078/3364/3078
f 3136/2983/3136 3078/3364/3078 3077/2938/3077
f 3052/2939/3052 3077/2938/3077 3016/2928/3016
f 3013/2942/3013 3052/2939/3052 3014/2927/3014
f 3013/2942/3013 3034/2940/3034 3052/2939/3052
f 3136/2983/3136 3101/2986/3101 3078/3364/3078
f 3101/2986/3101 3149/2985/3149 3067/2931/3067
f 3149/2985/3149 3137/2936/3137 3067/2931/3067
f 3105/2644/3105 3169/2641/3169 3170/2642/3170
f 3104/2933/3104 3053/2643/3053 3079/2932/3079
f 3079/2932/3079 3019/2788/3019 2968/2787/2968
f 3068/3365/3068 2968/2787/2968 3018/2790/3018
f 3014/2927/3014 3052/2939/3052 3016/2928/3016
f 2978/2649/2978 3013/2942/3013 3014/2927/3014
f 2938/2653/2938 2977/2943/2977 2978/2649/2978
f 2936/2926/2936 2937/2944/2937 2919/2655/2919
f 2976/2977/2976 2878/2657/2878 2992/2656/2992
f 2933/2918/2933 2954/2951/2954 2866/2919/2866
f 2964/2922/2964 2991/2923/2991 2917/2920/2917
f 2804/2874/2804 2916/2921/2916 2917/2920/2917
f 2753/2876/2753 2805/2662/2805 2678/2877/2678
f 2917/2920/2917 2815/2875/2815 2804/2874/2804
f 2914/2916/2914 2849/2959/2849 2837/2911/2837
f 2861/2914/2861 2862/2865/2862 2814/2862/2814
f 2849/2959/2849 2863/2913/2863 2837/2911/2837
f 2864/2912/2864 2825/2879/2825 2752/2866/2752
f 2863/2913/2863 2768/2854/2768 2788/2861/2788
f 2802/2895/2802 2876/3200/2876 2893/2904/2893
f 2782/2894/2782 2876/3200/2876 2802/2895/2802
f 2893/2904/2893 2835/2896/2835 2802/2895/2802
f 2962/2882/2962 2930/2908/2930 2785/2852/2785
vt 0.323488 0.363661
f 2930/2908/2930 2895/3366/2895 2785/2852/2785
f 2930/2908/2930 2948/2907/2948 2895/3366/2895
vt 0.325501 0.362007
f 2948/2907/2948 2859/3367/2859 2895/3366/2895
f 2948/2907/2948 2931/3229/2931 2859/3367/2859
f 2931/3229/2931 3006/2902/3006 2877/2898/2877
f 2896/2899/2896 2949/2909/2949 2860/2880/2860
f 3007/2901/3007 2949/2909/2949 2896/2899/2896
f 2802/2895/2802 2835/2896/2835 2783/2887/2783
f 2606/2893/2606 2510/2892/2510 2491/1041/2491
f 2590/3204/2590 2606/2893/2606 2551/1040/2551
f 2811/513/2811 2781/576/2781 2671/1035/2671
f 2644/1039/2644 2731/514/2731 2589/1021/2589
f 2731/514/2731 2671/1035/2671 2589/1021/2589
f 2671/1035/2671 2781/576/2781 2509/1036/2509
f 2407/2891/2407 2218/1042/2218 2310/1032/2310
f 2373/1044/2373 2184/1029/2184 2218/1042/2218
vt 0.292858 0.452272
f 2373/1044/2373 2454/3368/2454 2362/1043/2362
vt 0.304164 0.474822
f 2362/1043/2362 2374/3369/2374 2240/1028/2240
f 2374/3369/2374 2241/1045/2241 2240/1028/2240
f 2241/1045/2241 2374/3369/2374 2392/1048/2392
f 2433/1055/2433 2554/1050/2554 2392/1048/2392
f 2433/1055/2433 2514/1054/2514 2554/1050/2554
vt 0.327490 0.462349
f 2392/1048/2392 2408/3370/2408 2433/1055/2433
f 2374/3369/2374 2408/3370/2408 2392/1048/2392
vt 0.300334 0.439035
f 2454/3368/2454 2473/3371/2473 2362/1043/2362
f 2362/1043/2362 2473/3371/2473 2374/3369/2374
f 2374/3369/2374 2473/3371/2473 2408/3370/2408
vt 0.324373 0.441697
f 2408/3370/2408 2473/3371/2473 2511/3372/2511
vt 0.327919 0.450280
f 2511/3372/2511 2474/3373/2474 2408/3370/2408
f 2408/3370/2408 2474/3373/2474 2455/1053/2455
vt 0.330367 0.443435
f 2512/3374/2512 2455/1053/2455 2474/3373/2474
f 2511/3372/2511 2512/3374/2512 2474/3373/2474
vt 0.317166 0.421561
f 2473/3371/2473 2607/3375/2607 2511/3372/2511
vt 0.326621 0.428604
f 2645/3376/2645 2512/3374/2512 2511/3372/2511
vt 0.335333 0.445727
f 2455/1053/2455 2512/3374/2512 2513/3377/2513
vt 0.340296 0.433588
vt 0.337199 0.418330
f 2575/3378/2575 2672/3379/2672 2591/1056/2591
f 2672/3379/2672 2673/1063/2673 2591/1056/2591
vt 0.334681 0.428428
f 2553/3380/2553 2672/3379/2672 2575/3378/2575
f 2513/3377/2513 2553/3380/2553 2575/3378/2575
f 2512/3374/2512 2553/3380/2553 2513/3377/2513
vt 0.331334 0.423034
vt 0.333826 0.412802
f 2646/3381/2646 2688/3382/2688 2553/3380/2553
f 2553/3380/2553 2688/3382/2688 2672/3379/2672
vt 0.326131 0.394633
f 2812/3383/2812 2646/3381/2646 2645/3376/2645
f 2764/2883/2764 2812/3383/2812 2645/3376/2645
f 2646/3381/2646 2553/3380/2553 2512/3374/2512
f 2645/3376/2645 2646/3381/2646 2512/3374/2512
vt 0.320621 0.417536
f 2625/3384/2625 2645/3376/2645 2511/3372/2511
f 2624/2886/2624 2749/2885/2749 2607/3375/2607
vt 0.315759 0.395726
f 2749/2885/2749 2784/3385/2784 2607/3375/2607
f 2625/3384/2625 2764/2883/2764 2645/3376/2645
vt 0.330449 0.408895
f 2702/3386/2702 2750/2851/2750 2688/3382/2688
f 2688/3382/2688 2786/2848/2786 2672/3379/2672
f 2786/2848/2786 2673/1063/2673 2672/3379/2672
f 2719/2847/2719 2751/1072/2751 2673/1063/2673
f 2787/2846/2787 2751/1072/2751 2719/2847/2719
f 2812/3383/2812 2750/2851/2750 2702/3386/2702
f 2687/2888/2687 2624/2886/2624 2552/2889/2552
f 2701/2884/2701 2624/2886/2624 2687/2888/2687
f 2373/1044/2373 2453/2890/2453 2454/3368/2454
f 2624/2886/2624 2473/3371/2473 2552/2889/2552
f 2552/2889/2552 2473/3371/2473 2454/3368/2454
f 2453/2890/2453 2552/2889/2552 2454/3368/2454
f 2784/3385/2784 2764/2883/2764 2625/3384/2625
f 2750/2851/2750 2803/2850/2803 2688/3382/2688
f 2803/2850/2803 2786/2848/2786 2688/3382/2688
f 2719/2847/2719 2673/1063/2673 2786/2848/2786
f 2784/3385/2784 2625/3384/2625 2607/3375/2607
f 2812/3383/2812 2702/3386/2702 2646/3381/2646
f 2702/3386/2702 2688/3382/2688 2646/3381/2646
f 2607/3375/2607 2625/3384/2625 2511/3372/2511
f 2473/3371/2473 2624/2886/2624 2607/3375/2607
f 2453/2890/2453 2373/1044/2373 2218/1042/2218
f 2783/2887/2783 2835/2896/2835 2701/2884/2701
f 2749/2885/2749 2894/2881/2894 2784/3385/2784
f 2894/2881/2894 2764/2883/2764 2784/3385/2784
f 2764/2883/2764 2785/2852/2785 2812/3383/2812
f 2895/3366/2895 2859/3367/2859 2765/2849/2765
f 2859/3367/2859 2803/2850/2803 2765/2849/2765
f 2859/3367/2859 2931/3229/2931 2803/2850/2803
f 2803/2850/2803 2931/3229/2931 2786/2848/2786
f 2931/3229/2931 2877/2898/2877 2787/2846/2787
f 2877/2898/2877 2836/2900/2836 2787/2846/2787
f 2896/2899/2896 2860/2880/2860 2836/2900/2836
f 2860/2880/2860 2703/1064/2703 2836/2900/2836
f 2837/2911/2837 2788/2861/2788 2767/2853/2767
f 2720/2867/2720 2705/2860/2705 2576/2842/2576
f 2733/2869/2733 2753/2876/2753 2594/2856/2594
f 2815/2875/2815 2733/2869/2733 2652/2868/2652
f 2610/2857/2610 2804/2874/2804 2815/2875/2815
f 2720/2867/2720 2838/2870/2838 2705/2860/2705
f 2706/2873/2706 2651/2858/2651 2650/2859/2650
f 2706/2873/2706 2610/2857/2610 2651/2858/2651
f 2705/2860/2705 2769/2871/2769 2649/2855/2649
f 2769/2871/2769 2650/2859/2650 2649/2855/2649
f 2769/2871/2769 2706/2873/2706 2650/2859/2650
f 2804/2874/2804 2610/2857/2610 2706/2873/2706
f 2594/2856/2594 2678/2877/2678 2611/2801/2611
f 2652/2868/2652 2733/2869/2733 2557/2841/2557
f 2752/2866/2752 2626/2843/2626 2609/1075/2609
f 2649/2855/2649 2650/2859/2650 2515/378/2515
f 2650/2859/2650 2556/1077/2556 2515/378/2515
f 2651/2858/2651 2577/1080/2577 2516/1079/2516
f 2651/2858/2651 2516/1079/2516 2556/1077/2556
f 2931/3229/2931 2787/2846/2787 2786/2848/2786
f 2895/3366/2895 2765/2849/2765 2785/2852/2785
f 2785/2852/2785 2750/2851/2750 2812/3383/2812
f 2836/2900/2836 2751/1072/2751 2787/2846/2787
f 2836/2900/2836 2703/1064/2703 2751/1072/2751
f 2689/1071/2689 2648/1070/2648 2647/1065/2647
f 2626/2843/2626 2576/2842/2576 2494/1068/2494
f 2494/1068/2494 2576/2842/2576 2456/1076/2456
f 2533/2840/2533 2534/2730/2534 2412/2709/2412
f 2678/2877/2678 2721/2663/2721 2611/2801/2611
f 2955/2925/2955 2899/2814/2899 2935/2816/2935
f 2936/2926/2936 2900/2818/2900 2899/2814/2899
f 2919/2655/2919 2920/2654/2920 2879/2817/2879
f 2938/2653/2938 2978/2649/2978 2939/2652/2939
f 2978/2649/2978 3014/2927/3014 3015/2650/3015
f 2979/2651/2979 3015/2650/3015 2967/2828/2967
f 3015/2650/3015 2996/2793/2996 2967/2828/2967
f 3016/2928/3016 2996/2793/2996 3015/2650/3015
f 3035/2930/3035 3017/2647/3017 2980/2646/2980
f 3053/2643/3053 2997/2836/2997 3019/2788/3019
f 2997/2836/2997 3053/2643/3053 3020/2645/3020
f 3439/3120/3439 3453/2769/3453 3387/2639/3387
f 3509/3361/3509 3502/2633/3502 3491/2637/3491
f 3492/2636/3492 3722/2635/3722 3657/2782/3657
f 3509/3361/3509 3721/2634/3721 3502/2633/3502
f 3683/3360/3683 3720/3359/3720 3721/2634/3721
f 3521/3131/3521 3719/3132/3719 3720/3359/3720
f 3538/3129/3538 3718/3133/3718 3719/3132/3719
f 3551/3127/3551 3717/3126/3717 3718/3133/3718
f 3455/2778/3455 3726/2779/3726 3727/2630/3727
f 3456/2629/3456 3729/2631/3729 3426/2628/3426
f 3405/2620/3405 3406/2622/3406 3389/2621/3389
f 3426/2628/3426 3729/2631/3729 3730/2627/3730
f 3389/2621/3389 3336/2609/3336 3345/2610/3345
f 3405/2620/3405 3389/2621/3389 3345/2610/3345
f 3375/2616/3375 3404/2770/3404 3388/2617/3388
f 3292/2614/3292 3363/2615/3363 3383/2773/3383
f 3364/2619/3364 3345/2610/3345 3292/2614/3292
f 3292/2614/3292 3345/2610/3345 3121/2611/3121
f 3327/2605/3327 3351/2606/3351 3320/2598/3320
f 3345/2610/3345 3304/2604/3304 2999/2602/2999
f 3057/2564/3057 2970/2565/2970 2927/2553/2927
f 2970/2565/2970 2971/2603/2971 2943/2556/2943
f 2999/2602/2999 3151/2601/3151 2971/2603/2971
f 2842/2568/2842 3082/2578/3082 2843/2569/2843
vt 0.808308 0.288563
vt 0.802991 0.296158
f 3195/3387/3195 3082/2578/3082 3122/3388/3122
f 2842/2568/2842 3151/2601/3151 3122/3388/3122
f 2928/2567/2928 3151/2601/3151 2842/2568/2842
f 2971/2603/2971 3151/2601/3151 2928/2567/2928
f 2971/2603/2971 2928/2567/2928 2943/2556/2943
vt 0.785778 0.279698
vt 0.796021 0.278200
f 3223/3389/3223 3212/3390/3212 3122/3388/3122
f 3212/3390/3212 3195/3387/3195 3122/3388/3122
vt 0.821983 0.302983
f 3107/3391/3107 3000/2577/3000 3082/2578/3082
vt 0.859636 0.343700
vt 0.866864 0.360672
f 2959/3392/2959 2908/3393/2908 2944/2575/2944
f 2908/3393/2908 2778/2580/2778 2855/2574/2855
f 2778/2580/2778 2844/2581/2844 2745/2571/2745
f 2745/2571/2745 2844/2581/2844 2642/2573/2642
vt 0.853776 0.332824
f 2985/3394/2985 2959/3392/2959 2944/2575/2944
vt 0.839707 0.311632
f 3083/3395/3083 2985/3394/2985 2944/2575/2944
f 3268/2597/3268 3279/2599/3279 3237/2600/3237
vt 0.784313 0.270463
f 3257/3396/3257 3223/3389/3223 3237/2600/3237
f 3257/3396/3257 3212/3390/3212 3223/3389/3223
vt 0.807569 0.272963
f 3212/3390/3212 3238/3397/3238 3195/3387/3195
vt 0.827334 0.290071
f 3195/3387/3195 3173/3398/3173 3107/3391/3107
vt 0.832041 0.302219
f 3173/3398/3173 3123/3399/3123 3107/3391/3107
f 3123/3399/3123 3083/3395/3083 3000/2577/3000
f 3000/2577/3000 3083/3395/3083 3024/2579/3024
vt 0.862370 0.337612
f 3001/3400/3001 2908/3393/2908 2959/3392/2959
vt 0.912564 0.309340
f 2844/2581/2844 3084/3401/3084 3152/2582/3152
f 2844/2581/2844 2908/3393/2908 3084/3401/3084
f 3001/3400/3001 3321/2585/3321 3084/3401/3084
vt 0.850588 0.315107
f 3001/3400/3001 3069/3402/3069 3321/2585/3321
vt 0.918506 0.217899
f 3069/3402/3069 3376/3403/3376 3321/2585/3321
vt 0.891341 0.108949
f 3069/3402/3069 3607/3404/3607 3376/3403/3376
vt 0.908319 0.093385
f 3607/3404/3607 3636/3405/3636 3376/3403/3376
vt 0.928693 0.000000
f 3376/3403/3376 3636/3405/3636 3744/3406/3744
vt 0.918506 0.000000
f 3636/3405/3636 3743/3407/3743 3744/3406/3744
f 3607/3404/3607 3743/3407/3743 3636/3405/3636
vt 0.908319 0.000000
f 3607/3404/3607 3742/3408/3742 3743/3407/3743
vt 0.887946 0.000000
vt 0.884550 0.054475
f 3741/3409/3741 3742/3408/3742 3676/3410/3676
vt 0.852292 0.210117
f 3392/3411/3392 3741/3409/3741 3676/3410/3676
vt 0.840237 0.301558
f 3138/3412/3138 3392/3411/3392 3676/3410/3676
f 3069/3402/3069 3138/3412/3138 3676/3410/3676
vt 0.814938 0.274379
f 3213/3413/3213 3173/3398/3173 3195/3387/3195
vt 0.783790 0.254693
vt 0.797416 0.259802
f 3269/3414/3269 3224/3415/3224 3257/3396/3257
vt 0.767931 0.248373
f 3352/2596/3352 3305/3416/3305 3279/2599/3279
f 3123/3399/3123 3138/3412/3138 3083/3395/3083
f 3173/3398/3173 3138/3412/3138 3123/3399/3123
vt 0.795445 0.249328
vt 0.797963 0.252918
f 3293/3417/3293 3280/3418/3280 3224/3415/3224
vt 0.840407 0.046693
vt 0.857385 0.000000
f 3293/3417/3293 3678/3419/3678 3738/3420/3738
vt 0.850594 0.000000
f 3738/3420/3738 3678/3419/3678 3737/3421/3737
vt 0.791171 0.171206
vt 0.833616 0.000000
f 3503/3422/3503 3735/2591/3735 3736/3423/3736
vt 0.796265 0.175097
f 3503/3422/3503 3736/3423/3736 3493/3424/3493
f 3337/2595/3337 3503/3422/3503 3493/3424/3493
f 3352/2596/3352 3337/2595/3337 3305/3416/3305
vt 0.786078 0.167315
f 3337/2595/3337 3510/3425/3510 3503/3422/3503
f 3337/2595/3337 3625/2592/3625 3510/3425/3510
f 3337/2595/3337 3269/3414/3269 3305/3416/3305
vt 0.784141 0.247069
vt 0.837012 0.058366
f 3306/3426/3306 3675/3427/3675 3293/3417/3293
f 3269/3414/3269 3306/3426/3306 3293/3417/3293
f 3306/3426/3306 3493/3424/3493 3675/3427/3675
f 3337/2595/3337 3493/3424/3493 3306/3426/3306
f 3337/2595/3337 3306/3426/3306 3269/3414/3269
f 3493/3424/3493 3736/3423/3736 3675/3427/3675
f 3510/3425/3510 3735/2591/3735 3503/3422/3503
f 3736/3423/3736 3737/3421/3737 3675/3427/3675
f 3675/3427/3675 3737/3421/3737 3678/3419/3678
f 3293/3417/3293 3675/3427/3675 3678/3419/3678
f 3293/3417/3293 3738/3420/3738 3280/3418/3280
vt 0.860781 0.000000
f 3280/3418/3280 3738/3420/3738 3739/3428/3739
vt 0.802928 0.256317
f 3280/3418/3280 3739/3428/3739 3281/3429/3281
vt 0.852292 0.151751
vt 0.874363 0.000000
f 3540/3430/3540 3740/3431/3740 3741/3409/3741
f 3540/3430/3540 3739/3428/3739 3740/3431/3740
f 3281/3429/3281 3739/3428/3739 3540/3430/3540
f 3213/3413/3213 3281/3429/3281 3540/3430/3540
f 3213/3413/3213 3540/3430/3540 3392/3411/3392
f 3173/3398/3173 3213/3413/3213 3392/3411/3392
f 3224/3415/3224 3280/3418/3280 3281/3429/3281
f 3224/3415/3224 3281/3429/3281 3213/3413/3213
f 3224/3415/3224 3213/3413/3213 3238/3397/3238
f 3269/3414/3269 3293/3417/3293 3224/3415/3224
f 3352/2596/3352 3279/2599/3279 3320/2598/3320
f 3305/3416/3305 3237/2600/3237 3279/2599/3279
f 3305/3416/3305 3257/3396/3257 3237/2600/3237
f 3305/3416/3305 3269/3414/3269 3257/3396/3257
f 3257/3396/3257 3224/3415/3224 3212/3390/3212
f 3083/3395/3083 3138/3412/3138 2985/3394/2985
f 2985/3394/2985 3001/3400/3001 2959/3392/2959
f 3069/3402/3069 3001/3400/3001 2985/3394/2985
f 3138/3412/3138 3069/3402/3069 2985/3394/2985
f 3392/3411/3392 3138/3412/3138 3173/3398/3173
f 3392/3411/3392 3540/3430/3540 3741/3409/3741
f 3607/3404/3607 3676/3410/3676 3742/3408/3742
f 3069/3402/3069 3676/3410/3676 3607/3404/3607
f 3001/3400/3001 3084/3401/3084 2908/3393/2908
f 2908/3393/2908 2844/2581/2844 2778/2580/2778
f 3238/3397/3238 3213/3413/3213 3195/3387/3195
f 3224/3415/3224 3238/3397/3238 3212/3390/3212
f 3107/3391/3107 3123/3399/3123 3000/2577/3000
f 3024/2579/3024 3083/3395/3083 2944/2575/2944
f 3195/3387/3195 3107/3391/3107 3082/2578/3082
f 3151/2601/3151 3223/3389/3223 3122/3388/3122
f 2842/2568/2842 3122/3388/3122 3082/2578/3082
f 2999/2602/2999 3268/2597/3268 3151/2601/3151
f 3151/2601/3151 3237/2600/3237 3223/3389/3223
f 3391/2624/3391 3366/2594/3366 3352/2596/3352
f 3391/2624/3391 3531/2593/3531 3366/2594/3366
f 3625/2592/3625 3735/2591/3735 3510/3425/3510
f 3531/2593/3531 3733/2625/3733 3734/2590/3734
vt 0.772496 0.000000
f 3733/2625/3733 3731/2626/3731 3732/3432/3732
f 3390/2623/3390 3730/2627/3730 3731/2626/3731
vt 0.945671 0.000000
f 3376/3403/3376 3744/3406/3744 3745/3433/3745
vt 0.952462 0.000000
f 3376/3403/3376 3745/3433/3745 3746/3434/3746
f 3376/3403/3376 3746/3434/3746 3747/2588/3747
f 3376/3403/3376 3747/2588/3747 3321/2585/3321
f 3084/3401/3084 3321/2585/3321 3152/2582/3152
f 2745/2571/2745 2642/2573/2642 2669/2572/2669
f 2944/2575/2944 2908/3393/2908 2855/2574/2855
f 3024/2579/3024 2944/2575/2944 2929/2576/2929
f 2843/2569/2843 2763/2257/2763 2799/2557/2799
f 2777/2570/2777 2778/2580/2778 2744/2255/2744
f 2488/2252/2488 2642/2573/2642 3058/2254/3058
f 2970/2565/2970 2885/2554/2885 2927/2553/2927
f 3106/2563/3106 3056/2612/3056 3037/2560/3037
f 3056/2612/3056 3057/2564/3057 3037/2560/3037
f 3037/2560/3037 3057/2564/3057 2984/2558/2984
f 3106/2563/3106 3037/2560/3037 3023/2559/3023
f 2906/2502/2906 2983/2561/2983 2984/2558/2984
f 2983/2561/2983 3037/2560/3037 2984/2558/2984
f 2808/2566/2808 2842/2568/2842 2823/2381/2823
f 2842/2568/2842 2843/2569/2843 2823/2381/2823
f 2907/2501/2907 2797/2552/2797 2807/2494/2807
f 2834/2535/2834 2873/2551/2873 2841/2496/2841
f 2833/2533/2833 2873/2551/2873 2834/2535/2834
f 2873/2551/2873 2833/2533/2833 2884/2538/2884
f 2925/2549/2925 2926/2550/2926 2884/2538/2884
f 2817/2546/2817 2853/2760/2853 2882/2541/2882
f 2773/2750/2773 2853/2760/2853 2817/2546/2817
f 2818/2544/2818 2831/2543/2831 2819/2536/2819
f 2817/2546/2817 2882/2541/2882 2818/2544/2818
vt 0.615182 0.370063
f 2883/2542/2883 2832/3435/2832 2831/2543/2831
f 2831/2543/2831 2832/3435/2832 2820/2530/2820
f 2883/2542/2883 2871/2548/2871 2832/3435/2832
f 2832/3435/2832 2871/2548/2871 2821/2525/2821
f 2871/2548/2871 2854/2540/2854 2821/2525/2821
f 2905/2539/2905 2854/2540/2854 2871/2548/2871
f 2854/2540/2854 2822/2524/2822 2793/2526/2793
f 2854/2540/2854 2793/2526/2793 2821/2525/2821
f 2832/3435/2832 2821/2525/2821 2820/2530/2820
f 2831/2543/2831 2820/2530/2820 2819/2536/2819
f 2818/2544/2818 2819/2536/2819 2791/2529/2791
f 2758/2545/2758 2791/2529/2791 2738/2515/2738
f 2739/2508/2739 2791/2529/2791 2774/2518/2774
f 2738/2515/2738 2791/2529/2791 2739/2508/2739
f 2872/2537/2872 2794/2534/2794 2711/2521/2711
f 2725/2514/2725 2758/2545/2758 2738/2515/2738
f 2757/2516/2757 2758/2545/2758 2725/2514/2725
f 2725/2514/2725 2659/2423/2659 2658/2428/2658
f 2737/2517/2737 2633/2430/2633 2657/2432/2657
f 2738/2515/2738 2739/2508/2739 2660/2424/2660
f 2681/2513/2681 2635/2510/2635 2540/2413/2540
f 2710/2520/2710 2598/2511/2598 2635/2510/2635
f 2682/2512/2682 2636/2505/2636 2460/2476/2460
f 2636/2505/2636 2662/2532/2662 2541/2417/2541
f 2635/2510/2635 2598/2511/2598 2564/2475/2564
f 2681/2513/2681 2540/2413/2540 2581/2506/2581
f 2581/2506/2581 2540/2413/2540 2417/2412/2417
f 2598/2511/2598 2460/2476/2460 2440/2420/2440
f 2662/2532/2662 2691/2522/2691 2599/2488/2599
f 2599/2488/2599 2727/2503/2727 2683/2487/2683
f 2760/2504/2760 2834/2535/2834 2761/2499/2761
f 2834/2535/2834 2841/2496/2841 2795/2497/2795
f 2797/2552/2797 2798/2500/2798 2796/2382/2796
f 2807/2494/2807 2797/2552/2797 2796/2382/2796
f 2761/2499/2761 2834/2535/2834 2795/2497/2795
f 2727/2503/2727 2761/2499/2761 2713/2491/2713
f 2727/2503/2727 2713/2491/2713 2683/2487/2683
f 2728/2492/2728 2740/2498/2740 2714/2490/2714
f 2740/2498/2740 2741/2493/2741 2714/2490/2714
f 2762/2495/2762 2715/2489/2715 2741/2493/2741
f 2795/2497/2795 2762/2495/2762 2741/2493/2741
f 2795/2497/2795 2741/2493/2741 2740/2498/2740
f 2762/2495/2762 2729/2386/2729 2715/2489/2715
f 2683/2487/2683 2713/2491/2713 2663/2486/2663
f 2728/2492/2728 2714/2490/2714 2663/2486/2663
f 2715/2489/2715 2729/2386/2729 2615/2484/2615
f 2729/2386/2729 2567/2385/2567 2615/2484/2615
f 2599/2488/2599 2582/2415/2582 2565/2477/2565
f 2663/2486/2663 2600/2479/2600 2480/2392/2480
f 2615/2484/2615 2567/2385/2567 2522/2388/2522
f 2662/2532/2662 2599/2488/2599 2565/2477/2565
f 2598/2511/2598 2440/2420/2440 2521/2419/2521
f 2396/2300/2396 2661/2427/2661 2539/2411/2539
f 2597/2422/2597 2656/2433/2656 2724/2474/2724
f 2708/2472/2708 2656/2433/2656 2632/2439/2632
f 2630/2747/2630 2736/2471/2736 2631/2473/2631
f 2395/2718/2395 2538/2441/2538 2291/2460/2291
f 2340/2714/2340 2314/2728/2314 2189/2466/2189
f 2363/2713/2363 2364/2467/2364 2188/2452/2188
f 2314/2728/2314 2083/2457/2083 2189/2466/2189
f 2314/2728/2314 2167/2716/2167 2083/2457/2083
f 2167/2716/2167 2190/2465/2190 2054/2464/2054
f 2167/2716/2167 2054/2464/2054 2053/2458/2053
f 2167/2716/2167 2053/2458/2053 2083/2457/2083
f 2189/2466/2189 1964/2456/1964 2188/2452/2188
f 2083/2457/2083 2053/2458/2053 1965/2450/1965
f 2055/2463/2055 2108/2468/2108 2109/2462/2109
f 2110/2446/2110 2109/2462/2109 2223/2459/2223
f 2223/2459/2223 2291/2460/2291 2246/2461/2246
f 2291/2460/2291 2415/2440/2415 2344/2443/2344
f 2223/2459/2223 2246/2461/2246 2084/2444/2084
f 1987/2448/1987 2037/2447/2037 1988/2445/1988
f 2054/2464/2054 1987/2448/1987 2053/2458/2053
f 2053/2458/2053 1987/2448/1987 1914/2449/1914
f 2289/2454/2289 2363/2713/2363 2188/2452/2188
f 2051/2453/2051 2289/2454/2289 2082/2451/2082
f 1939/2670/1939 2051/2453/2051 2052/2074/2052
f 1822/2455/1822 1771/2051/1771 1730/2050/1730
f 1822/2455/1822 1731/2044/1731 1748/2043/1748
f 1965/2450/1965 1711/2039/1711 1731/2044/1731
f 1965/2450/1965 1731/2044/1731 1822/2455/1822
f 2084/2444/2084 2246/2461/2246 2247/2437/2247
f 2246/2461/2246 2344/2443/2344 2247/2437/2247
f 2345/2438/2345 2497/2434/2497 2346/2403/2346
vt 0.561466 0.443170
f 2345/2438/2345 2560/3436/2560 2497/2434/2497
f 2415/2440/2415 2560/3436/2560 2345/2438/2345
f 2559/2442/2559 2630/2747/2630 2560/3436/2560
f 2631/2473/2631 2632/2439/2632 2560/3436/2560
f 2560/3436/2560 2632/2439/2632 2497/2434/2497
f 2344/2443/2344 2415/2440/2415 2345/2438/2345
f 2291/2460/2291 2538/2441/2538 2415/2440/2415
f 2559/2442/2559 2560/3436/2560 2415/2440/2415
f 2630/2747/2630 2631/2473/2631 2560/3436/2560
f 2006/2080/2006 2038/2435/2038 1915/2078/1915
f 2224/2404/2224 2247/2437/2247 2346/2403/2346
f 2633/2430/2633 2498/2429/2498 2562/2431/2562
f 2498/2429/2498 2659/2423/2659 2477/2407/2477
f 2634/2426/2634 2563/2410/2563 2660/2424/2660
f 2563/2410/2563 2634/2426/2634 2499/2425/2499
f 2561/2402/2561 2597/2422/2597 2457/2401/2457
f 2580/2409/2580 2562/2431/2562 2438/2399/2438
f 2562/2431/2562 2498/2429/2498 2439/2406/2439
f 2660/2424/2660 2563/2410/2563 2478/2408/2478
f 2581/2506/2581 2417/2412/2417 2539/2411/2539
f 2564/2475/2564 2459/2421/2459 2458/2414/2458
f 2662/2532/2662 2565/2477/2565 2541/2417/2541
f 2541/2417/2541 2565/2477/2565 2479/2418/2479
f 2565/2477/2565 2500/2478/2500 2479/2418/2479
f 2637/2480/2637 2502/2483/2502 2501/2481/2501
f 2600/2479/2600 2501/2481/2501 2480/2392/2480
f 2460/2476/2460 2397/2311/2397 2440/2420/2440
f 2438/2399/2438 2562/2431/2562 2439/2406/2439
f 2439/2406/2439 2477/2407/2477 2366/2396/2366
f 2498/2429/2498 2477/2407/2477 2439/2406/2439
f 2477/2407/2477 2478/2408/2478 2367/2395/2367
f 2563/2410/2563 2499/2425/2499 2318/2394/2318
f 2499/2425/2499 2396/2300/2396 2318/2394/2318
f 2416/2405/2416 2438/2399/2438 2347/2084/2347
f 2378/2400/2378 2497/2434/2497 2561/2402/2561
f 2038/2435/2038 2056/2082/2056 1823/2077/1823
f 2416/2405/2416 2347/2084/2347 2365/2083/2365
f 2438/2399/2438 2317/2397/2317 2248/2296/2248
f 2192/2398/2192 2366/2396/2366 2193/2295/2193
f 2396/2300/2396 2417/2412/2417 2368/2301/2368
f 2368/2301/2368 2417/2412/2417 2348/2303/2348
f 2348/2303/2348 2349/2310/2349 2293/2304/2293
f 2458/2414/2458 2459/2421/2459 2294/2302/2294
f 2397/2311/2397 2320/2416/2320 2196/2309/2196
f 2320/2416/2320 2268/2312/2268 2196/2309/2196
vt 0.682893 0.493243
f 2169/2313/2169 2295/3437/2295 2130/2281/2130
f 2151/2317/2151 2398/2318/2398 2091/2285/2091
f 2398/2318/2398 2399/2320/2399 2226/2319/2226
vt 0.740619 0.453793
f 2399/2320/2399 2504/3438/2504 2419/2322/2419
f 2419/2322/2419 2504/3438/2504 2400/2335/2400
f 2400/2335/2400 2504/3438/2504 2523/2353/2523
f 2504/3438/2504 2569/2349/2569 2523/2353/2523
f 2504/3438/2504 2542/2378/2542 2569/2349/2569
vt 0.734900 0.435462
vt 0.747353 0.421878
f 2568/3439/2568 2665/3440/2665 2542/2378/2542
f 2398/2318/2398 2504/3438/2504 2399/2320/2399
vt 0.730296 0.454371
f 2398/2318/2398 2503/3441/2503 2504/3438/2504
f 2503/3441/2503 2568/3439/2568 2542/2378/2542
f 2729/2386/2729 2684/2384/2684 2616/2387/2616
f 2568/3439/2568 2684/2384/2684 2638/2383/2638
f 2320/2416/2320 2479/2418/2479 2268/2312/2268
f 2440/2420/2440 2319/2306/2319 2459/2421/2459
f 2440/2420/2440 2397/2311/2397 2319/2306/2319
f 2479/2418/2479 2169/2313/2169 2268/2312/2268
vt 0.691790 0.498052
f 2130/2281/2130 2269/3442/2269 2115/2286/2115
vt 0.699873 0.496930
vt 0.705743 0.490032
f 2253/3443/2253 2350/3444/2350 2116/2316/2116
f 2350/3444/2350 2270/2389/2270 2116/2316/2116
vt 0.695650 0.491896
f 2296/3445/2296 2253/3443/2253 2170/2315/2170
f 2479/2418/2479 2295/3437/2295 2169/2313/2169
f 2479/2418/2479 2500/2478/2500 2295/3437/2295
vt 0.696637 0.512261
f 2252/2393/2252 2296/3445/2296 2197/3446/2197
f 2500/2478/2500 2441/2391/2441 2295/3437/2295
f 2441/2391/2441 2269/3442/2269 2295/3437/2295
f 2502/2483/2502 2253/3443/2253 2296/3445/2296
f 2441/2391/2441 2252/2393/2252 2269/3442/2269
f 2252/2393/2252 2502/2483/2502 2296/3445/2296
f 2502/2483/2502 2350/3444/2350 2253/3443/2253
f 2418/2390/2418 2270/2389/2270 2350/3444/2350
f 2616/2387/2616 2568/3439/2568 2503/3441/2503
f 2684/2384/2684 2568/3439/2568 2616/2387/2616
f 2295/3437/2295 2269/3442/2269 2130/2281/2130
f 2252/2393/2252 2197/3446/2197 2269/3442/2269
f 2151/2317/2151 2270/2389/2270 2398/2318/2398
f 2270/2389/2270 2151/2317/2151 2116/2316/2116
f 2296/3445/2296 2170/2315/2170 2150/2287/2150
f 2296/3445/2296 2150/2287/2150 2197/3446/2197
f 2501/2481/2501 2502/2483/2502 2252/2393/2252
f 2502/2483/2502 2566/2482/2566 2350/3444/2350
f 2566/2482/2566 2418/2390/2418 2350/3444/2350
f 2270/2389/2270 2503/3441/2503 2398/2318/2398
f 2638/2383/2638 2742/2379/2742 2665/3440/2665
f 2743/2346/2743 2776/2380/2776 2808/2566/2808
f 2798/2500/2798 2874/2555/2874 2776/2380/2776
f 2798/2500/2798 2742/2379/2742 2638/2383/2638
f 2742/2379/2742 2798/2500/2798 2776/2380/2776
f 2503/3441/2503 2542/2378/2542 2504/3438/2504
f 2542/2378/2542 2665/3440/2665 2601/2350/2601
f 2568/3439/2568 2638/2383/2638 2665/3440/2665
f 2269/3442/2269 2197/3446/2197 2115/2286/2115
f 2319/2306/2319 2397/2311/2397 2251/2307/2251
f 2460/2476/2460 2320/2416/2320 2397/2311/2397
f 2582/2415/2582 2441/2391/2441 2500/2478/2500
f 2480/2392/2480 2501/2481/2501 2252/2393/2252
f 2522/2388/2522 2418/2390/2418 2566/2482/2566
f 2270/2389/2270 2616/2387/2616 2503/3441/2503
f 2776/2380/2776 2874/2555/2874 2808/2566/2808
f 2808/2566/2808 2823/2381/2823 2743/2346/2743
f 2665/3440/2665 2742/2379/2742 2692/2377/2692
f 2420/2354/2420 2523/2353/2523 2461/2355/2461
f 2461/2355/2461 2523/2353/2523 2524/2371/2524
f 2665/3440/2665 2692/2377/2692 2601/2350/2601
f 2692/2377/2692 2693/2348/2693 2666/2376/2666
f 2743/2346/2743 2693/2348/2693 2692/2377/2692
f 2694/2344/2694 2823/2381/2823 2716/2342/2716
f 2379/2340/2379 2380/2341/2380 2299/2263/2299
f 2420/2354/2420 2461/2355/2461 2402/2336/2402
f 2400/2335/2400 2401/2325/2401 2321/2324/2321
f 2401/2325/2401 2420/2354/2420 2297/2327/2297
f 2422/2337/2422 2351/2329/2351 2421/2334/2421
f 2272/2331/2272 2173/2269/2173 2322/2330/2322
f 2442/2359/2442 2323/2332/2323 2272/2331/2272
f 2323/2332/2323 2403/2338/2403 2229/2271/2229
f 2403/2338/2403 2298/2333/2298 2229/2271/2229
f 2298/2333/2298 2201/2266/2201 2200/2267/2200
f 2420/2354/2420 2402/2336/2402 2297/2327/2297
f 2399/2320/2399 2419/2322/2419 2198/2321/2198
f 2253/3443/2253 2116/2316/2116 2013/2274/2013
f 2253/3443/2253 2013/2274/2013 2170/2315/2170
f 2169/2313/2169 2130/2281/2130 2114/2314/2114
f 2459/2421/2459 2319/2306/2319 2294/2302/2294
f 2458/2414/2458 2294/2302/2294 2349/2310/2349
f 2250/2292/2250 2368/2301/2368 2348/2303/2348
f 2250/2292/2250 2348/2303/2348 2194/2305/2194
f 2196/2309/2196 2268/2312/2268 2114/2314/2114
f 2319/2306/2319 2251/2307/2251 2010/2289/2010
f 2317/2397/2317 2192/2398/2192 1989/2060/1989
f 2192/2398/2192 2086/2085/2086 1989/2060/1989
f 2192/2398/2192 2193/2295/2193 2086/2085/2086
f 2193/2295/2193 2112/2086/2112 2086/2085/2086
f 2225/2294/2225 2148/2298/2148 2113/2057/2113
f 2149/2299/2149 1942/2013/1942 1967/2058/1967
f 2011/2277/2011 2088/2308/2088 1919/2278/1919
f 2088/2308/2088 2089/2279/2089 1919/2278/1919
f 2114/2314/2114 1990/2280/1990 2089/2279/2089
f 2010/2289/2010 2011/2277/2011 1969/2088/1969
f 2010/2289/2010 1969/2088/1969 2009/2290/2009
f 2087/2291/2087 2009/2290/2009 1968/2087/1968
f 2149/2299/2149 2250/2292/2250 1942/2013/1942
f 1891/2276/1891 2087/2291/2087 1968/2087/1968
f 2010/2289/2010 2088/2308/2088 2011/2277/2011
f 2114/2314/2114 2130/2281/2130 1990/2280/1990
f 2250/2292/2250 1891/2276/1891 1942/2013/1942
f 1967/2058/1967 2148/2298/2148 2149/2299/2149
f 2250/2292/2250 2194/2305/2194 2087/2291/2087
f 2251/2307/2251 2088/2308/2088 2010/2289/2010
f 2196/2309/2196 2114/2314/2114 2089/2279/2089
f 2090/2282/2090 2115/2286/2115 1991/2283/1991
f 2014/2273/2014 2015/2284/2015 1895/2272/1895
vt 0.727508 0.547694
f 2015/2284/2015 1920/3447/1920 1895/2272/1895
f 2197/3446/2197 2150/2287/2150 2115/2286/2115
f 1991/2283/1991 2150/2287/2150 2012/2275/2012
f 2170/2315/2170 2013/2274/2013 2012/2275/2012
f 2151/2317/2151 2015/2284/2015 2014/2273/2014
f 2151/2317/2151 2091/2285/2091 2015/2284/2015
f 1891/2276/1891 1968/2087/1968 1788/1978/1788
f 1968/2087/1968 2009/2290/2009 1733/2009/1733
f 2009/2290/2009 1803/2089/1803 1733/2009/1733
f 2009/2290/2009 1969/2088/1969 1803/2089/1803
f 1969/2088/1969 1853/2090/1853 1804/2010/1804
f 2011/2277/2011 1853/2090/1853 1969/2088/1969
f 1991/2283/1991 1894/2092/1894 1893/2012/1893
f 1872/2098/1872 2013/2274/2013 1791/2093/1791
f 2013/2274/2013 1828/2097/1828 1791/2093/1791
f 2015/2284/2015 1873/2134/1873 1920/3447/1920
f 2015/2284/2015 2016/2141/2016 1873/2134/1873
f 2226/2319/2226 2198/2321/2198 2016/2141/2016
f 2016/2141/2016 2198/2321/2198 2117/2145/2117
f 2198/2321/2198 2152/2323/2152 2118/2139/2118
f 2152/2323/2152 2321/2324/2321 2057/2142/2057
vt 0.753207 0.516777
f 2321/2324/2321 2271/2326/2271 2131/3448/2131
f 2271/2326/2271 2153/2143/2153 2131/3448/2131
f 2227/2328/2227 2199/2118/2199 2172/2144/2172
f 2227/2328/2227 2172/2144/2172 2171/2146/2171
f 2297/2327/2297 2227/2328/2227 2171/2146/2171
f 2271/2326/2271 2297/2327/2297 2153/2143/2153
f 2297/2327/2297 2171/2146/2171 2153/2143/2153
f 2091/2285/2091 2226/2319/2226 2016/2141/2016
f 2402/2336/2402 2227/2328/2227 2297/2327/2297
f 2227/2328/2227 2254/2147/2254 2199/2118/2199
f 2351/2329/2351 2228/2268/2228 2154/2148/2154
f 2323/2332/2323 2229/2271/2229 2132/2270/2132
f 2351/2329/2351 2154/2148/2154 2254/2147/2254
f 2154/2148/2154 2058/2131/2058 2019/2101/2019
f 2173/2269/2173 2119/2116/2119 2058/2131/2058
f 2132/2270/2132 2059/2115/2059 2039/2117/2039
f 2200/2267/2200 2201/2266/2201 2060/2114/2060
f 2202/2223/2202 2255/2265/2255 2273/2222/2273
f 2255/2265/2255 2424/2226/2424 2324/2225/2324
vt 0.819780 0.455961
f 2404/3449/2404 2507/2239/2507 2445/2227/2445
vt 0.821339 0.443241
f 2404/3449/2404 2545/3450/2545 2526/2262/2526
f 2545/3450/2545 2640/2260/2640 2526/2262/2526
vt 0.816093 0.455921
f 2381/2264/2381 2444/3451/2444 2404/3449/2404
f 2484/2365/2484 2444/3451/2444 2380/2341/2380
f 2602/2343/2602 2545/3450/2545 2444/3451/2444
f 2381/2264/2381 2380/2341/2380 2444/3451/2444
f 2381/2264/2381 2404/3449/2404 2255/2265/2255
f 2404/3449/2404 2444/3451/2444 2545/3450/2545
f 2404/3449/2404 2526/2262/2526 2507/2239/2507
f 2526/2262/2526 2571/2245/2571 2507/2239/2507
f 2667/2261/2667 2571/2245/2571 2526/2262/2526
f 2424/2226/2424 2404/3449/2404 2445/2227/2445
f 2255/2265/2255 2404/3449/2404 2424/2226/2424
f 2484/2365/2484 2602/2343/2602 2444/3451/2444
f 2602/2343/2602 2640/2260/2640 2545/3450/2545
f 2571/2245/2571 2667/2261/2667 2620/2246/2620
f 2668/2345/2668 2620/2246/2620 2667/2261/2667
f 2641/2259/2641 2603/2247/2603 2620/2246/2620
f 2603/2247/2603 2641/2259/2641 2586/2248/2586
f 2695/2256/2695 2668/2345/2668 2763/2257/2763
f 2777/2570/2777 2744/2255/2744 2695/2256/2695
f 2604/2251/2604 2488/2252/2488 2467/2250/2467
f 3086/2584/3086 2909/2253/2909 3058/2254/3058
f 2467/2250/2467 2488/2252/2488 2356/2210/2356
f 2467/2250/2467 2356/2210/2356 2355/2211/2355
f 2507/2239/2507 2571/2245/2571 2546/2240/2546
f 2546/2240/2546 2527/2242/2527 2465/2241/2465
f 2603/2247/2603 2485/2243/2485 2527/2242/2527
f 2486/2232/2486 2586/2248/2586 2572/2235/2572
f 2586/2248/2586 2486/2232/2486 2485/2243/2485
f 2426/2217/2426 2445/2227/2445 2464/2236/2464
f 2427/2238/2427 2353/2212/2353 2369/2214/2369
f 2427/2238/2427 2446/2237/2446 2353/2212/2353
f 2446/2237/2446 2384/2228/2384 2353/2212/2353
f 2465/2241/2465 2447/2244/2447 2385/2229/2385
f 2465/2241/2465 2385/2229/2385 2384/2228/2384
f 2447/2244/2447 2354/2230/2354 2385/2229/2385
f 2486/2232/2486 2277/2231/2277 2354/2230/2354
f 2446/2237/2446 2465/2241/2465 2384/2228/2384
f 2527/2242/2527 2447/2244/2447 2465/2241/2465
f 2447/2244/2447 2486/2232/2486 2354/2230/2354
f 2487/2233/2487 2428/2234/2428 2259/2208/2259
f 2426/2217/2426 2427/2238/2427 2369/2214/2369
f 2255/2265/2255 2324/2225/2324 2273/2222/2273
f 2256/2219/2256 2324/2225/2324 2325/2224/2325
f 2324/2225/2324 2382/2218/2382 2325/2224/2325
f 2093/2149/2093 2273/2222/2273 2061/2108/2061
f 2326/2220/2326 2382/2218/2382 2383/2198/2383
f 2382/2218/2382 2426/2217/2426 2383/2198/2383
f 2325/2224/2325 2382/2218/2382 2326/2220/2326
f 2382/2218/2382 2424/2226/2424 2425/2216/2425
f 2175/2181/2175 2326/2220/2326 2300/2194/2300
f 2174/2151/2174 2155/2215/2155 2062/2152/2062
f 2300/2194/2300 2326/2220/2326 2383/2198/2383
f 2352/2213/2352 2258/2199/2258 2231/2192/2231
f 2353/2212/2353 2275/2201/2275 2176/2191/2176
f 2385/2229/2385 2303/2200/2303 2275/2201/2275
f 2303/2200/2303 2276/2202/2276 2205/2179/2205
f 2159/2190/2159 2178/2207/2178 2065/2187/2065
f 2277/2231/2277 2487/2233/2487 2159/2190/2159
f 2277/2231/2277 2159/2190/2159 2276/2202/2276
f 2487/2233/2487 2259/2208/2259 2159/2190/2159
f 2355/2211/2355 2232/2206/2232 2259/2208/2259
f 2605/2209/2605 2909/2253/2909 2746/1501/2746
f 2232/2206/2232 2355/2211/2355 2206/2205/2206
f 2232/2206/2232 2120/2203/2120 2022/2189/2022
vt 0.909387 0.534770
f 2178/2207/2178 2022/2189/2022 2099/3452/2099
f 2178/2207/2178 2099/3452/2099 2065/2187/2065
f 2176/2191/2176 2275/2201/2275 2177/2186/2177
f 2352/2213/2352 2231/2192/2231 2302/2193/2302
f 2383/2198/2383 2369/2214/2369 2274/2196/2274
f 2257/2195/2257 2301/2197/2301 2274/2196/2274
f 2300/2194/2300 2301/2197/2301 2257/2195/2257
f 2203/2182/2203 2257/2195/2257 2204/2183/2204
f 2204/2183/2204 2157/2184/2157 2095/2169/2095
f 2302/2193/2302 2158/2185/2158 2157/2184/2157
f 2158/2185/2158 2231/2192/2231 2096/2170/2096
f 2275/2201/2275 2134/2173/2134 2177/2186/2177
f 2275/2201/2275 2205/2179/2205 2134/2173/2134
f 2022/2189/2022 2120/2203/2120 1926/2167/1926
f 2099/3452/2099 2022/2189/2022 1952/2188/1952
f 2099/3452/2099 1952/2188/1952 2065/2187/2065
f 2177/2186/2177 2097/2174/2097 2064/2171/2064
f 2231/2192/2231 2064/2171/2064 2096/2170/2096
f 2062/2152/2062 2155/2215/2155 2156/2180/2156
f 2133/2155/2133 2203/2182/2203 2094/2156/2094
f 2063/2157/2063 2095/2169/2095 1924/2158/1924
f 2157/2184/2157 2040/2159/2040 2095/2169/2095
f 2158/2185/2158 2096/2170/2096 2040/2159/2040
f 2064/2171/2064 2097/2174/2097 1993/2172/1993
f 1950/2176/1950 1952/2188/1952 1951/2168/1951
f 1952/2188/1952 1879/2166/1879 1951/2168/1951
f 1952/2188/1952 1926/2167/1926 1879/2166/1879
f 2120/2203/2120 1901/2177/1901 1926/2167/1926
f 1901/2177/1901 1644/1506/1644 1926/2167/1926
f 2097/2174/2097 1994/2162/1994 1993/2172/1993
f 1993/2172/1993 1994/2162/1994 1899/1726/1899
f 1994/2162/1994 2021/2163/2021 1900/1725/1900
f 2097/2174/2097 2021/2163/2021 1994/2162/1994
f 1949/2164/1949 1950/2176/1950 1925/2165/1925
f 1925/2165/1925 1951/2168/1951 1862/1723/1862
f 1879/2166/1879 1926/2167/1926 1701/1718/1701
f 1925/2165/1925 1862/1723/1862 1861/1724/1861
f 1861/1724/1861 1862/1723/1862 1812/1722/1812
f 1993/2172/1993 1899/1726/1899 1977/2161/1977
f 2156/2180/2156 2133/2155/2133 2020/2153/2020
f 2254/2147/2254 2154/2148/2154 1944/2129/1944
f 2321/2324/2321 2131/3448/2131 2057/2142/2057
f 2152/2323/2152 2057/2142/2057 2118/2139/2118
f 2198/2321/2198 2118/2139/2118 2117/2145/2117
f 2057/2142/2057 2131/3448/2131 2018/2137/2018
f 2131/3448/2131 2153/2143/2153 2018/2137/2018
f 2117/2145/2117 2118/2139/2118 2017/2136/2017
f 1920/3447/1920 1873/2134/1873 1854/2096/1854
f 1895/2272/1895 1920/3447/1920 1854/2096/1854
f 2017/2136/2017 2118/2139/2118 1896/2135/1896
f 2118/2139/2118 2057/2142/2057 1943/2126/1943
f 2199/2118/2199 1944/2129/1944 1971/2119/1971
f 2058/2131/2058 2119/2116/2119 1972/2104/1972
f 2132/2270/2132 2039/2117/2039 2119/2116/2119
f 2039/2117/2039 2059/2115/2059 1945/2130/1945
f 1945/2130/1945 2059/2115/2059 1973/2113/1973
f 2060/2114/2060 2093/2149/2093 1974/2112/1974
f 1875/2105/1875 1973/2113/1973 1876/2110/1876
f 1833/1747/1833 1875/2105/1875 1876/2110/1876
f 1974/2112/1974 1877/1746/1877 1834/1745/1834
f 1877/1746/1877 1976/2109/1976 1858/1744/1858
vt 0.825194 0.568213
f 1947/2106/1947 1737/3453/1737 1806/1736/1806
f 1737/3453/1737 1948/2154/1948 1807/1743/1807
f 1948/2154/1948 1922/2107/1922 1835/1742/1835
f 1835/1742/1835 1922/2107/1922 1836/1740/1836
f 1975/2150/1975 1976/2109/1976 1877/1746/1877
f 2062/2152/2062 1948/2154/1948 1737/3453/1737
f 2020/2153/2020 1922/2107/1922 1948/2154/1948
f 1976/2109/1976 1947/2106/1947 1858/1744/1858
f 1974/2112/1974 1975/2150/1975 1877/1746/1877
f 2174/2151/2174 2062/2152/2062 1947/2106/1947
f 1947/2106/1947 2062/2152/2062 1737/3453/1737
f 2020/2153/2020 2133/2155/2133 1922/2107/1922
f 2133/2155/2133 1923/1741/1923 1922/2107/1922
f 1948/2154/1948 1835/1742/1835 1807/1743/1807
f 1833/1747/1833 1876/2110/1876 1834/1745/1834
f 1734/2125/1734 1516/1768/1516 1565/1752/1565
f 1805/1821/1805 1717/2124/1717 1655/1755/1655
f 1791/2093/1791 1755/2094/1755 1716/1984/1716
f 1791/2093/1791 1828/2097/1828 1755/2094/1755
f 1894/2092/1894 1791/2093/1791 1754/1822/1754
f 1892/2091/1892 1893/2012/1893 1697/1823/1697
f 1871/2011/1871 1892/2091/1892 1790/1826/1790
f 1919/2278/1919 1871/2011/1871 1853/2090/1853
f 1968/2087/1968 1733/2009/1733 1789/2008/1789
f 2148/2298/2148 1967/2058/1967 2008/2027/2008
f 2148/2298/2148 2008/2027/2008 2113/2057/2113
f 2248/2296/2248 2317/2397/2317 1989/2060/1989
f 2248/2296/2248 1989/2060/1989 2085/2064/2085
f 2086/2085/2086 2112/2086/2112 1941/2056/1941
f 2248/2296/2248 2085/2064/2085 2168/2065/2168
f 2347/2084/2347 2168/2065/2168 2147/2063/2147
f 2378/2400/2378 2365/2083/2365 2316/2066/2316
f 2056/2082/2056 2316/2066/2316 2111/2062/2111
f 1772/2076/1772 1823/2077/1823 1712/2052/1712
f 1711/2039/1711 1868/2075/1868 1650/2040/1650
f 1822/2455/1822 1748/2043/1748 1771/2051/1771
f 2052/2074/2052 1730/2050/1730 1802/2049/1802
f 1802/2049/1802 1939/2670/1939 2052/2074/2052
f 1849/2072/1849 1939/2670/1939 1802/2049/1802
f 1821/2069/1821 1960/2070/1960 1848/2068/1848
f 1960/2070/1960 1849/2072/1849 1848/2068/1848
f 1849/2072/1849 1802/2049/1802 1728/2048/1728
f 1672/1095/1672 1802/2049/1802 1729/2046/1729
f 1732/2053/1732 1850/2038/1850 1824/2024/1824
f 1850/2038/1850 1966/2081/1966 2111/2062/2111
f 2007/2061/2007 1916/2028/1916 1940/2031/1940
f 1940/2031/1940 1916/2028/1916 1851/2025/1851
f 1989/2060/1989 1917/2019/1917 1852/2055/1852
f 1917/2019/1917 1918/2059/1918 1869/2020/1869
f 1967/2058/1967 1826/2014/1826 2008/2027/2008
f 1941/2056/1941 2113/2057/2113 1870/2016/1870
f 1918/2059/1918 1890/2026/1890 1869/2020/1869
f 1940/2031/1940 2111/2062/2111 2007/2061/2007
f 2111/2062/2111 1940/2031/1940 1850/2038/1850
f 1730/2050/1730 1584/2047/1584 1729/2046/1729
f 1848/2068/1848 1849/2072/1849 1728/2048/1728
vt 0.501882 0.656100
vt 0.482508 0.646702
f 1347/3454/1347 1408/3455/1408 1483/1098/1483
vt 0.494375 0.675091
f 1234/3456/1234 1177/1110/1177 1176/1106/1176
f 1323/1108/1323 1234/3456/1234 1176/1106/1176
vt 0.492214 0.660217
f 1324/3457/1324 1234/3456/1234 1323/1108/1323
f 1159/1113/1159 1061/1847/1061 1044/1114/1044
vt 0.537113 0.680655
f 1125/1112/1125 1198/3458/1198 1159/1113/1159
vt 0.513770 0.668501
f 1324/3457/1324 1347/3454/1347 1262/3459/1262
f 1159/1113/1159 1160/2033/1160 1107/1999/1107
vt 0.552940 0.641432
vt 0.554982 0.633311
vt 0.556341 0.645964
f 1451/3460/1451 1486/3461/1486 1348/3462/1348
vt 0.547999 0.637937
vt 0.550779 0.648534
f 1485/3463/1485 1451/3460/1451 1391/3464/1391
vt 0.541390 0.648726
f 1484/2045/1484 1485/3463/1485 1409/3465/1409
vt 0.525187 0.645507
f 1390/3466/1390 1347/3454/1347 1483/1098/1483
f 1347/3454/1347 1390/3466/1390 1262/3459/1262
f 1159/1113/1159 1198/3458/1198 1160/2033/1160
f 1198/3458/1198 1235/2034/1235 1160/2033/1160
vt 0.540241 0.671282
f 1263/3467/1263 1235/2034/1235 1198/3458/1198
f 1262/3459/1262 1263/3467/1263 1198/3458/1198
f 1390/3466/1390 1263/3467/1263 1262/3459/1262
vt 0.543380 0.662287
vt 0.550687 0.663956
f 1325/3468/1325 1284/3469/1284 1235/2034/1235
vt 0.556371 0.660575
f 1235/2034/1235 1305/3470/1305 1264/2000/1264
vt 0.553314 0.653431
f 1326/3471/1326 1348/3462/1348 1305/3470/1305
vt 0.563149 0.640026
f 1348/3462/1348 1469/3472/1469 1349/2035/1349
f 1326/3471/1326 1284/3469/1284 1325/3468/1325
vt 0.533765 0.645720
f 1431/3473/1431 1409/3465/1409 1325/3468/1325
f 1409/3465/1409 1391/3464/1391 1326/3471/1326
f 1391/3464/1391 1451/3460/1451 1326/3471/1326
f 1326/3471/1326 1451/3460/1451 1348/3462/1348
f 1485/3463/1485 1391/3464/1391 1409/3465/1409
f 1431/3473/1431 1325/3468/1325 1263/3467/1263
f 1409/3465/1409 1326/3471/1326 1325/3468/1325
f 1235/2034/1235 1284/3469/1284 1305/3470/1305
f 1284/3469/1284 1326/3471/1326 1305/3470/1305
f 1390/3466/1390 1431/3473/1431 1263/3467/1263
f 1325/3468/1325 1235/2034/1235 1263/3467/1263
vt 0.528715 0.622205
f 1530/3474/1530 1390/3466/1390 1483/1098/1483
f 1390/3466/1390 1530/3474/1530 1431/3473/1431
f 1583/1094/1583 1584/2047/1584 1530/3474/1530
f 1584/2047/1584 1771/2051/1771 1530/3474/1530
f 1486/3461/1486 1469/3472/1469 1348/3462/1348
f 1486/3461/1486 1560/2054/1560 1469/3472/1469
f 1484/2045/1484 1649/2042/1649 1485/3463/1485
f 1771/2051/1771 1748/2043/1748 1530/3474/1530
vt 0.550900 0.614908
f 1531/3475/1531 1560/2054/1560 1486/3461/1486
f 1560/2054/1560 1532/2036/1532 1469/3472/1469
f 1650/2040/1650 1531/3475/1531 1512/2041/1512
f 1560/2054/1560 1585/2037/1585 1532/2036/1532
f 1732/2053/1732 1585/2037/1585 1560/2054/1560
f 1530/3474/1530 1748/2043/1748 1484/2045/1484
f 1649/2042/1649 1512/2041/1512 1485/3463/1485
f 1512/2041/1512 1531/3475/1531 1451/3460/1451
f 1531/3475/1531 1486/3461/1486 1451/3460/1451
f 1530/3474/1530 1484/2045/1484 1431/3473/1431
f 1583/1094/1583 1530/3474/1530 1483/1098/1483
f 1484/2045/1484 1409/3465/1409 1431/3473/1431
f 1512/2041/1512 1451/3460/1451 1485/3463/1485
f 1305/3470/1305 1348/3462/1348 1349/2035/1349
f 1324/3457/1324 1262/3459/1262 1234/3456/1234
f 1107/1999/1107 1061/1847/1061 1159/1113/1159
f 1262/3459/1262 1198/3458/1198 1125/1112/1125
f 1262/3459/1262 1125/1112/1125 1234/3456/1234
f 1408/3455/1408 1324/3457/1324 1323/1108/1323
f 1234/3456/1234 1125/1112/1125 1177/1110/1177
vt 0.465831 0.661208
f 1260/1107/1260 1261/3476/1261 1323/1108/1323
f 1346/1104/1346 1261/3476/1261 1260/1107/1260
f 1389/1101/1389 1430/1100/1430 1346/1104/1346
f 1346/1104/1346 1430/1100/1430 1261/3476/1261
f 1323/1108/1323 1430/1100/1430 1408/3455/1408
f 1261/3476/1261 1430/1100/1430 1323/1108/1323
f 1408/3455/1408 1347/3454/1347 1324/3457/1324
f 1430/1100/1430 1450/1099/1450 1408/3455/1408
f 1583/1094/1583 1483/1098/1483 1511/1097/1511
f 1731/2044/1731 1649/2042/1649 1484/2045/1484
f 1650/2040/1650 1772/2076/1772 1531/3475/1531
f 1772/2076/1772 1560/2054/1560 1531/3475/1531
f 1712/2052/1712 1560/2054/1560 1772/2076/1772
f 1732/2053/1732 1824/2024/1824 1585/2037/1585
f 1469/3472/1469 1532/2036/1532 1392/1997/1392
f 1349/2035/1349 1469/3472/1469 1392/1997/1392
f 1327/2032/1327 1305/3470/1305 1349/2035/1349
f 1264/2000/1264 1305/3470/1305 1327/2032/1327
f 1586/2001/1586 1824/2024/1824 1587/2002/1587
f 1587/2002/1587 1824/2024/1824 1773/2023/1773
vt 0.604872 0.601966
f 1634/3477/1634 1617/2003/1617 1587/2002/1587
vt 0.612300 0.607348
f 1561/2004/1561 1588/3478/1588 1589/1834/1589
vt 0.609576 0.593515
vt 0.612613 0.600531
f 1673/3479/1673 1618/3480/1618 1634/3477/1634
f 1773/2023/1773 1749/2030/1749 1634/3477/1634
f 1749/2030/1749 1673/3479/1673 1634/3477/1634
f 1673/3479/1673 1713/2022/1713 1618/3480/1618
vt 0.619093 0.587992
f 1713/2022/1713 1714/3481/1714 1618/3480/1618
f 1618/3480/1618 1714/3481/1714 1674/2005/1674
vt 0.616067 0.602620
f 1635/3482/1635 1618/3480/1618 1674/2005/1674
f 1635/3482/1635 1674/2005/1674 1636/1983/1636
f 1674/2005/1674 1752/2017/1752 1694/2007/1694
f 1752/2017/1752 1787/2015/1787 1694/2007/1694
f 1714/3481/1714 1751/2018/1751 1752/2017/1752
f 1750/2021/1750 1714/3481/1714 1713/2022/1713
f 1750/2021/1750 1751/2018/1751 1714/3481/1714
f 1714/3481/1714 1752/2017/1752 1674/2005/1674
f 1825/2029/1825 1713/2022/1713 1673/3479/1673
f 1749/2030/1749 1825/2029/1825 1673/3479/1673
f 1773/2023/1773 1634/3477/1634 1587/2002/1587
f 1561/2004/1561 1617/2003/1617 1588/3478/1588
f 1588/3478/1588 1618/3480/1618 1635/3482/1635
f 1617/2003/1617 1618/3480/1618 1588/3478/1588
f 1617/2003/1617 1634/3477/1634 1618/3480/1618
f 1585/2037/1585 1824/2024/1824 1586/2001/1586
f 1851/2025/1851 1749/2030/1749 1773/2023/1773
f 1852/2055/1852 1713/2022/1713 1825/2029/1825
f 1852/2055/1852 1917/2019/1917 1713/2022/1713
f 1890/2026/1890 1751/2018/1751 1750/2021/1750
f 1870/2016/1870 1787/2015/1787 1752/2017/1752
f 1733/2009/1733 1803/2089/1803 1619/1977/1619
f 1803/2089/1803 1804/2010/1804 1695/1974/1695
f 1853/2090/1853 1753/1980/1753 1804/2010/1804
f 1894/2092/1894 1754/1822/1754 1620/1970/1620
f 1871/2011/1871 1696/1827/1696 1753/1980/1753
f 1803/2089/1803 1695/1974/1695 1676/1976/1676
f 1803/2089/1803 1676/1976/1676 1619/1977/1619
f 1826/2014/1826 1827/1981/1827 1675/1831/1675
f 1715/1830/1715 1826/2014/1826 1675/1831/1675
f 1651/2006/1651 1674/2005/1674 1694/2007/1694
f 1588/3478/1588 1635/3482/1635 1589/1834/1589
f 1561/2004/1561 1589/1834/1589 1533/1833/1533
f 1264/2000/1264 1327/2032/1327 1236/1843/1236
f 1236/1843/1236 1392/1997/1392 1265/1844/1265
f 1410/1996/1410 1487/1837/1487 1393/1839/1393
f 1061/1847/1061 994/1848/994 948/1138/948
f 899/1994/899 949/1993/949 916/1907/916
f 949/1993/949 950/1850/950 916/1907/916
f 949/1993/949 966/1849/966 950/1850/950
f 879/1995/879 916/1907/916 880/1906/880
f 781/1857/781 879/1995/879 834/1897/834
f 878/1992/878 879/1995/879 781/1857/781
f 802/1988/802 853/1131/853 854/1989/854
f 915/1990/915 854/1989/854 853/1131/853
f 878/1992/878 781/1857/781 818/1986/818
f 780/1853/780 818/1986/818 781/1857/781
f 879/1995/879 880/1906/880 834/1897/834
f 916/1907/916 950/1850/950 951/1903/951
f 1265/1844/1265 1199/1840/1199 1108/1911/1108
f 1534/1835/1534 1490/1963/1490 1489/1836/1489
f 1488/1962/1488 1533/1833/1533 1489/1836/1489
f 1589/1834/1589 1635/3482/1635 1636/1983/1636
f 1636/1983/1636 1590/1964/1590 1589/1834/1589
f 1651/2006/1651 1637/1982/1637 1636/1983/1636
f 1694/2007/1694 1638/1832/1638 1637/1982/1637
f 1675/1831/1675 1827/1981/1827 1536/1967/1536
f 1789/2008/1789 1619/1977/1619 1788/1978/1788
f 1804/2010/1804 1652/1979/1652 1695/1974/1695
f 1697/1823/1697 1620/1970/1620 1653/1824/1653
f 1755/2094/1755 1698/1985/1698 1716/1984/1716
f 1774/2095/1774 1756/1820/1756 1698/1985/1698
f 1756/1820/1756 1621/1772/1621 1698/1985/1698
f 1698/1985/1698 1621/1772/1621 1543/1775/1543
f 919/1816/919 904/1668/904 881/1667/881
f 1049/1803/1049 1080/1806/1080 1062/1804/1062
f 983/1808/983 1080/1806/1080 1049/1803/1049
f 1080/1806/1080 1204/1764/1204 1270/1765/1270
f 1471/1760/1471 1333/1779/1333 1415/1762/1415
f 1541/1759/1541 1593/1814/1593 1496/1777/1496
f 1677/1819/1677 1542/1815/1542 1593/1814/1593
f 1593/1814/1593 1542/1815/1542 1433/1811/1433
f 1655/1755/1655 1757/1754/1757 1595/1753/1595
f 1793/1686/1793 1776/1735/1776 1758/1687/1758
f 1793/1686/1793 1832/1749/1832 1776/1735/1776
f 1874/2103/1874 1793/1686/1793 1831/2100/1831
f 1874/2103/1874 1832/1749/1832 1793/1686/1793
f 1921/2102/1921 1832/1749/1832 1874/2103/1874
f 1921/2102/1921 1857/1748/1857 1832/1749/1832
f 1857/1748/1857 1875/2105/1875 1776/1735/1776
f 1877/1746/1877 1858/1744/1858 1760/1734/1760
vt 0.829381 0.600131
f 1806/1736/1806 1737/3453/1737 1700/3483/1700
f 1761/1737/1761 1836/1740/1836 1808/1738/1808
f 1719/1692/1719 1808/1738/1808 1859/1739/1859
f 1923/1741/1923 1859/1739/1859 1808/1738/1808
f 1859/1739/1859 1924/2158/1924 1860/2160/1860
f 1719/1692/1719 1859/1739/1859 1738/1727/1738
f 1737/3453/1737 1807/1743/1807 1700/3483/1700
f 1806/1736/1806 1700/3483/1700 1680/1689/1680
f 1877/1746/1877 1760/1734/1760 1622/1675/1622
f 1718/1678/1718 1759/1688/1759 1679/1679/1679
f 1759/1688/1759 1622/1675/1622 1656/1677/1656
f 1760/1734/1760 1680/1689/1680 1643/1676/1643
f 1807/1743/1807 1761/1737/1761 1547/1602/1547
f 1596/1691/1596 1808/1738/1808 1719/1692/1719
f 1762/1728/1762 1860/2160/1860 1878/1733/1878
f 1859/1739/1859 1860/2160/1860 1762/1728/1762
f 2040/2159/2040 1878/1733/1878 1860/2160/1860
f 1809/1731/1809 1878/1733/1878 1977/2161/1977
f 1809/1731/1809 1977/2161/1977 1899/1726/1899
f 1899/1726/1899 1837/1711/1837 1810/1732/1810
f 1779/1714/1779 1811/1712/1811 1812/1722/1812
f 1879/2166/1879 1722/1717/1722 1765/1715/1765
f 1812/1722/1812 1765/1715/1765 1740/1709/1740
f 1812/1722/1812 1740/1709/1740 1779/1714/1779
f 1721/1708/1721 1658/1706/1658 1683/1700/1683
f 1721/1708/1721 1778/1710/1778 1763/1707/1763
f 1764/1713/1764 1660/1507/1660 1659/1510/1659
f 1764/1713/1764 1740/1709/1740 1660/1507/1660
f 1740/1709/1740 1765/1715/1765 1603/1508/1603
f 1764/1713/1764 1659/1510/1659 1684/1512/1684
f 1763/1707/1763 1764/1713/1764 1684/1512/1684
f 1777/1705/1777 1721/1708/1721 1683/1700/1683
f 1626/1694/1626 1720/1703/1720 1657/1704/1657
f 1777/1705/1777 1682/1702/1682 1720/1703/1720
f 1682/1702/1682 1599/1699/1599 1598/1698/1598
f 1570/1696/1570 1682/1702/1682 1598/1698/1598
f 1570/1696/1570 1598/1698/1598 1521/1697/1521
f 1500/1672/1500 1521/1697/1521 1477/1598/1477
f 1570/1696/1570 1521/1697/1521 1500/1672/1500
f 1761/1737/1761 1596/1691/1596 1547/1602/1547
f 1807/1743/1807 1547/1602/1547 1700/3483/1700
f 1680/1689/1680 1700/3483/1700 1624/1603/1624
f 1436/1685/1436 1517/1770/1517 1642/1670/1642
f 1000/1781/1000 1051/1552/1051 1052/1550/1052
f 1144/1682/1144 1244/1680/1244 1207/1553/1207
f 1357/1684/1357 1358/1563/1358 1310/1606/1310
f 1642/1670/1642 1678/1605/1678 1498/1604/1498
f 1642/1670/1642 1793/1686/1793 1678/1605/1678
f 1679/1679/1679 1656/1677/1656 1567/1583/1567
f 1680/1689/1680 1623/1671/1623 1643/1676/1643
f 1700/3483/1700 1547/1602/1547 1546/1586/1546
f 1596/1691/1596 1519/1690/1519 1547/1602/1547
f 1378/1578/1378 1519/1690/1519 1625/1729/1625
f 1597/1674/1597 1520/1693/1520 1476/1601/1476
f 1520/1693/1520 1500/1672/1500 1476/1601/1476
f 1625/1729/1625 1569/1600/1569 1439/1587/1439
f 1378/1578/1378 1625/1729/1625 1439/1587/1439
f 1519/1690/1519 1378/1578/1378 1547/1602/1547
f 1700/3483/1700 1546/1586/1546 1624/1603/1624
f 1643/1676/1643 1545/1573/1545 1568/1584/1568
f 1567/1583/1567 1656/1677/1656 1568/1584/1568
f 1678/1605/1678 1679/1679/1679 1566/1582/1566
f 939/1669/939 1000/1781/1000 1052/1550/1052
f 859/1666/859 919/1816/919 881/1667/881
f 858/1665/858 919/1816/919 859/1666/859
f 857/1664/857 903/1862/903 858/1665/858
f 682/1645/682 718/1894/718 804/1663/804
f 651/1123/651 671/1855/671 661/1644/661
f 804/1663/804 702/1640/702 701/1646/701
f 701/1646/701 702/1640/702 661/1644/661
f 702/1640/702 804/1663/804 736/1641/736
f 686/1639/686 719/1633/719 687/1637/687
f 637/1638/637 687/1637/687 638/1636/638
f 766/1662/766 836/1630/836 737/1632/737
f 639/1628/639 706/1634/706 720/1627/720
f 638/1636/638 639/1628/639 619/1626/619
f 819/1631/819 836/1630/836 882/1621/882
f 720/1627/720 767/1629/767 784/1623/784
f 767/1629/767 819/1631/819 784/1623/784
f 619/1626/619 645/1615/645 629/1625/629
f 819/1631/819 882/1621/882 860/1620/860
f 939/1669/939 940/1607/940 882/1621/882
f 784/1623/784 819/1631/819 860/1620/860
f 738/1616/738 784/1623/784 752/1618/752
f 738/1616/738 688/1611/688 665/1614/665
vt 0.879457 0.789883
f 708/1612/708 722/3484/722 666/1613/666
vt 0.878323 0.785892
f 708/1612/708 768/3485/768 722/3484/722
vt 0.890528 0.773667
f 768/3485/768 820/3486/820 722/3484/722
vt 0.998302 0.735409
f 722/3484/722 820/3486/820 958/3487/958
vt 0.900386 0.750033
f 958/3487/958 820/3486/820 906/3488/906
vt 0.915110 0.727626
f 906/3488/906 986/3489/986 958/3487/958
vt 0.908119 0.729699
f 906/3488/906 1007/3490/1007 986/3489/986
vt 0.914895 0.713717
f 1007/3490/1007 1084/3491/1084 986/3489/986
vt 0.998302 0.727626
f 986/3489/986 1084/3491/1084 987/3492/987
vt 0.900947 0.722154
vt 0.901803 0.707038
vt 0.911423 0.713365
f 1036/3493/1036 1098/3494/1098 1116/3495/1116
f 1036/3493/1036 1116/3495/1116 1007/3490/1007
vt 0.888947 0.766309
f 862/3496/862 906/3488/906 820/3486/820
vt 0.896778 0.746240
f 906/3488/906 971/3497/971 1007/3490/1007
vt 0.908098 0.692344
f 1098/3494/1098 1115/3498/1115 1116/3495/1116
vt 0.915041 0.690203
f 1116/3495/1116 1168/3499/1168 1084/3491/1084
vt 0.930946 0.684118
f 1084/3491/1084 1168/3499/1168 1150/3500/1150
vt 0.998302 0.696498
f 1150/3500/1150 1117/3501/1117 1084/3491/1084
vt 0.933846 0.674886
f 1150/3500/1150 1277/3502/1277 1117/3501/1117
vt 0.940577 0.661479
f 1277/3502/1277 1296/3503/1296 1117/3501/1117
vt 0.936908 0.661779
f 1382/3504/1382 1296/3503/1296 1277/3502/1277
vt 0.928012 0.678980
f 1212/3505/1212 1277/3502/1277 1150/3500/1150
vt 0.938548 0.645404
f 1382/3504/1382 1317/3506/1317 1296/3503/1296
vt 0.998302 0.618677
f 1296/3503/1296 1317/3506/1317 1522/3507/1522
vt 0.940749 0.624567
f 1317/3506/1317 1505/3508/1505 1522/3507/1522
vt 0.942275 0.610895
f 1505/3508/1505 1573/3509/1573 1522/3507/1522
f 1605/1721/1605 1573/3509/1573 1505/3508/1505
vt 0.936858 0.621612
f 1551/3510/1551 1605/1721/1605 1505/3508/1505
f 1317/3506/1317 1551/3510/1551 1505/3508/1505
vt 0.930872 0.671167
vt 0.931621 0.660267
f 1249/3511/1249 1316/3512/1316 1382/3504/1382
f 1212/3505/1212 1249/3511/1249 1277/3502/1277
vt 0.928086 0.670892
f 1212/3505/1212 1276/3513/1276 1249/3511/1249
f 1276/3513/1276 1316/3512/1316 1249/3511/1249
vt 0.934463 0.654397
f 1316/3512/1316 1365/3514/1365 1382/3504/1382
f 1365/3514/1365 1317/3506/1317 1382/3504/1382
vt 0.920547 0.673836
f 1212/3505/1212 1229/3515/1229 1276/3513/1276
vt 0.911893 0.683967
f 1168/3499/1168 1188/3516/1188 1212/3505/1212
vt 0.922959 0.657107
f 1229/3515/1229 1337/3517/1337 1276/3513/1276
vt 0.926861 0.655634
f 1337/3517/1337 1315/3518/1315 1276/3513/1276
vt 0.924284 0.649633
f 1337/3517/1337 1381/3519/1381 1315/3518/1315
vt 0.924266 0.642302
vt 0.925643 0.637755
f 1381/3519/1381 1422/3520/1422 1402/3521/1402
vt 0.921157 0.645691
f 1401/3522/1401 1422/3520/1422 1381/3519/1381
f 1337/3517/1337 1401/3522/1401 1381/3519/1381
vt 0.918946 0.647203
f 1459/3523/1459 1401/3522/1401 1337/3517/1337
f 1115/3498/1115 1248/1522/1248 1188/3516/1188
f 1116/3495/1116 1188/3516/1188 1168/3499/1168
vt 0.909020 0.662341
vt 0.911749 0.668964
f 1248/1522/1248 1313/3524/1313 1275/3525/1275
vt 0.913244 0.658146
f 1313/3524/1313 1364/3526/1364 1275/3525/1275
vt 0.917114 0.666515
f 1364/3526/1364 1314/3527/1314 1275/3525/1275
f 1314/3527/1314 1337/3517/1337 1229/3515/1229
f 1364/3526/1364 1459/3523/1459 1314/3527/1314
f 1459/3523/1459 1337/3517/1337 1314/3527/1314
f 1248/1522/1248 1275/3525/1275 1188/3516/1188
f 1188/3516/1188 1275/3525/1275 1229/3515/1229
f 1314/3527/1314 1229/3515/1229 1275/3525/1275
vt 0.903489 0.687718
f 1098/3494/1098 1187/3528/1187 1115/3498/1115
vt 0.895222 0.685899
vt 0.895501 0.697855
f 1186/3529/1186 1187/3528/1187 1133/3530/1133
vt 0.892933 0.691337
f 1149/3531/1149 1186/3529/1186 1133/3530/1133
vt 0.884252 0.717156
vt 0.891307 0.700398
vt 0.886834 0.719314
f 1065/3532/1065 1097/3533/1097 1054/3534/1054
vt 0.880780 0.725691
f 1004/3535/1004 1065/3532/1065 1054/3534/1054
vt 0.884157 0.730073
f 1004/3535/1004 1054/3534/1054 1005/3536/1005
vt 0.881703 0.773186
vt 0.876336 0.757398
vt 0.886678 0.759537
f 841/3537/841 883/3538/883 889/3539/889
f 862/3496/862 971/3497/971 906/3488/906
f 1098/3494/1098 1133/3530/1133 1187/3528/1187
vt 0.891073 0.724582
f 1035/3540/1035 1133/3530/1133 1098/3494/1098
vt 0.895364 0.730210
f 1035/3540/1035 1098/3494/1098 1006/3541/1006
vt 0.889922 0.744523
f 889/3539/889 957/3542/957 971/3497/971
f 957/3542/957 1035/3540/1035 1006/3541/1006
vt 0.890672 0.715068
f 1035/3540/1035 1066/3543/1066 1133/3530/1133
f 1066/3543/1066 1097/3533/1097 1133/3530/1133
f 1097/3533/1097 1149/3531/1149 1133/3530/1133
f 1054/3534/1054 1097/3533/1097 1066/3543/1066
f 1005/3536/1005 1066/3543/1066 1035/3540/1035
f 1005/3536/1005 1035/3540/1035 957/3542/957
f 841/3537/841 862/3496/862 820/3486/820
f 768/3485/768 841/3537/841 820/3486/820
f 841/3537/841 889/3539/889 862/3496/862
vt 0.883552 0.747944
f 883/3538/883 942/3544/942 889/3539/889
f 942/3544/942 1005/3536/1005 957/3542/957
f 1005/3536/1005 1054/3534/1054 1066/3543/1066
f 942/3544/942 957/3542/957 889/3539/889
f 971/3497/971 957/3542/957 1036/3493/1036
f 957/3542/957 1006/3541/1006 1036/3493/1036
f 862/3496/862 889/3539/889 971/3497/971
vt 0.872525 0.780957
f 754/3545/754 841/3537/841 768/3485/768
vt 0.876527 0.749511
f 883/3538/883 923/3546/923 942/3544/942
vt 0.875254 0.737081
f 923/3546/923 956/3547/956 942/3544/942
f 942/3544/942 956/3547/956 1005/3536/1005
vt 0.874831 0.729738
f 956/3547/956 985/3548/985 1005/3536/1005
f 985/3548/985 1004/3535/1004 1005/3536/1005
vt 0.870841 0.723481
f 1003/3549/1003 1004/3535/1004 985/3548/985
vt 0.868954 0.729042
f 1003/3549/1003 985/3548/985 984/3550/984
vt 0.863831 0.719134
f 1020/3551/1020 1003/3549/1003 984/3550/984
vt 0.861307 0.722436
f 1020/3551/1020 984/3550/984 1033/3552/1033
vt 0.852696 0.724623
vt 0.857780 0.735695
vt 0.848606 0.724748
f 1032/3553/1032 941/3554/941 1031/3555/1031
f 1053/1546/1053 1081/1548/1081 1111/1547/1111
vt 0.843622 0.722883
vt 0.835101 0.726081
f 1063/1543/1063 1002/3556/1002 970/3557/970
vt 0.831923 0.700715
f 1095/3558/1095 1002/3556/1002 1063/1543/1063
f 1053/1546/1053 1129/1544/1129 1063/1543/1063
f 1181/1542/1181 1095/3558/1095 1063/1543/1063
vt 0.839313 0.704820
f 1095/3558/1095 1082/3559/1082 1002/3556/1002
f 1082/3559/1082 1031/3555/1031 1002/3556/1002
f 1082/3559/1082 1032/3553/1032 1031/3555/1031
f 1112/1541/1112 1033/3552/1033 1032/3553/1032
vt 0.869821 0.714911
vt 0.877294 0.719128
vt 0.867110 0.717857
f 1064/3560/1064 1021/3561/1021 1034/3562/1034
f 1034/3562/1034 1021/3561/1021 1003/3549/1003
vt 0.883844 0.710620
f 1021/3561/1021 1114/3563/1114 1065/3532/1065
f 1004/3535/1004 1021/3561/1021 1065/3532/1065
vt 0.890188 0.690011
f 1114/3563/1114 1167/3564/1167 1097/3533/1097
vt 0.900005 0.677778
f 1186/3529/1186 1228/3565/1228 1187/3528/1187
vt 0.893630 0.673545
vt 0.892151 0.683832
f 1226/1526/1226 1227/3566/1227 1185/3567/1185
f 1227/3566/1227 1228/3565/1228 1186/3529/1186
f 1247/1521/1247 1228/3565/1228 1227/3566/1227
f 1248/1522/1248 1187/3528/1187 1228/3565/1228
f 1248/1522/1248 1380/1520/1380 1313/3524/1313
vt 0.908602 0.632425
f 1441/3568/1441 1364/3526/1364 1380/1520/1380
f 1441/3568/1441 1459/3523/1459 1364/3526/1364
vt 0.920968 0.637269
f 1459/3523/1459 1460/3569/1460 1401/3522/1401
vt 0.905239 0.628778
f 1421/1518/1421 1549/1516/1549 1503/3570/1503
f 1601/1511/1601 1460/3569/1460 1459/3523/1459
f 1460/3569/1460 1402/3521/1402 1422/3520/1422
vt 0.934841 0.643032
f 1442/3571/1442 1551/3510/1551 1317/3506/1317
f 1604/1719/1604 1551/3510/1551 1442/3571/1442
vt 0.920412 0.626203
vt 0.922831 0.617732
f 1504/3572/1504 1550/3573/1550 1402/3521/1402
f 1600/1513/1600 1601/1511/1601 1441/3568/1441
vt 0.904070 0.615941
f 1549/1516/1549 1572/3574/1572 1503/3570/1503
f 1572/3574/1572 1441/3568/1441 1503/3570/1503
f 1684/1512/1684 1600/1513/1600 1572/3574/1572
f 1628/1515/1628 1684/1512/1684 1572/3574/1572
f 1572/3574/1572 1600/1513/1600 1441/3568/1441
f 1550/3573/1550 1604/1719/1604 1402/3521/1402
f 1602/1509/1602 1603/1508/1603 1504/3572/1504
f 1629/1716/1629 1550/3573/1550 1603/1508/1603
f 1629/1716/1629 1604/1719/1604 1550/3573/1550
f 1701/1718/1701 1605/1721/1605 1604/1719/1604
f 1604/1719/1604 1605/1721/1605 1551/3510/1551
f 1605/1721/1605 1644/1506/1644 1573/3509/1573
f 1603/1508/1603 1550/3573/1550 1504/3572/1504
f 1660/1507/1660 1602/1509/1602 1601/1511/1601
f 1659/1510/1659 1601/1511/1601 1600/1513/1600
f 1602/1509/1602 1504/3572/1504 1601/1511/1601
f 1604/1719/1604 1442/3571/1442 1402/3521/1402
f 1504/3572/1504 1402/3521/1402 1460/3569/1460
f 1601/1511/1601 1504/3572/1504 1460/3569/1460
f 1601/1511/1601 1459/3523/1459 1441/3568/1441
f 1421/1518/1421 1503/3570/1503 1380/1520/1380
f 1503/3570/1503 1441/3568/1441 1380/1520/1380
f 1227/3566/1227 1186/3529/1186 1185/3567/1185
vt 0.880090 0.696814
f 1114/3563/1114 1148/3575/1148 1167/3564/1167
vt 0.877524 0.705533
f 1021/3561/1021 1083/3576/1083 1114/3563/1114
f 1083/3576/1083 1148/3575/1148 1114/3563/1114
vt 0.880972 0.681644
f 1184/3577/1184 1225/1528/1225 1211/1527/1211
f 1225/1528/1225 1184/3577/1184 1224/1570/1224
vt 0.861946 0.710681
f 1147/1540/1147 1096/3578/1096 1020/3551/1020
f 1147/1540/1147 1020/3551/1020 1112/1541/1112
f 1146/1559/1146 1183/1558/1183 1082/3559/1082
f 1166/1535/1166 1064/3560/1064 1131/1537/1131
f 1166/1535/1166 1132/1533/1132 1064/3560/1064
f 1130/1538/1130 1131/1537/1131 1096/3578/1096
f 1130/1538/1130 1096/3578/1096 1147/1540/1147
f 1183/1558/1183 1112/1541/1112 1032/3553/1032
f 1112/1541/1112 1020/3551/1020 1033/3552/1033
f 1131/1537/1131 1064/3560/1064 1096/3578/1096
f 1096/3578/1096 1064/3560/1064 1034/3562/1034
f 1132/1533/1132 1083/3576/1083 1021/3561/1021
f 1083/3576/1083 1113/1532/1113 1148/3575/1148
f 1148/3575/1148 1184/3577/1184 1211/1527/1211
f 1113/1532/1113 1184/3577/1184 1148/3575/1148
f 1132/1533/1132 1113/1532/1113 1083/3576/1083
f 1113/1532/1113 1224/1570/1224 1184/3577/1184
f 1273/1530/1273 1225/1528/1225 1224/1570/1224
f 1148/3575/1148 1211/1527/1211 1167/3564/1167
f 1211/1527/1211 1226/1526/1226 1167/3564/1167
f 1167/3564/1167 1226/1526/1226 1185/3567/1185
f 1132/1533/1132 1021/3561/1021 1064/3560/1064
f 1020/3551/1020 1096/3578/1096 1034/3562/1034
f 1183/1558/1183 1032/3553/1032 1082/3559/1082
f 1165/1557/1165 1082/3559/1082 1095/3558/1095
vt 0.844330 0.764732
f 837/1619/837 861/1622/861 838/3579/838
vt 0.844249 0.776323
f 837/1619/837 838/3579/838 786/3580/786
f 754/3545/754 707/1608/707 753/1610/753
f 786/3580/786 754/3545/754 753/1610/753
f 708/1612/708 707/1608/707 768/3485/768
f 707/1608/707 754/3545/754 768/3485/768
vt 0.871778 0.766688
f 754/3545/754 840/3581/840 841/3537/841
f 840/3581/840 883/3538/883 841/3537/841
vt 0.862523 0.760841
f 786/3580/786 838/3579/838 839/3582/839
f 940/1607/940 970/3557/970 861/1622/861
f 1001/1549/1001 970/3557/970 940/1607/940
vt 0.845666 0.738054
f 970/3557/970 1002/3556/1002 920/3583/920
f 1063/1543/1063 970/3557/970 1001/1549/1001
f 861/1622/861 970/3557/970 920/3583/920
vt 0.859047 0.743690
f 1002/3556/1002 921/3584/921 920/3583/920
f 920/3583/920 921/3584/921 839/3582/839
vt 0.870315 0.753122
f 839/3582/839 921/3584/921 905/3585/905
vt 0.863233 0.741877
f 922/3586/922 905/3585/905 921/3584/921
vt 0.871008 0.745212
f 955/3587/955 923/3546/923 905/3585/905
f 905/3585/905 923/3546/923 883/3538/883
f 1033/3552/1033 955/3587/955 922/3586/922
f 1033/3552/1033 984/3550/984 955/3587/955
f 984/3550/984 956/3547/956 955/3587/955
f 984/3550/984 985/3548/985 956/3547/956
f 922/3586/922 955/3587/955 905/3585/905
f 955/3587/955 956/3547/956 923/3546/923
f 1032/3553/1032 922/3586/922 941/3554/941
f 941/3554/941 922/3586/922 921/3584/921
f 861/1622/861 839/3582/839 838/3579/838
f 861/1622/861 920/3583/920 839/3582/839
f 839/3582/839 754/3545/754 786/3580/786
f 839/3582/839 840/3581/840 754/3545/754
f 839/3582/839 905/3585/905 840/3581/840
f 840/3581/840 905/3585/905 883/3538/883
f 785/1609/785 786/3580/786 753/1610/753
f 1053/1546/1053 1063/1543/1063 1001/1549/1001
f 1002/3556/1002 1031/3555/1031 921/3584/921
f 1031/3555/1031 941/3554/941 921/3584/921
f 1032/3553/1032 1033/3552/1033 922/3586/922
f 1034/3562/1034 1003/3549/1003 1020/3551/1020
f 1021/3561/1021 1004/3535/1004 1003/3549/1003
f 1114/3563/1114 1097/3533/1097 1065/3532/1065
f 1167/3564/1167 1149/3531/1149 1097/3533/1097
f 1185/3567/1185 1149/3531/1149 1167/3564/1167
f 1185/3567/1185 1186/3529/1186 1149/3531/1149
f 1187/3528/1187 1248/1522/1248 1115/3498/1115
f 1380/1520/1380 1364/3526/1364 1313/3524/1313
f 1401/3522/1401 1460/3569/1460 1422/3520/1422
f 1188/3516/1188 1229/3515/1229 1212/3505/1212
f 1315/3518/1315 1365/3514/1365 1316/3512/1316
f 1315/3518/1315 1402/3521/1402 1365/3514/1365
f 1381/3519/1381 1402/3521/1402 1315/3518/1315
f 1365/3514/1365 1402/3521/1402 1442/3571/1442
f 1365/3514/1365 1442/3571/1442 1317/3506/1317
f 1276/3513/1276 1315/3518/1315 1316/3512/1316
f 1168/3499/1168 1212/3505/1212 1150/3500/1150
f 1277/3502/1277 1249/3511/1249 1382/3504/1382
f 1115/3498/1115 1188/3516/1188 1116/3495/1116
f 1006/3541/1006 1098/3494/1098 1036/3493/1036
f 1007/3490/1007 1116/3495/1116 1084/3491/1084
f 971/3497/971 1036/3493/1036 1007/3490/1007
vt 0.916808 0.708171
f 1067/3588/1067 1084/3491/1084 1117/3501/1117
f 1084/3491/1084 1067/3588/1067 987/3492/987
f 688/1611/688 721/1617/721 707/1608/707
f 707/1608/707 721/1617/721 785/1609/785
f 785/1609/785 837/1619/837 786/3580/786
f 860/1620/860 861/1622/861 837/1619/837
f 882/1621/882 940/1607/940 861/1622/861
f 1679/1679/1679 1567/1583/1567 1566/1582/1566
f 1567/1583/1567 1518/1581/1518 1417/1572/1417
f 1623/1671/1623 1499/1585/1499 1643/1676/1643
f 1400/1588/1400 1361/1673/1361 1295/1529/1295
f 1379/1596/1379 1362/1590/1362 1336/1589/1336
f 1361/1673/1361 1379/1596/1379 1336/1589/1336
f 1400/1588/1400 1476/1601/1476 1361/1673/1361
f 1419/1695/1419 1379/1596/1379 1361/1673/1361
f 1361/1673/1361 1500/1672/1500 1419/1695/1419
f 1419/1695/1419 1440/1597/1440 1379/1596/1379
f 1477/1598/1477 1440/1597/1440 1419/1695/1419
f 1477/1598/1477 1598/1698/1598 1501/1599/1501
f 1362/1590/1362 1458/1594/1458 1420/1595/1420
f 1440/1597/1440 1501/1599/1501 1458/1594/1458
f 1501/1599/1501 1548/1591/1548 1458/1594/1458
f 1502/1593/1502 1571/1592/1571 1627/1514/1627
f 1502/1593/1502 1627/1514/1627 1478/1517/1478
f 1420/1595/1420 1502/1593/1502 1478/1517/1478
f 1274/1525/1274 1362/1590/1362 1312/1523/1312
f 1361/1673/1361 1336/1589/1336 1295/1529/1295
f 1399/1580/1399 1378/1578/1378 1359/1577/1359
f 1643/1676/1643 1499/1585/1499 1545/1573/1545
f 1566/1582/1566 1417/1572/1417 1437/1564/1437
f 1499/1585/1499 1377/1575/1377 1418/1574/1418
f 1399/1580/1399 1359/1577/1359 1293/1567/1293
f 1545/1573/1545 1418/1574/1418 1208/1560/1208
f 1437/1564/1437 1311/1562/1311 1220/1554/1220
f 1376/1571/1376 1208/1560/1208 1334/1565/1334
f 1377/1575/1377 1293/1567/1293 1335/1566/1335
f 1293/1567/1293 1359/1577/1359 1272/1568/1272
f 1294/1569/1294 1360/1579/1360 1273/1530/1273
f 1358/1563/1358 1566/1582/1566 1437/1564/1437
f 1334/1565/1334 1208/1560/1208 1183/1558/1183
f 1335/1566/1335 1222/1561/1222 1221/1539/1221
f 1334/1565/1334 1183/1558/1183 1245/1556/1245
f 1051/1552/1051 1207/1553/1207 1110/1551/1110
f 1110/1551/1110 1145/1545/1145 1111/1547/1111
f 1182/1555/1182 1095/3558/1095 1181/1542/1181
f 1182/1555/1182 1165/1557/1165 1095/3558/1095
f 1165/1557/1165 1146/1559/1146 1082/3559/1082
f 1245/1556/1245 1146/1559/1146 1165/1557/1165
f 1208/1560/1208 1112/1541/1112 1183/1558/1183
f 1113/1532/1113 1210/1531/1210 1224/1570/1224
f 1274/1525/1274 1312/1523/1312 1246/1524/1246
f 1246/1524/1246 1227/3566/1227 1226/1526/1226
f 1246/1524/1246 1247/1521/1247 1227/3566/1227
f 1247/1521/1247 1248/1522/1248 1228/3565/1228
f 1549/1516/1549 1628/1515/1628 1572/3574/1572
f 1629/1716/1629 1722/1717/1722 1604/1719/1604
f 1573/3509/1573 1644/1506/1644 1741/1505/1741
f 1644/1506/1644 1953/1503/1953 1794/1504/1794
f 1901/2177/1901 2100/1500/2100 1953/1503/1953
f 2100/1500/2100 2357/2204/2357 2746/1501/2746
f 2746/1501/2746 2909/2253/2909 3086/2584/3086
f 3085/2583/3085 3270/1499/3270 3086/2584/3086
f 3270/1499/3270 3541/2586/3541 3608/1496/3608
f 3541/2586/3541 3750/1497/3750 3608/1496/3608
f 1522/3507/1522 1573/3509/1573 1741/1505/1741
f 1117/3501/1117 1296/3503/1296 1522/3507/1522
f 987/3492/987 1067/3588/1067 1117/3501/1117
f 958/3487/958 986/3489/986 987/3492/987
f 666/1613/666 722/3484/722 958/3487/958
f 665/1614/665 666/1613/666 608/1158/608
f 607/1495/607 619/1626/619 608/1158/608
f 601/1157/601 618/1635/618 607/1495/607
f 600/1156/600 606/1153/606 601/1157/601
f 592/1174/592 599/1154/599 593/1155/593
f 599/1154/599 612/1175/612 613/1151/613
f 613/1151/613 626/1147/626 627/1150/627
f 652/1643/652 653/1152/653 627/1150/627
f 660/1149/660 651/1123/651 627/1150/627
f 660/1149/660 670/1125/670 651/1123/651
vt 0.410230 0.794698
f 670/1125/670 746/3589/746 716/1126/716
vt 0.430860 0.785555
vt 0.439406 0.782343
f 716/1126/716 748/3590/748 733/3591/733
f 716/1126/716 733/3591/733 717/1127/717
vt 0.465420 0.780982
f 733/3591/733 764/3592/764 717/1127/717
vt 0.438856 0.766872
f 733/3591/733 814/3593/814 764/3592/764
vt 0.458797 0.764235
f 764/3592/764 814/3593/814 852/3594/852
f 777/1118/777 734/1119/734 717/1127/717
f 764/3592/764 815/1130/815 777/1118/777
vt 0.437120 0.760969
f 814/3593/814 874/3595/874 852/3594/852
vt 0.461800 0.754864
f 852/3594/852 874/3595/874 875/3596/875
f 874/3595/874 873/1132/873 875/3596/875
vt 0.429593 0.770207
f 776/3597/776 814/3593/814 733/3591/733
f 833/1144/833 898/1142/898 872/1135/872
f 776/3597/776 833/1144/833 872/1135/872
vt 0.416266 0.787231
f 747/3598/747 748/3590/748 716/1126/716
f 746/3589/746 747/3598/747 716/1126/716
vt 0.416577 0.771000
f 746/3589/746 801/3599/801 747/3598/747
vt 0.402545 0.794073
f 732/3600/732 746/3589/746 670/1125/670
f 660/1149/660 669/1179/669 732/3600/732
f 644/1148/644 669/1179/669 660/1149/660
f 800/1146/800 833/1144/833 801/3599/801
f 715/1178/715 800/1146/800 732/3600/732
f 669/1179/669 715/1178/715 732/3600/732
f 763/1145/763 800/1146/800 715/1178/715
f 800/1146/800 746/3589/746 732/3600/732
f 746/3589/746 800/1146/800 801/3599/801
f 747/3598/747 776/3597/776 748/3590/748
f 747/3598/747 801/3599/801 776/3597/776
f 801/3599/801 833/1144/833 776/3597/776
f 776/3597/776 872/1135/872 874/3595/874
f 748/3590/748 776/3597/776 733/3591/733
f 776/3597/776 874/3595/874 814/3593/814
vt 0.472440 0.761487
f 876/3601/876 815/1130/815 852/3594/852
f 852/3594/852 815/1130/815 764/3592/764
f 852/3594/852 875/3596/875 876/3601/876
f 876/3601/876 875/3596/875 877/1129/877
f 764/3592/764 777/1118/777 717/1127/717
f 660/1149/660 732/3600/732 670/1125/670
f 964/1136/964 965/1134/965 898/1142/898
f 965/1134/965 872/1135/872 898/1142/898
f 874/3595/874 872/1135/872 873/1132/873
f 875/3596/875 873/1132/873 877/1129/877
f 777/1118/777 815/1130/815 816/1115/816
f 815/1130/815 876/3601/876 877/1129/877
f 717/1127/717 734/1119/734 698/1128/698
f 698/1128/698 734/1119/734 699/1120/699
f 877/1129/877 947/1133/947 853/1131/853
f 1124/1139/1124 1158/1109/1158 1106/1111/1106
f 1106/1111/1106 1177/1110/1177 1125/1112/1125
f 1158/1109/1158 1176/1106/1176 1177/1110/1177
f 1215/1105/1215 1260/1107/1260 1176/1106/1176
f 1345/1103/1345 1429/1194/1429 1389/1101/1389
f 1429/1194/1429 1449/1102/1449 1389/1101/1389
f 1260/1107/1260 1215/1105/1215 1346/1104/1346
f 1408/3455/1408 1450/1099/1450 1483/1098/1483
f 1482/1096/1482 1510/401/1510 1511/1097/1511
f 1510/401/1510 1582/1093/1582 1511/1097/1511
f 1511/1097/1511 1582/1093/1582 1583/1094/1583
f 1616/1090/1616 1693/1092/1693 1582/1093/1582
f 1581/400/1581 1670/398/1670 1671/1089/1671
f 1670/398/1670 1710/395/1710 1671/1089/1671
f 1726/397/1726 1710/395/1710 1670/398/1670
f 1581/400/1581 1671/1089/1671 1616/1090/1616
f 1671/1089/1671 1786/1088/1786 1747/1091/1747
f 2311/388/2311 2335/1060/2335 2242/2839/2242
f 2242/2839/2242 2286/387/2286 2186/2691/2186
f 2286/387/2286 2287/386/2287 2186/2691/2186
f 2313/381/2313 2266/380/2266 2220/2706/2220
f 2375/1086/2375 2410/1078/2410 2243/1085/2243
f 2577/1080/2577 2411/1082/2411 2338/1084/2338
f 2517/1083/2517 2376/2711/2376 2411/1082/2411
f 2376/2711/2376 2533/2840/2533 2412/2709/2412
f 2676/1074/2676 2608/1067/2608 2555/1066/2555
f 2648/1070/2648 2676/1074/2676 2532/1069/2532
f 2673/1063/2673 2751/1072/2751 2674/1057/2674
f 2531/385/2531 2532/1069/2532 2493/1061/2493
f 2675/1058/2675 2530/1059/2530 2592/1049/2592
f 2555/1066/2555 2312/1062/2312 2493/1061/2493
f 2492/1052/2492 2531/385/2531 2286/387/2286
f 2514/1054/2514 2575/3378/2575 2591/1056/2591
f 2513/3377/2513 2575/3378/2575 2514/1054/2514
f 2408/3370/2408 2455/1053/2455 2433/1055/2433
f 2455/1053/2455 2513/3377/2513 2514/1054/2514
f 2285/390/2285 2492/1052/2492 2335/1060/2335
f 2285/390/2285 2335/1060/2335 2311/388/2311
f 2241/1045/2241 2392/1048/2392 2393/1046/2393
f 2241/1045/2241 2185/1047/2185 2077/1026/2077
f 2077/1026/2077 2185/1047/2185 1984/392/1984
f 2241/1045/2241 2077/1026/2077 2240/1028/2240
f 2031/1010/2031 2184/1029/2184 2240/1028/2240
f 2407/2891/2407 2310/1032/2310 2309/1022/2309
f 2700/518/2700 2718/517/2718 2574/520/2574
f 2588/1038/2588 2589/1021/2589 2489/1017/2489
f 2509/1036/2509 2551/1040/2551 2391/1004/2391
f 2217/1031/2217 2076/1033/2076 2075/1025/2075
f 2334/1023/2334 2284/1034/2284 2239/1030/2239
f 2334/1023/2334 2239/1030/2239 2143/1024/2143
f 2217/1031/2217 2075/1025/2075 2030/1012/2030
f 2218/1042/2218 2050/1009/2050 2076/1033/2076
f 2077/1026/2077 1984/392/1984 1887/1027/1887
f 1984/392/1984 1846/391/1846 1887/1027/1887
f 1887/1027/1887 1846/391/1846 1668/928/1668
f 2076/1033/2076 2050/1009/2050 1958/1011/1958
f 2076/1033/2076 1958/1011/1958 2075/1025/2075
f 2451/564/2451 2508/521/2508 2431/1019/2431
f 2360/677/2360 2389/1020/2389 2332/984/2332
f 2588/1038/2588 2489/1017/2489 2574/520/2574
f 2431/1019/2431 2489/1017/2489 2406/1016/2406
f 2431/1019/2431 2406/1016/2406 2371/982/2371
f 2589/1021/2589 2490/1037/2490 2452/986/2452
f 2490/1037/2490 2432/1002/2432 2390/1003/2390
f 2509/1036/2509 2432/1002/2432 2490/1037/2490
f 2509/1036/2509 2391/1004/2391 2432/1002/2432
f 2142/1015/2142 2105/1006/2105 2141/1000/2141
f 2141/1000/2141 2105/1006/2105 2073/990/2073
f 1935/1008/1935 1958/1011/1958 1886/992/1886
f 2031/1010/2031 1746/995/1746 1819/993/1819
f 1746/995/1746 1785/994/1785 1819/993/1819
f 1958/1011/1958 1819/993/1819 1886/992/1886
f 2105/1006/2105 2049/1013/2049 1957/999/1957
f 2182/989/2182 2183/1001/2183 2141/1000/2141
f 2490/1037/2490 2390/1003/2390 2452/986/2452
f 2390/1003/2390 2372/987/2372 2333/981/2333
f 2372/987/2372 2361/1005/2361 2308/988/2308
f 1935/1008/1935 1909/997/1909 1934/998/1934
f 1935/1008/1935 1866/991/1866 1909/997/1909
f 1909/997/1909 1818/973/1818 1800/933/1800
f 1746/995/1746 1668/928/1668 1709/929/1709
f 1909/997/1909 1800/933/1800 1885/974/1885
f 1907/976/1907 1957/999/1957 1908/972/1908
f 1982/971/1982 2073/990/2073 1907/976/1907
f 2216/967/2216 2182/989/2182 2165/970/2165
f 2390/1003/2390 2333/981/2333 2452/986/2452
f 2371/982/2371 2406/1016/2406 2306/983/2306
f 2389/1020/2389 2371/982/2371 2332/984/2332
f 2305/524/2305 2331/523/2331 2332/984/2332
f 2332/984/2332 2235/985/2235 2305/524/2305
f 2305/524/2305 2235/985/2235 2213/961/2213
f 2164/960/2164 2236/963/2236 2047/954/2047
f 2236/963/2236 2237/979/2237 2139/952/2139
f 2139/952/2139 2237/979/2237 2123/956/2123
f 2123/956/2123 2237/979/2237 2048/964/2048
f 2237/979/2237 2265/978/2265 2214/969/2214
f 2048/964/2048 2237/979/2237 2214/969/2214
f 2213/961/2213 2235/985/2235 2181/962/2181
f 2181/962/2181 2235/985/2235 2164/960/2164
f 2307/980/2307 2237/979/2237 2236/963/2236
f 2235/985/2235 2236/963/2236 2164/960/2164
f 2306/983/2306 2307/980/2307 2235/985/2235
f 2235/985/2235 2307/980/2307 2236/963/2236
f 2333/981/2333 2238/977/2238 2265/978/2265
f 2214/969/2214 2265/978/2265 2215/968/2215
f 2072/958/2072 2073/990/2073 1982/971/1982
vt 0.244892 0.576247
f 1816/944/1816 1817/975/1817 1767/3602/1767
f 1866/991/1866 1769/939/1769 1818/973/1818
f 1886/992/1886 1770/938/1770 1769/939/1769
f 1819/993/1819 1784/996/1784 1770/938/1770
f 1785/994/1785 1709/929/1709 1784/996/1784
f 1784/996/1784 1709/929/1709 1667/926/1667
f 1784/996/1784 1667/926/1667 1691/930/1691
f 1770/938/1770 1784/996/1784 1691/930/1691
f 1817/975/1817 1800/933/1800 1768/936/1768
f 1817/975/1817 1768/936/1768 1767/3602/1767
f 1816/944/1816 1767/3602/1767 1690/912/1690
f 1907/976/1907 1908/972/1908 1865/943/1865
f 2048/964/2048 2214/969/2214 2140/965/2140
f 2305/524/2305 2213/961/2213 2234/559/2234
f 2234/559/2234 2213/961/2213 2180/557/2180
f 2181/962/2181 2164/960/2164 2138/959/2138
vt 0.169027 0.544782
f 2164/960/2164 2000/3603/2000 1930/955/1930
f 2164/960/2164 2047/954/2047 2000/3603/2000
f 2123/956/2123 2048/964/2048 2028/950/2028
f 2048/964/2048 2104/966/2104 2028/950/2028
f 2104/966/2104 2124/957/2124 2001/948/2001
f 2104/966/2104 2001/948/2001 2028/950/2028
f 2138/959/2138 1930/955/1930 2103/917/2103
vt 0.175381 0.567981
f 1884/918/1884 1815/3604/1815 1744/902/1744
vt 0.183050 0.565936
f 1815/3604/1815 1864/3605/1864 1704/905/1704
f 1704/905/1704 1864/3605/1864 1664/906/1664
vt 0.192024 0.582331
f 1783/3606/1783 1632/914/1632 1646/916/1646
f 1783/3606/1783 1705/915/1705 1632/914/1632
f 1665/920/1665 1612/907/1612 1705/915/1705
vt 0.193024 0.574407
f 1783/3606/1783 1796/3607/1796 1705/915/1705
f 1864/3605/1864 1745/919/1745 1664/906/1664
f 1884/918/1884 2000/3603/2000 1815/3604/1815
f 1864/3605/1864 1783/3606/1783 1745/919/1745
vt 0.198360 0.567167
f 1796/3607/1796 1797/3608/1797 1705/915/1705
vt 0.186865 0.563253
f 1864/3605/1864 1844/3609/1844 1783/3606/1783
f 2047/954/2047 1864/3605/1864 2000/3603/2000
f 1930/955/1930 2000/3603/2000 1884/918/1884
f 1931/953/1931 1844/3609/1844 1864/3605/1864
f 1932/951/1932 1796/3607/1796 1844/3609/1844
vt 0.210113 0.579210
f 1798/3610/1798 1799/945/1799 1689/941/1689
f 1932/951/1932 1797/3608/1797 1796/3607/1796
f 2028/950/2028 1932/951/1932 1931/953/1931
f 2001/948/2001 1797/3608/1797 1932/951/1932
f 1798/3610/1798 1933/946/1933 1799/945/1799
vt 0.202076 0.565086
f 2001/948/2001 1933/946/1933 1845/3611/1845
f 1845/3611/1845 1933/946/1933 1798/3610/1798
f 2001/948/2001 1845/3611/1845 1797/3608/1797
f 1797/3608/1797 1845/3611/1845 1665/920/1665
f 1845/3611/1845 1798/3610/1798 1665/920/1665
f 1931/953/1931 1932/951/1932 1844/3609/1844
f 2047/954/2047 1931/953/1931 1864/3605/1864
f 1844/3609/1844 1796/3607/1796 1783/3606/1783
f 2000/3603/2000 1864/3605/1864 1815/3604/1815
f 1797/3608/1797 1665/920/1665 1705/915/1705
f 1798/3610/1798 1689/941/1689 1665/920/1665
f 1745/919/1745 1783/3606/1783 1646/916/1646
f 1930/955/1930 1884/918/1884 1863/904/1863
f 2029/949/2029 1981/947/1981 1933/946/1933
f 1933/946/1933 1865/943/1865 1799/945/1799
f 1689/941/1689 1799/945/1799 1706/942/1706
f 1706/942/1706 1799/945/1799 1690/912/1690
f 1799/945/1799 1816/944/1816 1690/912/1690
f 1768/936/1768 1707/935/1707 1767/3602/1767
f 1768/936/1768 1647/934/1647 1558/922/1558
f 1770/938/1770 1648/924/1648 1666/931/1666
f 1767/3602/1767 1707/935/1707 1690/912/1690
f 1577/913/1577 1707/935/1707 1613/921/1613
f 1614/932/1614 1578/408/1578 1647/934/1647
f 1648/924/1648 1559/923/1559 1578/408/1578
f 1648/924/1648 1579/927/1579 1529/925/1529
f 1668/928/1668 1669/396/1669 1580/403/1580
f 1666/931/1666 1648/924/1648 1578/408/1578
f 1691/930/1691 1579/927/1579 1648/924/1648
f 1846/391/1846 1669/396/1669 1668/928/1668
f 1481/402/1481 1580/403/1580 1633/399/1633
f 1647/934/1647 1578/408/1578 1528/412/1528
f 1647/934/1647 1528/412/1528 1558/922/1558
f 1744/902/1744 1815/3604/1815 1704/905/1704
f 1646/916/1646 1509/899/1509 1664/906/1664
f 1509/899/1509 1632/914/1632 1425/903/1425
f 1705/915/1705 1612/907/1612 1425/903/1425
f 1527/414/1527 1255/413/1255 1405/911/1405
f 1665/920/1665 1526/940/1526 1557/908/1557
f 1526/940/1526 1527/414/1527 1463/910/1463
f 1526/940/1526 1706/942/1706 1527/414/1527
f 1463/910/1463 1527/414/1527 1405/911/1405
f 1526/940/1526 1463/910/1463 1557/908/1557
f 1689/941/1689 1526/940/1526 1665/920/1665
f 1706/942/1706 1690/912/1690 1527/414/1527
f 1557/908/1557 1463/910/1463 1426/909/1426
f 1664/906/1664 1509/899/1509 1386/900/1386
f 1863/904/1863 1744/902/1744 1663/529/1663
f 1426/909/1426 1405/911/1405 1281/419/1281
f 1405/911/1405 1255/413/1255 1281/419/1281
f 1426/909/1426 1281/419/1281 1193/421/1193
f 1446/898/1446 1426/909/1426 1193/421/1193
f 1645/901/1645 1704/905/1704 1525/894/1525
f 1744/902/1744 1645/901/1645 1611/893/1611
f 1556/885/1556 1703/528/1703 1663/529/1663
f 1556/885/1556 1663/529/1663 1508/886/1508
f 1610/530/1610 1703/528/1703 1556/885/1556
f 1525/894/1525 1445/895/1445 1444/887/1444
f 1386/900/1386 1343/892/1343 1253/891/1253
f 1386/900/1386 1509/899/1509 1343/892/1343
f 1445/895/1445 1253/891/1253 1301/888/1301
f 1508/886/1508 1611/893/1611 1424/882/1424
f 1525/894/1525 1444/887/1444 1424/882/1424
f 1445/895/1445 1301/888/1301 1252/883/1252
f 1343/892/1343 1254/425/1254 1192/890/1192
f 1368/897/1368 1280/422/1280 1254/425/1254
f 1280/422/1280 1193/421/1193 1173/423/1173
f 1253/891/1253 1192/890/1192 1301/888/1301
f 1424/882/1424 1444/887/1444 1320/428/1320
f 1479/553/1479 1251/427/1251 1342/533/1342
f 1479/553/1479 1404/881/1404 1251/427/1251
f 1385/536/1385 1341/535/1341 1299/877/1299
f 1385/536/1385 1299/877/1299 1366/539/1366
f 1366/539/1366 1298/878/1298 1340/880/1340
f 1523/692/1523 1423/541/1423 1574/540/1574
f 1575/547/1575 1339/549/1339 1338/546/1338
f 1443/537/1443 1366/539/1366 1340/880/1340
f 1461/551/1461 1462/532/1462 1385/536/1385
f 1782/531/1782 1929/525/1929 1703/528/1703
f 2137/555/2137 2180/557/2180 2046/526/2046
f 2699/566/2699 2800/515/2800 2700/518/2700
f 2875/575/2875 2811/513/2811 2747/512/2747
f 2891/577/2891 2748/874/2748 2686/578/2686
f 2972/589/2972 3025/592/3025 2946/580/2946
f 3177/510/3177 3275/593/3275 3284/3207/3284
f 3313/595/3313 3372/600/3372 3275/593/3275
f 3275/593/3275 3372/600/3372 3331/3191/3331
f 3370/601/3370 3377/505/3377 3371/508/3371
f 3575/499/3575 3599/498/3599 3576/3223/3576
f 3599/498/3599 3610/497/3610 3600/3218/3600
f 3598/649/3598 3614/495/3614 3609/496/3609
f 3660/488/3660 3652/489/3652 3645/492/3645
f 3659/491/3659 3671/483/3671 3660/488/3660
f 3659/491/3659 3699/484/3699 3671/483/3671
f 3670/655/3670 3698/654/3698 3699/484/3699
f 3697/762/3697 3698/654/3698 3684/713/3684
f 3696/792/3696 3697/762/3697 3571/761/3571
f 3695/797/3695 3696/792/3696 3547/798/3547
f 3511/811/3511 3694/817/3694 3695/797/3695
f 3693/867/3693 3694/817/3694 3408/816/3408
f 3282/818/3282 3692/866/3692 3693/867/3693
f 3214/858/3214 3691/859/3691 3692/866/3692
vt 0.089983 0.000000
f 3385/857/3385 3690/3612/3690 3691/859/3691
f 3689/860/3689 3690/3612/3690 3385/857/3385
f 3384/856/3384 3688/862/3688 3689/860/3689
f 3687/865/3687 3688/862/3688 3682/861/3682
vt 0.022071 0.000000
f 3680/864/3680 3686/3613/3686 3687/865/3687
f 3685/285/3685 3686/3613/3686 3680/864/3680
f 2547/852/2547 3685/285/3685 3087/855/3087
f 2066/854/2066 2547/852/2547 2121/853/2121
vt 0.000000 0.859922
f 567/3614/567 673/454/673 579/457/579
f 567/3614/567 579/457/579 568/461/568
f 546/467/546 567/3614/567 554/463/554
vt 0.000000 0.922179
vt 0.000000 0.906615
f 512/3615/512 519/3616/519 515/474/515
vt 0.000000 0.929961
vt 0.870968 0.929961
f 510/3617/510 512/3615/512 511/3618/511
f 510/3617/510 511/3618/511 509/482/509
vt 0.870968 0.937743
f 508/3619/508 510/3617/510 509/482/509
vt 0.972835 0.941634
f 506/3620/506 508/3619/508 509/482/509
vt 0.996604 0.953307
f 506/3620/506 509/482/509 504/3621/504
vt 0.436333 0.945525
f 505/3622/505 506/3620/506 504/3621/504
vt 0.436333 0.953307
f 503/3623/503 505/3622/505 504/3621/504
vt 0.972835 0.957199
f 503/3623/503 504/3621/504 501/3624/501
vt 0.436333 0.961090
f 500/3625/500 503/3623/503 501/3624/501
vt 0.870968 0.968872
f 498/3626/498 500/3625/500 501/3624/501
vt 0.996604 0.968872
f 498/3626/498 501/3624/501 499/3627/499
vt 0.000000 0.968872
f 497/3628/497 498/3626/498 499/3627/499
vt 0.870968 0.976654
f 496/3629/496 497/3628/497 499/3627/499
vt 0.996604 0.984436
f 494/3630/494 496/3629/496 499/3627/499
vt 0.998302 0.996109
f 494/3630/494 499/3627/499 491/3631/491
f 499/3627/499 504/3621/504 491/3631/491
vt 0.000000 0.976654
f 495/3632/495 496/3629/496 494/3630/494
vt 0.870968 0.984436
f 493/3633/493 495/3632/495 494/3630/494
vt 0.000000 0.984436
f 492/3634/492 493/3633/493 494/3630/494
vt 0.869270 0.996109
f 490/3635/490 492/3634/492 494/3630/494
vt 0.000000 0.953307
f 498/3626/498 502/3636/502 500/3625/500
f 500/3625/500 502/3636/502 503/3623/503
f 499/3627/499 501/3624/501 504/3621/504
vt 0.000000 0.937743
f 507/3637/507 505/3622/505 503/3623/503
f 505/3622/505 507/3637/507 506/3620/506
f 507/3637/507 508/3619/508 506/3620/506
f 511/3618/511 512/3615/512 513/480/513
f 507/3637/507 510/3617/510 508/3619/508
f 502/3636/502 507/3637/507 503/3623/503
f 497/3628/497 502/3636/502 498/3626/498
f 495/3632/495 497/3628/497 496/3629/496
f 492/3634/492 495/3632/495 493/3633/493
vt 0.000000 0.996109
f 489/3638/489 492/3634/492 490/3635/490
f 490/3635/490 494/3630/494 491/3631/491
f 504/3621/504 509/482/509 491/3631/491
f 509/482/509 511/3618/511 513/480/513
f 522/479/522 525/1242/525 526/481/526
f 512/3615/512 514/476/514 513/480/513
f 518/478/518 521/1241/521 522/479/522
f 517/477/517 533/1240/533 518/478/518
f 516/475/516 529/473/529 517/477/517
f 512/3615/512 515/474/515 514/476/514
f 519/3616/519 520/472/520 515/474/515
f 519/3616/519 523/470/523 520/472/520
f 527/469/527 539/1235/539 528/471/528
f 523/470/523 519/3616/519 546/467/546
f 546/467/546 554/463/554 544/466/544
f 554/463/554 567/3614/567 560/460/560
f 567/3614/567 568/461/568 560/460/560
f 568/461/568 579/457/579 583/459/583
f 673/454/673 589/456/589 579/457/579
f 589/456/589 620/453/620 621/1226/621
f 821/452/821 755/1230/755 674/455/674
f 674/455/674 709/451/709 821/452/821
f 673/454/673 805/450/805 709/451/709
f 805/450/805 943/446/943 806/447/806
f 806/447/806 943/446/943 925/445/925
f 863/448/863 821/452/821 739/449/739
f 806/447/806 925/445/925 863/448/863
f 943/446/943 1037/442/1037 924/443/924
f 1008/444/1008 1037/442/1037 1118/439/1118
f 1169/440/1169 1383/436/1383 1151/435/1151
f 1319/433/1319 1339/549/1339 1189/1490/1189
f 1339/549/1339 1340/880/1340 1189/1490/1189
f 1341/535/1341 1279/879/1279 1299/877/1299
f 1367/534/1367 1300/429/1300 1279/879/1279
f 1342/533/1342 1250/430/1250 1300/429/1300
f 1172/884/1172 1252/883/1252 1072/1469/1072
f 1252/883/1252 1138/889/1138 1072/1469/1072
f 1138/889/1138 1192/890/1192 1119/1467/1119
f 1254/425/1254 1139/424/1139 1087/1206/1087
f 1527/414/1527 1577/913/1577 1480/415/1480
f 1579/927/1579 1467/407/1467 1447/1199/1447
f 1580/403/1580 1481/402/1481 1448/404/1448
f 1481/402/1481 1510/401/1510 1449/1102/1449
f 1510/401/1510 1581/400/1581 1582/1093/1582
f 2185/1047/2185 1985/393/1985 1984/392/1984
f 2335/1060/2335 2286/387/2286 2242/2839/2242
f 2475/382/2475 2336/384/2336 2312/1062/2312
f 2494/1068/2494 2337/383/2337 2475/382/2475
f 2515/378/2515 2410/1078/2410 2375/1086/2375
f 2410/1078/2410 2516/1079/2516 2338/1084/2338
f 2516/1079/2516 2577/1080/2577 2338/1084/2338
# 7586 faces, 3638 coords texture

# End of File
